<?xml version="1.0" encoding="UTF-8"?>
<gpx creator="StravaGPX" version="1.1" xmlns="http://www.topografix.com/GPX/1/1" xmlns:xsi="http://www.w3.org/2001/XMLSchema-instance" xsi:schemaLocation="http://www.topografix.com/GPX/1/1 http://www.topografix.com/GPX/1/1/gpx.xsd">
 <metadata>
  <time>2024-09-04T14:04:02Z</time>
 </metadata>
 <trk>
  <name>island bike pack day 4: the final cream</name>
  <type>cycling</type>
  <trkseg>
   <trkpt lat="49.1820760" lon="-123.8572800">
    <ele>30.1</ele>
    <time>2024-09-04T14:04:02Z</time>
   </trkpt>
   <trkpt lat="49.1820770" lon="-123.8572830">
    <ele>30.1</ele>
    <time>2024-09-04T14:04:03Z</time>
   </trkpt>
   <trkpt lat="49.1820670" lon="-123.8573000">
    <ele>30.2</ele>
    <time>2024-09-04T14:04:04Z</time>
   </trkpt>
   <trkpt lat="49.1820710" lon="-123.8573010">
    <ele>30.2</ele>
    <time>2024-09-04T14:04:05Z</time>
   </trkpt>
   <trkpt lat="49.1820860" lon="-123.8573130">
    <ele>30.3</ele>
    <time>2024-09-04T14:04:06Z</time>
   </trkpt>
   <trkpt lat="49.1820880" lon="-123.8573250">
    <ele>30.3</ele>
    <time>2024-09-04T14:04:07Z</time>
   </trkpt>
   <trkpt lat="49.1820830" lon="-123.8573260">
    <ele>30.3</ele>
    <time>2024-09-04T14:04:08Z</time>
   </trkpt>
   <trkpt lat="49.1820830" lon="-123.8573180">
    <ele>30.3</ele>
    <time>2024-09-04T14:04:09Z</time>
   </trkpt>
   <trkpt lat="49.1820830" lon="-123.8572930">
    <ele>30.4</ele>
    <time>2024-09-04T14:04:10Z</time>
   </trkpt>
   <trkpt lat="49.1820830" lon="-123.8572790">
    <ele>30.5</ele>
    <time>2024-09-04T14:04:11Z</time>
   </trkpt>
   <trkpt lat="49.1820890" lon="-123.8572700">
    <ele>30.5</ele>
    <time>2024-09-04T14:04:12Z</time>
   </trkpt>
   <trkpt lat="49.1821040" lon="-123.8572310">
    <ele>30.6</ele>
    <time>2024-09-04T14:04:13Z</time>
   </trkpt>
   <trkpt lat="49.1821090" lon="-123.8572130">
    <ele>30.7</ele>
    <time>2024-09-04T14:04:14Z</time>
   </trkpt>
   <trkpt lat="49.1821150" lon="-123.8571640">
    <ele>30.8</ele>
    <time>2024-09-04T14:04:15Z</time>
   </trkpt>
   <trkpt lat="49.1821160" lon="-123.8571010">
    <ele>30.9</ele>
    <time>2024-09-04T14:04:16Z</time>
   </trkpt>
   <trkpt lat="49.1821190" lon="-123.8570710">
    <ele>31.0</ele>
    <time>2024-09-04T14:04:17Z</time>
   </trkpt>
   <trkpt lat="49.1821240" lon="-123.8570090">
    <ele>31.1</ele>
    <time>2024-09-04T14:04:18Z</time>
   </trkpt>
   <trkpt lat="49.1821300" lon="-123.8569430">
    <ele>31.3</ele>
    <time>2024-09-04T14:04:19Z</time>
   </trkpt>
   <trkpt lat="49.1821290" lon="-123.8568810">
    <ele>31.4</ele>
    <time>2024-09-04T14:04:20Z</time>
   </trkpt>
   <trkpt lat="49.1821270" lon="-123.8568090">
    <ele>31.6</ele>
    <time>2024-09-04T14:04:21Z</time>
   </trkpt>
   <trkpt lat="49.1821180" lon="-123.8567540">
    <ele>31.8</ele>
    <time>2024-09-04T14:04:22Z</time>
   </trkpt>
   <trkpt lat="49.1821190" lon="-123.8566890">
    <ele>32.0</ele>
    <time>2024-09-04T14:04:23Z</time>
   </trkpt>
   <trkpt lat="49.1821080" lon="-123.8566140">
    <ele>32.2</ele>
    <time>2024-09-04T14:04:24Z</time>
   </trkpt>
   <trkpt lat="49.1820880" lon="-123.8565640">
    <ele>32.4</ele>
    <time>2024-09-04T14:04:25Z</time>
   </trkpt>
   <trkpt lat="49.1820610" lon="-123.8565370">
    <ele>32.6</ele>
    <time>2024-09-04T14:04:26Z</time>
   </trkpt>
   <trkpt lat="49.1820440" lon="-123.8564800">
    <ele>32.9</ele>
    <time>2024-09-04T14:04:27Z</time>
   </trkpt>
   <trkpt lat="49.1820330" lon="-123.8564330">
    <ele>33.2</ele>
    <time>2024-09-04T14:04:28Z</time>
   </trkpt>
   <trkpt lat="49.1820220" lon="-123.8563790">
    <ele>33.5</ele>
    <time>2024-09-04T14:04:29Z</time>
   </trkpt>
   <trkpt lat="49.1820050" lon="-123.8563320">
    <ele>33.7</ele>
    <time>2024-09-04T14:04:30Z</time>
   </trkpt>
   <trkpt lat="49.1819820" lon="-123.8562850">
    <ele>34.1</ele>
    <time>2024-09-04T14:04:31Z</time>
   </trkpt>
   <trkpt lat="49.1819530" lon="-123.8562460">
    <ele>34.4</ele>
    <time>2024-09-04T14:04:32Z</time>
   </trkpt>
   <trkpt lat="49.1819290" lon="-123.8562100">
    <ele>34.7</ele>
    <time>2024-09-04T14:04:33Z</time>
   </trkpt>
   <trkpt lat="49.1819040" lon="-123.8561690">
    <ele>34.9</ele>
    <time>2024-09-04T14:04:34Z</time>
   </trkpt>
   <trkpt lat="49.1818720" lon="-123.8561270">
    <ele>35.2</ele>
    <time>2024-09-04T14:04:35Z</time>
   </trkpt>
   <trkpt lat="49.1818340" lon="-123.8560990">
    <ele>35.4</ele>
    <time>2024-09-04T14:04:36Z</time>
   </trkpt>
   <trkpt lat="49.1818010" lon="-123.8560680">
    <ele>35.7</ele>
    <time>2024-09-04T14:04:37Z</time>
   </trkpt>
   <trkpt lat="49.1817730" lon="-123.8560350">
    <ele>35.9</ele>
    <time>2024-09-04T14:04:38Z</time>
   </trkpt>
   <trkpt lat="49.1817350" lon="-123.8560250">
    <ele>36.1</ele>
    <time>2024-09-04T14:04:39Z</time>
   </trkpt>
   <trkpt lat="49.1816960" lon="-123.8560130">
    <ele>36.3</ele>
    <time>2024-09-04T14:04:40Z</time>
   </trkpt>
   <trkpt lat="49.1816690" lon="-123.8560080">
    <ele>36.5</ele>
    <time>2024-09-04T14:04:41Z</time>
   </trkpt>
   <trkpt lat="49.1816570" lon="-123.8560030">
    <ele>36.5</ele>
    <time>2024-09-04T14:04:42Z</time>
   </trkpt>
   <trkpt lat="49.1816500" lon="-123.8559980">
    <ele>36.6</ele>
    <time>2024-09-04T14:04:43Z</time>
   </trkpt>
   <trkpt lat="49.1816500" lon="-123.8559960">
    <ele>36.6</ele>
    <time>2024-09-04T14:04:44Z</time>
   </trkpt>
   <trkpt lat="49.1816430" lon="-123.8559850">
    <ele>36.6</ele>
    <time>2024-09-04T14:04:45Z</time>
   </trkpt>
   <trkpt lat="49.1816350" lon="-123.8559800">
    <ele>36.7</ele>
    <time>2024-09-04T14:04:46Z</time>
   </trkpt>
   <trkpt lat="49.1816080" lon="-123.8559760">
    <ele>36.8</ele>
    <time>2024-09-04T14:04:47Z</time>
   </trkpt>
   <trkpt lat="49.1815790" lon="-123.8559900">
    <ele>36.9</ele>
    <time>2024-09-04T14:04:48Z</time>
   </trkpt>
   <trkpt lat="49.1815530" lon="-123.8560300">
    <ele>37.0</ele>
    <time>2024-09-04T14:04:49Z</time>
   </trkpt>
   <trkpt lat="49.1815470" lon="-123.8560440">
    <ele>37.1</ele>
    <time>2024-09-04T14:04:50Z</time>
   </trkpt>
   <trkpt lat="49.1815190" lon="-123.8560740">
    <ele>37.2</ele>
    <time>2024-09-04T14:04:51Z</time>
   </trkpt>
   <trkpt lat="49.1815070" lon="-123.8560790">
    <ele>37.2</ele>
    <time>2024-09-04T14:04:52Z</time>
   </trkpt>
   <trkpt lat="49.1814800" lon="-123.8560710">
    <ele>37.1</ele>
    <time>2024-09-04T14:04:53Z</time>
   </trkpt>
   <trkpt lat="49.1814720" lon="-123.8560690">
    <ele>37.1</ele>
    <time>2024-09-04T14:04:54Z</time>
   </trkpt>
   <trkpt lat="49.1814650" lon="-123.8560720">
    <ele>37.1</ele>
    <time>2024-09-04T14:04:55Z</time>
   </trkpt>
   <trkpt lat="49.1814640" lon="-123.8560770">
    <ele>37.1</ele>
    <time>2024-09-04T14:04:56Z</time>
   </trkpt>
   <trkpt lat="49.1814530" lon="-123.8560820">
    <ele>37.1</ele>
    <time>2024-09-04T14:04:57Z</time>
   </trkpt>
   <trkpt lat="49.1814440" lon="-123.8560800">
    <ele>37.0</ele>
    <time>2024-09-04T14:04:58Z</time>
   </trkpt>
   <trkpt lat="49.1814190" lon="-123.8560670">
    <ele>36.9</ele>
    <time>2024-09-04T14:04:59Z</time>
   </trkpt>
   <trkpt lat="49.1814090" lon="-123.8560630">
    <ele>36.9</ele>
    <time>2024-09-04T14:05:00Z</time>
   </trkpt>
   <trkpt lat="49.1813740" lon="-123.8560480">
    <ele>36.7</ele>
    <time>2024-09-04T14:05:01Z</time>
   </trkpt>
   <trkpt lat="49.1813420" lon="-123.8560540">
    <ele>36.6</ele>
    <time>2024-09-04T14:05:02Z</time>
   </trkpt>
   <trkpt lat="49.1812990" lon="-123.8560830">
    <ele>36.3</ele>
    <time>2024-09-04T14:05:03Z</time>
   </trkpt>
   <trkpt lat="49.1812500" lon="-123.8561020">
    <ele>36.0</ele>
    <time>2024-09-04T14:05:04Z</time>
   </trkpt>
   <trkpt lat="49.1812070" lon="-123.8561270">
    <ele>35.6</ele>
    <time>2024-09-04T14:05:05Z</time>
   </trkpt>
   <trkpt lat="49.1811400" lon="-123.8561570">
    <ele>35.0</ele>
    <time>2024-09-04T14:05:06Z</time>
   </trkpt>
   <trkpt lat="49.1810690" lon="-123.8561940">
    <ele>34.4</ele>
    <time>2024-09-04T14:05:07Z</time>
   </trkpt>
   <trkpt lat="49.1810000" lon="-123.8562180">
    <ele>33.9</ele>
    <time>2024-09-04T14:05:08Z</time>
   </trkpt>
   <trkpt lat="49.1809210" lon="-123.8562550">
    <ele>33.3</ele>
    <time>2024-09-04T14:05:09Z</time>
   </trkpt>
   <trkpt lat="49.1808430" lon="-123.8563040">
    <ele>32.8</ele>
    <time>2024-09-04T14:05:10Z</time>
   </trkpt>
   <trkpt lat="49.1807790" lon="-123.8563530">
    <ele>32.6</ele>
    <time>2024-09-04T14:05:11Z</time>
   </trkpt>
   <trkpt lat="49.1807170" lon="-123.8563980">
    <ele>32.4</ele>
    <time>2024-09-04T14:05:12Z</time>
   </trkpt>
   <trkpt lat="49.1806560" lon="-123.8564510">
    <ele>32.4</ele>
    <time>2024-09-04T14:05:13Z</time>
   </trkpt>
   <trkpt lat="49.1806100" lon="-123.8564960">
    <ele>32.4</ele>
    <time>2024-09-04T14:05:14Z</time>
   </trkpt>
   <trkpt lat="49.1805420" lon="-123.8565500">
    <ele>32.4</ele>
    <time>2024-09-04T14:05:15Z</time>
   </trkpt>
   <trkpt lat="49.1804980" lon="-123.8566140">
    <ele>32.5</ele>
    <time>2024-09-04T14:05:16Z</time>
   </trkpt>
   <trkpt lat="49.1804580" lon="-123.8566600">
    <ele>32.5</ele>
    <time>2024-09-04T14:05:17Z</time>
   </trkpt>
   <trkpt lat="49.1804110" lon="-123.8567160">
    <ele>32.5</ele>
    <time>2024-09-04T14:05:18Z</time>
   </trkpt>
   <trkpt lat="49.1803710" lon="-123.8567960">
    <ele>32.4</ele>
    <time>2024-09-04T14:05:19Z</time>
   </trkpt>
   <trkpt lat="49.1803230" lon="-123.8568560">
    <ele>32.1</ele>
    <time>2024-09-04T14:05:20Z</time>
   </trkpt>
   <trkpt lat="49.1802790" lon="-123.8569280">
    <ele>31.7</ele>
    <time>2024-09-04T14:05:21Z</time>
   </trkpt>
   <trkpt lat="49.1802350" lon="-123.8570080">
    <ele>31.1</ele>
    <time>2024-09-04T14:05:22Z</time>
   </trkpt>
   <trkpt lat="49.1801880" lon="-123.8570850">
    <ele>30.4</ele>
    <time>2024-09-04T14:05:23Z</time>
   </trkpt>
   <trkpt lat="49.1801370" lon="-123.8571640">
    <ele>29.5</ele>
    <time>2024-09-04T14:05:24Z</time>
   </trkpt>
   <trkpt lat="49.1800750" lon="-123.8572500">
    <ele>28.4</ele>
    <time>2024-09-04T14:05:25Z</time>
   </trkpt>
   <trkpt lat="49.1800070" lon="-123.8573450">
    <ele>27.2</ele>
    <time>2024-09-04T14:05:26Z</time>
   </trkpt>
   <trkpt lat="49.1799270" lon="-123.8574290">
    <ele>26.2</ele>
    <time>2024-09-04T14:05:27Z</time>
   </trkpt>
   <trkpt lat="49.1798380" lon="-123.8574910">
    <ele>25.4</ele>
    <time>2024-09-04T14:05:28Z</time>
   </trkpt>
   <trkpt lat="49.1797460" lon="-123.8575210">
    <ele>25.0</ele>
    <time>2024-09-04T14:05:29Z</time>
   </trkpt>
   <trkpt lat="49.1796490" lon="-123.8575350">
    <ele>24.9</ele>
    <time>2024-09-04T14:05:30Z</time>
   </trkpt>
   <trkpt lat="49.1795640" lon="-123.8575410">
    <ele>25.0</ele>
    <time>2024-09-04T14:05:31Z</time>
   </trkpt>
   <trkpt lat="49.1794750" lon="-123.8575390">
    <ele>25.4</ele>
    <time>2024-09-04T14:05:32Z</time>
   </trkpt>
   <trkpt lat="49.1794050" lon="-123.8575230">
    <ele>26.0</ele>
    <time>2024-09-04T14:05:33Z</time>
   </trkpt>
   <trkpt lat="49.1793390" lon="-123.8575040">
    <ele>26.6</ele>
    <time>2024-09-04T14:05:34Z</time>
   </trkpt>
   <trkpt lat="49.1792800" lon="-123.8574860">
    <ele>27.2</ele>
    <time>2024-09-04T14:05:35Z</time>
   </trkpt>
   <trkpt lat="49.1792220" lon="-123.8574510">
    <ele>27.8</ele>
    <time>2024-09-04T14:05:36Z</time>
   </trkpt>
   <trkpt lat="49.1791760" lon="-123.8574030">
    <ele>28.4</ele>
    <time>2024-09-04T14:05:37Z</time>
   </trkpt>
   <trkpt lat="49.1791200" lon="-123.8573860">
    <ele>29.0</ele>
    <time>2024-09-04T14:05:38Z</time>
   </trkpt>
   <trkpt lat="49.1790830" lon="-123.8573460">
    <ele>29.5</ele>
    <time>2024-09-04T14:05:39Z</time>
   </trkpt>
   <trkpt lat="49.1790380" lon="-123.8573130">
    <ele>29.9</ele>
    <time>2024-09-04T14:05:40Z</time>
   </trkpt>
   <trkpt lat="49.1789890" lon="-123.8572610">
    <ele>30.4</ele>
    <time>2024-09-04T14:05:41Z</time>
   </trkpt>
   <trkpt lat="49.1789630" lon="-123.8572230">
    <ele>30.6</ele>
    <time>2024-09-04T14:05:42Z</time>
   </trkpt>
   <trkpt lat="49.1789250" lon="-123.8571910">
    <ele>30.8</ele>
    <time>2024-09-04T14:05:43Z</time>
   </trkpt>
   <trkpt lat="49.1788900" lon="-123.8571450">
    <ele>30.9</ele>
    <time>2024-09-04T14:05:44Z</time>
   </trkpt>
   <trkpt lat="49.1788490" lon="-123.8571030">
    <ele>31.0</ele>
    <time>2024-09-04T14:05:45Z</time>
   </trkpt>
   <trkpt lat="49.1788130" lon="-123.8570560">
    <ele>31.0</ele>
    <time>2024-09-04T14:05:46Z</time>
   </trkpt>
   <trkpt lat="49.1787800" lon="-123.8570080">
    <ele>31.0</ele>
    <time>2024-09-04T14:05:47Z</time>
   </trkpt>
   <trkpt lat="49.1787330" lon="-123.8569600">
    <ele>31.0</ele>
    <time>2024-09-04T14:05:48Z</time>
   </trkpt>
   <trkpt lat="49.1786850" lon="-123.8569240">
    <ele>31.0</ele>
    <time>2024-09-04T14:05:49Z</time>
   </trkpt>
   <trkpt lat="49.1786360" lon="-123.8568770">
    <ele>31.0</ele>
    <time>2024-09-04T14:05:50Z</time>
   </trkpt>
   <trkpt lat="49.1785890" lon="-123.8568290">
    <ele>31.0</ele>
    <time>2024-09-04T14:05:51Z</time>
   </trkpt>
   <trkpt lat="49.1785560" lon="-123.8567780">
    <ele>31.0</ele>
    <time>2024-09-04T14:05:52Z</time>
   </trkpt>
   <trkpt lat="49.1785160" lon="-123.8567270">
    <ele>30.9</ele>
    <time>2024-09-04T14:05:53Z</time>
   </trkpt>
   <trkpt lat="49.1784790" lon="-123.8566800">
    <ele>30.9</ele>
    <time>2024-09-04T14:05:54Z</time>
   </trkpt>
   <trkpt lat="49.1784380" lon="-123.8566310">
    <ele>30.9</ele>
    <time>2024-09-04T14:05:55Z</time>
   </trkpt>
   <trkpt lat="49.1783890" lon="-123.8565760">
    <ele>30.9</ele>
    <time>2024-09-04T14:05:56Z</time>
   </trkpt>
   <trkpt lat="49.1783470" lon="-123.8565260">
    <ele>30.8</ele>
    <time>2024-09-04T14:05:57Z</time>
   </trkpt>
   <trkpt lat="49.1783080" lon="-123.8564750">
    <ele>30.8</ele>
    <time>2024-09-04T14:05:58Z</time>
   </trkpt>
   <trkpt lat="49.1782660" lon="-123.8564230">
    <ele>30.8</ele>
    <time>2024-09-04T14:05:59Z</time>
   </trkpt>
   <trkpt lat="49.1782260" lon="-123.8563760">
    <ele>30.8</ele>
    <time>2024-09-04T14:06:00Z</time>
   </trkpt>
   <trkpt lat="49.1781800" lon="-123.8563270">
    <ele>30.8</ele>
    <time>2024-09-04T14:06:01Z</time>
   </trkpt>
   <trkpt lat="49.1781390" lon="-123.8562900">
    <ele>30.7</ele>
    <time>2024-09-04T14:06:02Z</time>
   </trkpt>
   <trkpt lat="49.1781000" lon="-123.8562530">
    <ele>30.7</ele>
    <time>2024-09-04T14:06:03Z</time>
   </trkpt>
   <trkpt lat="49.1780510" lon="-123.8562020">
    <ele>30.7</ele>
    <time>2024-09-04T14:06:04Z</time>
   </trkpt>
   <trkpt lat="49.1780150" lon="-123.8561570">
    <ele>30.7</ele>
    <time>2024-09-04T14:06:05Z</time>
   </trkpt>
   <trkpt lat="49.1779730" lon="-123.8561100">
    <ele>30.6</ele>
    <time>2024-09-04T14:06:06Z</time>
   </trkpt>
   <trkpt lat="49.1779270" lon="-123.8560660">
    <ele>30.6</ele>
    <time>2024-09-04T14:06:07Z</time>
   </trkpt>
   <trkpt lat="49.1778840" lon="-123.8560240">
    <ele>30.5</ele>
    <time>2024-09-04T14:06:08Z</time>
   </trkpt>
   <trkpt lat="49.1778430" lon="-123.8559860">
    <ele>30.4</ele>
    <time>2024-09-04T14:06:09Z</time>
   </trkpt>
   <trkpt lat="49.1777910" lon="-123.8559370">
    <ele>30.2</ele>
    <time>2024-09-04T14:06:10Z</time>
   </trkpt>
   <trkpt lat="49.1777480" lon="-123.8558960">
    <ele>30.0</ele>
    <time>2024-09-04T14:06:11Z</time>
   </trkpt>
   <trkpt lat="49.1777100" lon="-123.8558620">
    <ele>29.8</ele>
    <time>2024-09-04T14:06:12Z</time>
   </trkpt>
   <trkpt lat="49.1776660" lon="-123.8558030">
    <ele>29.5</ele>
    <time>2024-09-04T14:06:13Z</time>
   </trkpt>
   <trkpt lat="49.1776200" lon="-123.8557530">
    <ele>29.2</ele>
    <time>2024-09-04T14:06:14Z</time>
   </trkpt>
   <trkpt lat="49.1775630" lon="-123.8557100">
    <ele>28.8</ele>
    <time>2024-09-04T14:06:15Z</time>
   </trkpt>
   <trkpt lat="49.1775080" lon="-123.8556590">
    <ele>28.4</ele>
    <time>2024-09-04T14:06:16Z</time>
   </trkpt>
   <trkpt lat="49.1774580" lon="-123.8556070">
    <ele>28.1</ele>
    <time>2024-09-04T14:06:17Z</time>
   </trkpt>
   <trkpt lat="49.1774110" lon="-123.8555390">
    <ele>27.7</ele>
    <time>2024-09-04T14:06:18Z</time>
   </trkpt>
   <trkpt lat="49.1773530" lon="-123.8554800">
    <ele>27.5</ele>
    <time>2024-09-04T14:06:19Z</time>
   </trkpt>
   <trkpt lat="49.1772990" lon="-123.8554390">
    <ele>27.4</ele>
    <time>2024-09-04T14:06:20Z</time>
   </trkpt>
   <trkpt lat="49.1772500" lon="-123.8553840">
    <ele>27.3</ele>
    <time>2024-09-04T14:06:21Z</time>
   </trkpt>
   <trkpt lat="49.1771930" lon="-123.8553340">
    <ele>27.4</ele>
    <time>2024-09-04T14:06:22Z</time>
   </trkpt>
   <trkpt lat="49.1771410" lon="-123.8552750">
    <ele>27.6</ele>
    <time>2024-09-04T14:06:23Z</time>
   </trkpt>
   <trkpt lat="49.1770880" lon="-123.8552370">
    <ele>27.9</ele>
    <time>2024-09-04T14:06:24Z</time>
   </trkpt>
   <trkpt lat="49.1770480" lon="-123.8552550">
    <ele>28.2</ele>
    <time>2024-09-04T14:06:25Z</time>
   </trkpt>
   <trkpt lat="49.1770020" lon="-123.8552560">
    <ele>28.6</ele>
    <time>2024-09-04T14:06:26Z</time>
   </trkpt>
   <trkpt lat="49.1769450" lon="-123.8552630">
    <ele>29.2</ele>
    <time>2024-09-04T14:06:27Z</time>
   </trkpt>
   <trkpt lat="49.1769070" lon="-123.8552590">
    <ele>29.6</ele>
    <time>2024-09-04T14:06:28Z</time>
   </trkpt>
   <trkpt lat="49.1768640" lon="-123.8552780">
    <ele>30.1</ele>
    <time>2024-09-04T14:06:29Z</time>
   </trkpt>
   <trkpt lat="49.1768250" lon="-123.8552890">
    <ele>30.5</ele>
    <time>2024-09-04T14:06:30Z</time>
   </trkpt>
   <trkpt lat="49.1767930" lon="-123.8553130">
    <ele>30.9</ele>
    <time>2024-09-04T14:06:31Z</time>
   </trkpt>
   <trkpt lat="49.1767710" lon="-123.8553380">
    <ele>30.9</ele>
    <time>2024-09-04T14:06:32Z</time>
   </trkpt>
   <trkpt lat="49.1767380" lon="-123.8553630">
    <ele>30.4</ele>
    <time>2024-09-04T14:06:33Z</time>
   </trkpt>
   <trkpt lat="49.1767280" lon="-123.8554040">
    <ele>30.1</ele>
    <time>2024-09-04T14:06:34Z</time>
   </trkpt>
   <trkpt lat="49.1767210" lon="-123.8554500">
    <ele>29.8</ele>
    <time>2024-09-04T14:06:35Z</time>
   </trkpt>
   <trkpt lat="49.1767040" lon="-123.8555110">
    <ele>29.3</ele>
    <time>2024-09-04T14:06:36Z</time>
   </trkpt>
   <trkpt lat="49.1766800" lon="-123.8555740">
    <ele>28.9</ele>
    <time>2024-09-04T14:06:37Z</time>
   </trkpt>
   <trkpt lat="49.1766630" lon="-123.8556400">
    <ele>28.4</ele>
    <time>2024-09-04T14:06:38Z</time>
   </trkpt>
   <trkpt lat="49.1766560" lon="-123.8557060">
    <ele>28.0</ele>
    <time>2024-09-04T14:06:39Z</time>
   </trkpt>
   <trkpt lat="49.1766340" lon="-123.8557810">
    <ele>27.5</ele>
    <time>2024-09-04T14:06:40Z</time>
   </trkpt>
   <trkpt lat="49.1766310" lon="-123.8558420">
    <ele>27.2</ele>
    <time>2024-09-04T14:06:41Z</time>
   </trkpt>
   <trkpt lat="49.1766320" lon="-123.8559110">
    <ele>26.9</ele>
    <time>2024-09-04T14:06:42Z</time>
   </trkpt>
   <trkpt lat="49.1766390" lon="-123.8559850">
    <ele>26.5</ele>
    <time>2024-09-04T14:06:43Z</time>
   </trkpt>
   <trkpt lat="49.1766620" lon="-123.8560610">
    <ele>26.1</ele>
    <time>2024-09-04T14:06:44Z</time>
   </trkpt>
   <trkpt lat="49.1766910" lon="-123.8561330">
    <ele>25.6</ele>
    <time>2024-09-04T14:06:45Z</time>
   </trkpt>
   <trkpt lat="49.1767180" lon="-123.8562080">
    <ele>25.3</ele>
    <time>2024-09-04T14:06:46Z</time>
   </trkpt>
   <trkpt lat="49.1767420" lon="-123.8562900">
    <ele>24.9</ele>
    <time>2024-09-04T14:06:47Z</time>
   </trkpt>
   <trkpt lat="49.1767760" lon="-123.8563640">
    <ele>24.6</ele>
    <time>2024-09-04T14:06:48Z</time>
   </trkpt>
   <trkpt lat="49.1768100" lon="-123.8564360">
    <ele>24.2</ele>
    <time>2024-09-04T14:06:49Z</time>
   </trkpt>
   <trkpt lat="49.1768400" lon="-123.8565080">
    <ele>23.9</ele>
    <time>2024-09-04T14:06:50Z</time>
   </trkpt>
   <trkpt lat="49.1768790" lon="-123.8565740">
    <ele>23.5</ele>
    <time>2024-09-04T14:06:51Z</time>
   </trkpt>
   <trkpt lat="49.1769170" lon="-123.8566480">
    <ele>23.1</ele>
    <time>2024-09-04T14:06:52Z</time>
   </trkpt>
   <trkpt lat="49.1769520" lon="-123.8567120">
    <ele>22.8</ele>
    <time>2024-09-04T14:06:53Z</time>
   </trkpt>
   <trkpt lat="49.1769860" lon="-123.8567700">
    <ele>22.4</ele>
    <time>2024-09-04T14:06:54Z</time>
   </trkpt>
   <trkpt lat="49.1770170" lon="-123.8568320">
    <ele>22.1</ele>
    <time>2024-09-04T14:06:55Z</time>
   </trkpt>
   <trkpt lat="49.1770490" lon="-123.8568930">
    <ele>21.7</ele>
    <time>2024-09-04T14:06:56Z</time>
   </trkpt>
   <trkpt lat="49.1770740" lon="-123.8569530">
    <ele>21.4</ele>
    <time>2024-09-04T14:06:57Z</time>
   </trkpt>
   <trkpt lat="49.1770980" lon="-123.8570120">
    <ele>21.1</ele>
    <time>2024-09-04T14:06:58Z</time>
   </trkpt>
   <trkpt lat="49.1771240" lon="-123.8570610">
    <ele>20.8</ele>
    <time>2024-09-04T14:06:59Z</time>
   </trkpt>
   <trkpt lat="49.1771470" lon="-123.8571080">
    <ele>20.5</ele>
    <time>2024-09-04T14:07:00Z</time>
   </trkpt>
   <trkpt lat="49.1771660" lon="-123.8571450">
    <ele>20.3</ele>
    <time>2024-09-04T14:07:01Z</time>
   </trkpt>
   <trkpt lat="49.1771870" lon="-123.8571970">
    <ele>20.1</ele>
    <time>2024-09-04T14:07:02Z</time>
   </trkpt>
   <trkpt lat="49.1771930" lon="-123.8572130">
    <ele>20.0</ele>
    <time>2024-09-04T14:07:03Z</time>
   </trkpt>
   <trkpt lat="49.1772080" lon="-123.8572480">
    <ele>19.8</ele>
    <time>2024-09-04T14:07:04Z</time>
   </trkpt>
   <trkpt lat="49.1772120" lon="-123.8572600">
    <ele>19.7</ele>
    <time>2024-09-04T14:07:05Z</time>
   </trkpt>
   <trkpt lat="49.1772220" lon="-123.8572890">
    <ele>19.6</ele>
    <time>2024-09-04T14:07:06Z</time>
   </trkpt>
   <trkpt lat="49.1772300" lon="-123.8572990">
    <ele>19.5</ele>
    <time>2024-09-04T14:07:07Z</time>
   </trkpt>
   <trkpt lat="49.1772380" lon="-123.8573080">
    <ele>19.5</ele>
    <time>2024-09-04T14:07:08Z</time>
   </trkpt>
   <trkpt lat="49.1772520" lon="-123.8573230">
    <ele>19.3</ele>
    <time>2024-09-04T14:07:09Z</time>
   </trkpt>
   <trkpt lat="49.1772610" lon="-123.8573400">
    <ele>19.3</ele>
    <time>2024-09-04T14:07:10Z</time>
   </trkpt>
   <trkpt lat="49.1772670" lon="-123.8573620">
    <ele>19.2</ele>
    <time>2024-09-04T14:07:11Z</time>
   </trkpt>
   <trkpt lat="49.1772730" lon="-123.8573840">
    <ele>19.1</ele>
    <time>2024-09-04T14:07:12Z</time>
   </trkpt>
   <trkpt lat="49.1772790" lon="-123.8574030">
    <ele>19.0</ele>
    <time>2024-09-04T14:07:13Z</time>
   </trkpt>
   <trkpt lat="49.1772880" lon="-123.8574230">
    <ele>18.9</ele>
    <time>2024-09-04T14:07:14Z</time>
   </trkpt>
   <trkpt lat="49.1772990" lon="-123.8574540">
    <ele>18.7</ele>
    <time>2024-09-04T14:07:15Z</time>
   </trkpt>
   <trkpt lat="49.1773020" lon="-123.8574640">
    <ele>18.7</ele>
    <time>2024-09-04T14:07:16Z</time>
   </trkpt>
   <trkpt lat="49.1773050" lon="-123.8574750">
    <ele>18.6</ele>
    <time>2024-09-04T14:07:17Z</time>
   </trkpt>
   <trkpt lat="49.1773140" lon="-123.8575030">
    <ele>18.5</ele>
    <time>2024-09-04T14:07:18Z</time>
   </trkpt>
   <trkpt lat="49.1773150" lon="-123.8575160">
    <ele>18.5</ele>
    <time>2024-09-04T14:07:19Z</time>
   </trkpt>
   <trkpt lat="49.1773170" lon="-123.8575280">
    <ele>18.4</ele>
    <time>2024-09-04T14:07:20Z</time>
   </trkpt>
   <trkpt lat="49.1773090" lon="-123.8575500">
    <ele>18.3</ele>
    <time>2024-09-04T14:07:21Z</time>
   </trkpt>
   <trkpt lat="49.1772920" lon="-123.8575570">
    <ele>18.2</ele>
    <time>2024-09-04T14:07:22Z</time>
   </trkpt>
   <trkpt lat="49.1772790" lon="-123.8575610">
    <ele>18.1</ele>
    <time>2024-09-04T14:07:23Z</time>
   </trkpt>
   <trkpt lat="49.1772640" lon="-123.8575530">
    <ele>18.0</ele>
    <time>2024-09-04T14:07:24Z</time>
   </trkpt>
   <trkpt lat="49.1772520" lon="-123.8575370">
    <ele>18.0</ele>
    <time>2024-09-04T14:07:25Z</time>
   </trkpt>
   <trkpt lat="49.1772450" lon="-123.8575190">
    <ele>17.9</ele>
    <time>2024-09-04T14:07:26Z</time>
   </trkpt>
   <trkpt lat="49.1772380" lon="-123.8574990">
    <ele>17.8</ele>
    <time>2024-09-04T14:07:27Z</time>
   </trkpt>
   <trkpt lat="49.1772370" lon="-123.8574780">
    <ele>17.7</ele>
    <time>2024-09-04T14:07:28Z</time>
   </trkpt>
   <trkpt lat="49.1772260" lon="-123.8574500">
    <ele>17.6</ele>
    <time>2024-09-04T14:07:29Z</time>
   </trkpt>
   <trkpt lat="49.1772200" lon="-123.8574370">
    <ele>17.5</ele>
    <time>2024-09-04T14:07:30Z</time>
   </trkpt>
   <trkpt lat="49.1772130" lon="-123.8574250">
    <ele>17.5</ele>
    <time>2024-09-04T14:07:31Z</time>
   </trkpt>
   <trkpt lat="49.1771990" lon="-123.8574030">
    <ele>17.4</ele>
    <time>2024-09-04T14:07:32Z</time>
   </trkpt>
   <trkpt lat="49.1771980" lon="-123.8573950">
    <ele>17.3</ele>
    <time>2024-09-04T14:10:51Z</time>
   </trkpt>
   <trkpt lat="49.1771970" lon="-123.8573880">
    <ele>17.3</ele>
    <time>2024-09-04T14:10:52Z</time>
   </trkpt>
   <trkpt lat="49.1771960" lon="-123.8573800">
    <ele>17.3</ele>
    <time>2024-09-04T14:10:53Z</time>
   </trkpt>
   <trkpt lat="49.1771950" lon="-123.8573730">
    <ele>17.3</ele>
    <time>2024-09-04T14:10:54Z</time>
   </trkpt>
   <trkpt lat="49.1771930" lon="-123.8573660">
    <ele>17.2</ele>
    <time>2024-09-04T14:10:55Z</time>
   </trkpt>
   <trkpt lat="49.1771920" lon="-123.8573580">
    <ele>17.2</ele>
    <time>2024-09-04T14:10:56Z</time>
   </trkpt>
   <trkpt lat="49.1771910" lon="-123.8573510">
    <ele>17.2</ele>
    <time>2024-09-04T14:10:57Z</time>
   </trkpt>
   <trkpt lat="49.1771900" lon="-123.8573430">
    <ele>17.2</ele>
    <time>2024-09-04T14:10:58Z</time>
   </trkpt>
   <trkpt lat="49.1771890" lon="-123.8573360">
    <ele>17.1</ele>
    <time>2024-09-04T14:10:59Z</time>
   </trkpt>
   <trkpt lat="49.1771880" lon="-123.8573290">
    <ele>17.1</ele>
    <time>2024-09-04T14:11:00Z</time>
   </trkpt>
   <trkpt lat="49.1771870" lon="-123.8573210">
    <ele>17.1</ele>
    <time>2024-09-04T14:12:52Z</time>
   </trkpt>
   <trkpt lat="49.1771850" lon="-123.8573140">
    <ele>17.1</ele>
    <time>2024-09-04T14:12:53Z</time>
   </trkpt>
   <trkpt lat="49.1771840" lon="-123.8573060">
    <ele>17.0</ele>
    <time>2024-09-04T14:12:54Z</time>
   </trkpt>
   <trkpt lat="49.1771830" lon="-123.8572990">
    <ele>17.0</ele>
    <time>2024-09-04T14:12:55Z</time>
   </trkpt>
   <trkpt lat="49.1771820" lon="-123.8572920">
    <ele>17.0</ele>
    <time>2024-09-04T14:12:56Z</time>
   </trkpt>
   <trkpt lat="49.1771990" lon="-123.8573320">
    <ele>16.8</ele>
    <time>2024-09-04T14:12:57Z</time>
   </trkpt>
   <trkpt lat="49.1772110" lon="-123.8573740">
    <ele>16.7</ele>
    <time>2024-09-04T14:12:58Z</time>
   </trkpt>
   <trkpt lat="49.1772290" lon="-123.8574250">
    <ele>16.4</ele>
    <time>2024-09-04T14:12:59Z</time>
   </trkpt>
   <trkpt lat="49.1772640" lon="-123.8574770">
    <ele>16.2</ele>
    <time>2024-09-04T14:13:00Z</time>
   </trkpt>
   <trkpt lat="49.1773110" lon="-123.8575040">
    <ele>15.9</ele>
    <time>2024-09-04T14:13:01Z</time>
   </trkpt>
   <trkpt lat="49.1773490" lon="-123.8575440">
    <ele>15.7</ele>
    <time>2024-09-04T14:13:02Z</time>
   </trkpt>
   <trkpt lat="49.1773750" lon="-123.8576150">
    <ele>15.4</ele>
    <time>2024-09-04T14:13:03Z</time>
   </trkpt>
   <trkpt lat="49.1773890" lon="-123.8576860">
    <ele>15.2</ele>
    <time>2024-09-04T14:13:04Z</time>
   </trkpt>
   <trkpt lat="49.1774110" lon="-123.8577520">
    <ele>15.0</ele>
    <time>2024-09-04T14:13:05Z</time>
   </trkpt>
   <trkpt lat="49.1774350" lon="-123.8578140">
    <ele>14.7</ele>
    <time>2024-09-04T14:13:06Z</time>
   </trkpt>
   <trkpt lat="49.1774570" lon="-123.8578750">
    <ele>14.3</ele>
    <time>2024-09-04T14:13:07Z</time>
   </trkpt>
   <trkpt lat="49.1774780" lon="-123.8579250">
    <ele>13.8</ele>
    <time>2024-09-04T14:13:08Z</time>
   </trkpt>
   <trkpt lat="49.1774990" lon="-123.8579670">
    <ele>13.5</ele>
    <time>2024-09-04T14:13:09Z</time>
   </trkpt>
   <trkpt lat="49.1775210" lon="-123.8580060">
    <ele>13.1</ele>
    <time>2024-09-04T14:13:10Z</time>
   </trkpt>
   <trkpt lat="49.1775420" lon="-123.8580340">
    <ele>12.8</ele>
    <time>2024-09-04T14:13:11Z</time>
   </trkpt>
   <trkpt lat="49.1775670" lon="-123.8580540">
    <ele>12.5</ele>
    <time>2024-09-04T14:13:12Z</time>
   </trkpt>
   <trkpt lat="49.1776030" lon="-123.8580750">
    <ele>12.1</ele>
    <time>2024-09-04T14:13:13Z</time>
   </trkpt>
   <trkpt lat="49.1776190" lon="-123.8580840">
    <ele>11.9</ele>
    <time>2024-09-04T14:13:14Z</time>
   </trkpt>
   <trkpt lat="49.1776420" lon="-123.8581050">
    <ele>11.6</ele>
    <time>2024-09-04T14:13:15Z</time>
   </trkpt>
   <trkpt lat="49.1776690" lon="-123.8581410">
    <ele>11.3</ele>
    <time>2024-09-04T14:13:16Z</time>
   </trkpt>
   <trkpt lat="49.1776770" lon="-123.8581510">
    <ele>11.2</ele>
    <time>2024-09-04T14:13:17Z</time>
   </trkpt>
   <trkpt lat="49.1776780" lon="-123.8581540">
    <ele>11.2</ele>
    <time>2024-09-04T14:13:18Z</time>
   </trkpt>
   <trkpt lat="49.1776690" lon="-123.8581460">
    <ele>11.3</ele>
    <time>2024-09-04T14:13:19Z</time>
   </trkpt>
   <trkpt lat="49.1776590" lon="-123.8581380">
    <ele>11.4</ele>
    <time>2024-09-04T14:13:20Z</time>
   </trkpt>
   <trkpt lat="49.1776500" lon="-123.8581290">
    <ele>11.5</ele>
    <time>2024-09-04T14:13:21Z</time>
   </trkpt>
   <trkpt lat="49.1776400" lon="-123.8581210">
    <ele>11.6</ele>
    <time>2024-09-04T14:13:22Z</time>
   </trkpt>
   <trkpt lat="49.1776310" lon="-123.8581120">
    <ele>11.7</ele>
    <time>2024-09-04T14:13:23Z</time>
   </trkpt>
   <trkpt lat="49.1776220" lon="-123.8581040">
    <ele>11.8</ele>
    <time>2024-09-04T14:13:24Z</time>
   </trkpt>
   <trkpt lat="49.1776120" lon="-123.8580950">
    <ele>11.9</ele>
    <time>2024-09-04T14:13:25Z</time>
   </trkpt>
   <trkpt lat="49.1776030" lon="-123.8580870">
    <ele>12.0</ele>
    <time>2024-09-04T14:13:26Z</time>
   </trkpt>
   <trkpt lat="49.1775940" lon="-123.8580780">
    <ele>12.2</ele>
    <time>2024-09-04T14:13:27Z</time>
   </trkpt>
   <trkpt lat="49.1775840" lon="-123.8580700">
    <ele>12.3</ele>
    <time>2024-09-04T14:13:28Z</time>
   </trkpt>
   <trkpt lat="49.1775750" lon="-123.8580620">
    <ele>12.4</ele>
    <time>2024-09-04T14:13:29Z</time>
   </trkpt>
   <trkpt lat="49.1775660" lon="-123.8580530">
    <ele>12.5</ele>
    <time>2024-09-04T14:13:30Z</time>
   </trkpt>
   <trkpt lat="49.1775560" lon="-123.8580450">
    <ele>12.6</ele>
    <time>2024-09-04T14:14:01Z</time>
   </trkpt>
   <trkpt lat="49.1775470" lon="-123.8580360">
    <ele>12.7</ele>
    <time>2024-09-04T14:14:02Z</time>
   </trkpt>
   <trkpt lat="49.1775150" lon="-123.8580260">
    <ele>13.1</ele>
    <time>2024-09-04T14:14:03Z</time>
   </trkpt>
   <trkpt lat="49.1774830" lon="-123.8579830">
    <ele>13.5</ele>
    <time>2024-09-04T14:14:04Z</time>
   </trkpt>
   <trkpt lat="49.1774680" lon="-123.8579450">
    <ele>13.8</ele>
    <time>2024-09-04T14:14:05Z</time>
   </trkpt>
   <trkpt lat="49.1774390" lon="-123.8579020">
    <ele>14.3</ele>
    <time>2024-09-04T14:14:06Z</time>
   </trkpt>
   <trkpt lat="49.1774250" lon="-123.8578780">
    <ele>14.5</ele>
    <time>2024-09-04T14:14:07Z</time>
   </trkpt>
   <trkpt lat="49.1774100" lon="-123.8578290">
    <ele>14.8</ele>
    <time>2024-09-04T14:14:08Z</time>
   </trkpt>
   <trkpt lat="49.1773900" lon="-123.8577740">
    <ele>15.0</ele>
    <time>2024-09-04T14:14:09Z</time>
   </trkpt>
   <trkpt lat="49.1773730" lon="-123.8577110">
    <ele>15.2</ele>
    <time>2024-09-04T14:14:10Z</time>
   </trkpt>
   <trkpt lat="49.1773610" lon="-123.8576870">
    <ele>15.3</ele>
    <time>2024-09-04T14:14:11Z</time>
   </trkpt>
   <trkpt lat="49.1773310" lon="-123.8576500">
    <ele>15.5</ele>
    <time>2024-09-04T14:14:12Z</time>
   </trkpt>
   <trkpt lat="49.1773100" lon="-123.8576110">
    <ele>15.7</ele>
    <time>2024-09-04T14:14:13Z</time>
   </trkpt>
   <trkpt lat="49.1772850" lon="-123.8575760">
    <ele>15.8</ele>
    <time>2024-09-04T14:14:14Z</time>
   </trkpt>
   <trkpt lat="49.1772730" lon="-123.8575630">
    <ele>15.9</ele>
    <time>2024-09-04T14:14:15Z</time>
   </trkpt>
   <trkpt lat="49.1772680" lon="-123.8575210">
    <ele>16.1</ele>
    <time>2024-09-04T14:14:16Z</time>
   </trkpt>
   <trkpt lat="49.1772470" lon="-123.8574590">
    <ele>16.3</ele>
    <time>2024-09-04T14:14:17Z</time>
   </trkpt>
   <trkpt lat="49.1772100" lon="-123.8574180">
    <ele>16.6</ele>
    <time>2024-09-04T14:14:18Z</time>
   </trkpt>
   <trkpt lat="49.1771940" lon="-123.8573720">
    <ele>16.8</ele>
    <time>2024-09-04T14:14:19Z</time>
   </trkpt>
   <trkpt lat="49.1771640" lon="-123.8573260">
    <ele>17.0</ele>
    <time>2024-09-04T14:14:20Z</time>
   </trkpt>
   <trkpt lat="49.1771420" lon="-123.8572960">
    <ele>17.2</ele>
    <time>2024-09-04T14:14:21Z</time>
   </trkpt>
   <trkpt lat="49.1771270" lon="-123.8572530">
    <ele>17.4</ele>
    <time>2024-09-04T14:14:22Z</time>
   </trkpt>
   <trkpt lat="49.1771010" lon="-123.8572210">
    <ele>17.6</ele>
    <time>2024-09-04T14:14:23Z</time>
   </trkpt>
   <trkpt lat="49.1770960" lon="-123.8572090">
    <ele>17.7</ele>
    <time>2024-09-04T14:14:24Z</time>
   </trkpt>
   <trkpt lat="49.1770910" lon="-123.8572040">
    <ele>17.7</ele>
    <time>2024-09-04T14:14:25Z</time>
   </trkpt>
   <trkpt lat="49.1770760" lon="-123.8572230">
    <ele>17.9</ele>
    <time>2024-09-04T14:14:26Z</time>
   </trkpt>
   <trkpt lat="49.1770770" lon="-123.8572450">
    <ele>17.8</ele>
    <time>2024-09-04T14:14:27Z</time>
   </trkpt>
   <trkpt lat="49.1770870" lon="-123.8572480">
    <ele>17.8</ele>
    <time>2024-09-04T14:14:28Z</time>
   </trkpt>
   <trkpt lat="49.1770890" lon="-123.8572570">
    <ele>17.7</ele>
    <time>2024-09-04T14:14:29Z</time>
   </trkpt>
   <trkpt lat="49.1770900" lon="-123.8572570">
    <ele>17.7</ele>
    <time>2024-09-04T14:14:30Z</time>
   </trkpt>
   <trkpt lat="49.1770850" lon="-123.8572600">
    <ele>17.7</ele>
    <time>2024-09-04T14:14:31Z</time>
   </trkpt>
   <trkpt lat="49.1770860" lon="-123.8572610">
    <ele>17.7</ele>
    <time>2024-09-04T14:14:32Z</time>
   </trkpt>
   <trkpt lat="49.1770900" lon="-123.8572620">
    <ele>17.6</ele>
    <time>2024-09-04T14:14:33Z</time>
   </trkpt>
   <trkpt lat="49.1770960" lon="-123.8572600">
    <ele>17.6</ele>
    <time>2024-09-04T14:14:34Z</time>
   </trkpt>
   <trkpt lat="49.1770970" lon="-123.8572620">
    <ele>17.6</ele>
    <time>2024-09-04T14:14:35Z</time>
   </trkpt>
   <trkpt lat="49.1770990" lon="-123.8572680">
    <ele>17.5</ele>
    <time>2024-09-04T14:14:36Z</time>
   </trkpt>
   <trkpt lat="49.1771060" lon="-123.8572670">
    <ele>17.5</ele>
    <time>2024-09-04T14:14:37Z</time>
   </trkpt>
   <trkpt lat="49.1771320" lon="-123.8572930">
    <ele>17.3</ele>
    <time>2024-09-04T14:14:38Z</time>
   </trkpt>
   <trkpt lat="49.1771590" lon="-123.8573310">
    <ele>17.0</ele>
    <time>2024-09-04T14:15:40Z</time>
   </trkpt>
   <trkpt lat="49.1771870" lon="-123.8573690">
    <ele>16.8</ele>
    <time>2024-09-04T14:15:41Z</time>
   </trkpt>
   <trkpt lat="49.1772140" lon="-123.8574070">
    <ele>16.6</ele>
    <time>2024-09-04T14:15:42Z</time>
   </trkpt>
   <trkpt lat="49.1772320" lon="-123.8574500">
    <ele>16.4</ele>
    <time>2024-09-04T14:15:43Z</time>
   </trkpt>
   <trkpt lat="49.1772360" lon="-123.8574590">
    <ele>16.3</ele>
    <time>2024-09-04T14:15:44Z</time>
   </trkpt>
   <trkpt lat="49.1772400" lon="-123.8574680">
    <ele>16.3</ele>
    <time>2024-09-04T14:15:45Z</time>
   </trkpt>
   <trkpt lat="49.1772440" lon="-123.8574770">
    <ele>16.3</ele>
    <time>2024-09-04T14:15:46Z</time>
   </trkpt>
   <trkpt lat="49.1772560" lon="-123.8575020">
    <ele>16.2</ele>
    <time>2024-09-04T14:15:47Z</time>
   </trkpt>
   <trkpt lat="49.1772610" lon="-123.8575100">
    <ele>16.2</ele>
    <time>2024-09-04T14:15:48Z</time>
   </trkpt>
   <trkpt lat="49.1772690" lon="-123.8575350">
    <ele>16.1</ele>
    <time>2024-09-04T14:15:49Z</time>
   </trkpt>
   <trkpt lat="49.1772730" lon="-123.8575480">
    <ele>16.1</ele>
    <time>2024-09-04T14:15:50Z</time>
   </trkpt>
   <trkpt lat="49.1772840" lon="-123.8575650">
    <ele>16.0</ele>
    <time>2024-09-04T14:15:51Z</time>
   </trkpt>
   <trkpt lat="49.1772880" lon="-123.8575860">
    <ele>16.0</ele>
    <time>2024-09-04T14:15:52Z</time>
   </trkpt>
   <trkpt lat="49.1772940" lon="-123.8576060">
    <ele>15.9</ele>
    <time>2024-09-04T14:15:53Z</time>
   </trkpt>
   <trkpt lat="49.1773020" lon="-123.8576280">
    <ele>15.8</ele>
    <time>2024-09-04T14:15:54Z</time>
   </trkpt>
   <trkpt lat="49.1773090" lon="-123.8576570">
    <ele>15.8</ele>
    <time>2024-09-04T14:15:55Z</time>
   </trkpt>
   <trkpt lat="49.1773110" lon="-123.8576720">
    <ele>15.7</ele>
    <time>2024-09-04T14:15:56Z</time>
   </trkpt>
   <trkpt lat="49.1773130" lon="-123.8576870">
    <ele>15.7</ele>
    <time>2024-09-04T14:15:57Z</time>
   </trkpt>
   <trkpt lat="49.1773150" lon="-123.8577070">
    <ele>15.6</ele>
    <time>2024-09-04T14:15:58Z</time>
   </trkpt>
   <trkpt lat="49.1773180" lon="-123.8577160">
    <ele>15.6</ele>
    <time>2024-09-04T14:15:59Z</time>
   </trkpt>
   <trkpt lat="49.1773220" lon="-123.8577240">
    <ele>15.6</ele>
    <time>2024-09-04T14:16:00Z</time>
   </trkpt>
   <trkpt lat="49.1773250" lon="-123.8577320">
    <ele>15.5</ele>
    <time>2024-09-04T14:16:01Z</time>
   </trkpt>
   <trkpt lat="49.1773290" lon="-123.8577400">
    <ele>15.5</ele>
    <time>2024-09-04T14:16:02Z</time>
   </trkpt>
   <trkpt lat="49.1773410" lon="-123.8577690">
    <ele>15.4</ele>
    <time>2024-09-04T14:16:03Z</time>
   </trkpt>
   <trkpt lat="49.1773450" lon="-123.8577840">
    <ele>15.4</ele>
    <time>2024-09-04T14:16:04Z</time>
   </trkpt>
   <trkpt lat="49.1773510" lon="-123.8578020">
    <ele>15.3</ele>
    <time>2024-09-04T14:16:05Z</time>
   </trkpt>
   <trkpt lat="49.1773560" lon="-123.8578100">
    <ele>15.3</ele>
    <time>2024-09-04T14:16:06Z</time>
   </trkpt>
   <trkpt lat="49.1773650" lon="-123.8578090">
    <ele>15.3</ele>
    <time>2024-09-04T14:16:07Z</time>
   </trkpt>
   <trkpt lat="49.1773710" lon="-123.8578070">
    <ele>15.3</ele>
    <time>2024-09-04T14:16:08Z</time>
   </trkpt>
   <trkpt lat="49.1773590" lon="-123.8577890">
    <ele>15.2</ele>
    <time>2024-09-04T14:16:09Z</time>
   </trkpt>
   <trkpt lat="49.1773530" lon="-123.8577940">
    <ele>15.2</ele>
    <time>2024-09-04T14:16:10Z</time>
   </trkpt>
   <trkpt lat="49.1773480" lon="-123.8577940">
    <ele>15.2</ele>
    <time>2024-09-04T14:16:11Z</time>
   </trkpt>
   <trkpt lat="49.1773500" lon="-123.8577960">
    <ele>15.2</ele>
    <time>2024-09-04T14:16:12Z</time>
   </trkpt>
   <trkpt lat="49.1773480" lon="-123.8577810">
    <ele>15.1</ele>
    <time>2024-09-04T14:16:13Z</time>
   </trkpt>
   <trkpt lat="49.1773470" lon="-123.8577870">
    <ele>15.1</ele>
    <time>2024-09-04T14:16:14Z</time>
   </trkpt>
   <trkpt lat="49.1773550" lon="-123.8577870">
    <ele>15.1</ele>
    <time>2024-09-04T14:16:15Z</time>
   </trkpt>
   <trkpt lat="49.1773660" lon="-123.8577930">
    <ele>15.0</ele>
    <time>2024-09-04T14:16:16Z</time>
   </trkpt>
   <trkpt lat="49.1773810" lon="-123.8577990">
    <ele>15.0</ele>
    <time>2024-09-04T14:16:17Z</time>
   </trkpt>
   <trkpt lat="49.1773820" lon="-123.8578180">
    <ele>14.9</ele>
    <time>2024-09-04T14:16:18Z</time>
   </trkpt>
   <trkpt lat="49.1773890" lon="-123.8578410">
    <ele>14.9</ele>
    <time>2024-09-04T14:16:19Z</time>
   </trkpt>
   <trkpt lat="49.1773960" lon="-123.8578530">
    <ele>14.8</ele>
    <time>2024-09-04T14:16:20Z</time>
   </trkpt>
   <trkpt lat="49.1774060" lon="-123.8578600">
    <ele>14.7</ele>
    <time>2024-09-04T14:16:21Z</time>
   </trkpt>
   <trkpt lat="49.1774170" lon="-123.8578660">
    <ele>14.6</ele>
    <time>2024-09-04T14:16:22Z</time>
   </trkpt>
   <trkpt lat="49.1774290" lon="-123.8578780">
    <ele>14.5</ele>
    <time>2024-09-04T14:16:23Z</time>
   </trkpt>
   <trkpt lat="49.1774430" lon="-123.8578960">
    <ele>14.3</ele>
    <time>2024-09-04T14:16:24Z</time>
   </trkpt>
   <trkpt lat="49.1774570" lon="-123.8579150">
    <ele>14.2</ele>
    <time>2024-09-04T14:16:25Z</time>
   </trkpt>
   <trkpt lat="49.1774690" lon="-123.8579270">
    <ele>14.1</ele>
    <time>2024-09-04T14:16:26Z</time>
   </trkpt>
   <trkpt lat="49.1774780" lon="-123.8579440">
    <ele>13.9</ele>
    <time>2024-09-04T14:16:27Z</time>
   </trkpt>
   <trkpt lat="49.1774900" lon="-123.8579620">
    <ele>13.8</ele>
    <time>2024-09-04T14:16:28Z</time>
   </trkpt>
   <trkpt lat="49.1775020" lon="-123.8579820">
    <ele>13.6</ele>
    <time>2024-09-04T14:16:29Z</time>
   </trkpt>
   <trkpt lat="49.1775180" lon="-123.8579920">
    <ele>13.5</ele>
    <time>2024-09-04T14:16:30Z</time>
   </trkpt>
   <trkpt lat="49.1775330" lon="-123.8580060">
    <ele>13.3</ele>
    <time>2024-09-04T14:16:31Z</time>
   </trkpt>
   <trkpt lat="49.1775480" lon="-123.8580110">
    <ele>13.2</ele>
    <time>2024-09-04T14:16:32Z</time>
   </trkpt>
   <trkpt lat="49.1775680" lon="-123.8580400">
    <ele>13.0</ele>
    <time>2024-09-04T14:16:33Z</time>
   </trkpt>
   <trkpt lat="49.1775750" lon="-123.8580500">
    <ele>12.9</ele>
    <time>2024-09-04T14:16:34Z</time>
   </trkpt>
   <trkpt lat="49.1775870" lon="-123.8580650">
    <ele>12.8</ele>
    <time>2024-09-04T14:16:35Z</time>
   </trkpt>
   <trkpt lat="49.1776020" lon="-123.8580790">
    <ele>12.6</ele>
    <time>2024-09-04T14:16:36Z</time>
   </trkpt>
   <trkpt lat="49.1776150" lon="-123.8580930">
    <ele>12.5</ele>
    <time>2024-09-04T14:16:37Z</time>
   </trkpt>
   <trkpt lat="49.1776290" lon="-123.8581050">
    <ele>12.3</ele>
    <time>2024-09-04T14:16:38Z</time>
   </trkpt>
   <trkpt lat="49.1776390" lon="-123.8581290">
    <ele>12.2</ele>
    <time>2024-09-04T14:16:39Z</time>
   </trkpt>
   <trkpt lat="49.1776510" lon="-123.8581420">
    <ele>12.1</ele>
    <time>2024-09-04T14:16:40Z</time>
   </trkpt>
   <trkpt lat="49.1776680" lon="-123.8581540">
    <ele>11.9</ele>
    <time>2024-09-04T14:16:41Z</time>
   </trkpt>
   <trkpt lat="49.1776750" lon="-123.8581580">
    <ele>11.8</ele>
    <time>2024-09-04T14:16:42Z</time>
   </trkpt>
   <trkpt lat="49.1776820" lon="-123.8581620">
    <ele>11.8</ele>
    <time>2024-09-04T14:16:43Z</time>
   </trkpt>
   <trkpt lat="49.1776890" lon="-123.8581660">
    <ele>11.7</ele>
    <time>2024-09-04T14:16:44Z</time>
   </trkpt>
   <trkpt lat="49.1777050" lon="-123.8581730">
    <ele>11.6</ele>
    <time>2024-09-04T14:16:45Z</time>
   </trkpt>
   <trkpt lat="49.1777140" lon="-123.8581830">
    <ele>11.5</ele>
    <time>2024-09-04T14:16:46Z</time>
   </trkpt>
   <trkpt lat="49.1777170" lon="-123.8581960">
    <ele>11.4</ele>
    <time>2024-09-04T14:16:47Z</time>
   </trkpt>
   <trkpt lat="49.1777120" lon="-123.8582070">
    <ele>11.3</ele>
    <time>2024-09-04T14:16:48Z</time>
   </trkpt>
   <trkpt lat="49.1776990" lon="-123.8582020">
    <ele>11.2</ele>
    <time>2024-09-04T14:16:49Z</time>
   </trkpt>
   <trkpt lat="49.1776850" lon="-123.8581880">
    <ele>11.1</ele>
    <time>2024-09-04T14:16:50Z</time>
   </trkpt>
   <trkpt lat="49.1776900" lon="-123.8581910">
    <ele>11.1</ele>
    <time>2024-09-04T14:16:51Z</time>
   </trkpt>
   <trkpt lat="49.1776920" lon="-123.8581960">
    <ele>11.0</ele>
    <time>2024-09-04T14:16:52Z</time>
   </trkpt>
   <trkpt lat="49.1776880" lon="-123.8581950">
    <ele>11.0</ele>
    <time>2024-09-04T14:16:53Z</time>
   </trkpt>
   <trkpt lat="49.1776880" lon="-123.8581950">
    <ele>11.0</ele>
    <time>2024-09-04T14:16:54Z</time>
   </trkpt>
   <trkpt lat="49.1776870" lon="-123.8581930">
    <ele>11.0</ele>
    <time>2024-09-04T14:16:55Z</time>
   </trkpt>
   <trkpt lat="49.1776870" lon="-123.8581910">
    <ele>11.0</ele>
    <time>2024-09-04T14:16:56Z</time>
   </trkpt>
   <trkpt lat="49.1776870" lon="-123.8581910">
    <ele>11.0</ele>
    <time>2024-09-04T14:16:57Z</time>
   </trkpt>
   <trkpt lat="49.1776870" lon="-123.8581900">
    <ele>11.0</ele>
    <time>2024-09-04T14:16:58Z</time>
   </trkpt>
   <trkpt lat="49.1776870" lon="-123.8581900">
    <ele>11.0</ele>
    <time>2024-09-04T14:16:59Z</time>
   </trkpt>
   <trkpt lat="49.1776860" lon="-123.8581910">
    <ele>11.0</ele>
    <time>2024-09-04T14:17:00Z</time>
   </trkpt>
   <trkpt lat="49.1669480" lon="-123.9311730">
    <ele>-1.1</ele>
    <time>2024-09-04T14:58:36Z</time>
   </trkpt>
   <trkpt lat="49.1670130" lon="-123.9312160">
    <ele>-1.1</ele>
    <time>2024-09-04T14:58:37Z</time>
   </trkpt>
   <trkpt lat="49.1670290" lon="-123.9312000">
    <ele>-1.1</ele>
    <time>2024-09-04T14:58:38Z</time>
   </trkpt>
   <trkpt lat="49.1669930" lon="-123.9311990">
    <ele>-1.1</ele>
    <time>2024-09-04T14:58:40Z</time>
   </trkpt>
   <trkpt lat="49.1669850" lon="-123.9312000">
    <ele>-1.1</ele>
    <time>2024-09-04T14:58:41Z</time>
   </trkpt>
   <trkpt lat="49.1669770" lon="-123.9312000">
    <ele>-1.1</ele>
    <time>2024-09-04T14:58:42Z</time>
   </trkpt>
   <trkpt lat="49.1669690" lon="-123.9312000">
    <ele>-1.1</ele>
    <time>2024-09-04T14:58:43Z</time>
   </trkpt>
   <trkpt lat="49.1669610" lon="-123.9312010">
    <ele>-1.1</ele>
    <time>2024-09-04T14:58:44Z</time>
   </trkpt>
   <trkpt lat="49.1669120" lon="-123.9311770">
    <ele>-1.1</ele>
    <time>2024-09-04T14:58:45Z</time>
   </trkpt>
   <trkpt lat="49.1668730" lon="-123.9311520">
    <ele>-1.1</ele>
    <time>2024-09-04T14:58:46Z</time>
   </trkpt>
   <trkpt lat="49.1668340" lon="-123.9311280">
    <ele>-1.0</ele>
    <time>2024-09-04T14:58:47Z</time>
   </trkpt>
   <trkpt lat="49.1667950" lon="-123.9311030">
    <ele>-1.0</ele>
    <time>2024-09-04T14:58:48Z</time>
   </trkpt>
   <trkpt lat="49.1667560" lon="-123.9310780">
    <ele>-1.0</ele>
    <time>2024-09-04T15:01:57Z</time>
   </trkpt>
   <trkpt lat="49.1667170" lon="-123.9310530">
    <ele>-0.8</ele>
    <time>2024-09-04T15:01:58Z</time>
   </trkpt>
   <trkpt lat="49.1667090" lon="-123.9310370">
    <ele>-0.3</ele>
    <time>2024-09-04T15:01:59Z</time>
   </trkpt>
   <trkpt lat="49.1667040" lon="-123.9310250">
    <ele>0.0</ele>
    <time>2024-09-04T15:02:00Z</time>
   </trkpt>
   <trkpt lat="49.1666980" lon="-123.9310140">
    <ele>0.3</ele>
    <time>2024-09-04T15:02:01Z</time>
   </trkpt>
   <trkpt lat="49.1666910" lon="-123.9310040">
    <ele>0.6</ele>
    <time>2024-09-04T15:02:02Z</time>
   </trkpt>
   <trkpt lat="49.1666850" lon="-123.9309950">
    <ele>0.9</ele>
    <time>2024-09-04T15:02:03Z</time>
   </trkpt>
   <trkpt lat="49.1666810" lon="-123.9309890">
    <ele>1.1</ele>
    <time>2024-09-04T15:02:04Z</time>
   </trkpt>
   <trkpt lat="49.1666750" lon="-123.9309820">
    <ele>1.3</ele>
    <time>2024-09-04T15:02:05Z</time>
   </trkpt>
   <trkpt lat="49.1666690" lon="-123.9309770">
    <ele>1.6</ele>
    <time>2024-09-04T15:02:06Z</time>
   </trkpt>
   <trkpt lat="49.1666600" lon="-123.9309740">
    <ele>1.9</ele>
    <time>2024-09-04T15:02:07Z</time>
   </trkpt>
   <trkpt lat="49.1666480" lon="-123.9309620">
    <ele>2.4</ele>
    <time>2024-09-04T15:02:08Z</time>
   </trkpt>
   <trkpt lat="49.1666350" lon="-123.9309470">
    <ele>2.9</ele>
    <time>2024-09-04T15:02:09Z</time>
   </trkpt>
   <trkpt lat="49.1666230" lon="-123.9309310">
    <ele>3.4</ele>
    <time>2024-09-04T15:02:10Z</time>
   </trkpt>
   <trkpt lat="49.1666050" lon="-123.9309070">
    <ele>4.2</ele>
    <time>2024-09-04T15:02:11Z</time>
   </trkpt>
   <trkpt lat="49.1665990" lon="-123.9308980">
    <ele>4.5</ele>
    <time>2024-09-04T15:02:12Z</time>
   </trkpt>
   <trkpt lat="49.1665940" lon="-123.9308890">
    <ele>4.8</ele>
    <time>2024-09-04T15:02:13Z</time>
   </trkpt>
   <trkpt lat="49.1666180" lon="-123.9308510">
    <ele>5.9</ele>
    <time>2024-09-04T15:02:14Z</time>
   </trkpt>
   <trkpt lat="49.1666030" lon="-123.9308340">
    <ele>6.6</ele>
    <time>2024-09-04T15:02:15Z</time>
   </trkpt>
   <trkpt lat="49.1665950" lon="-123.9308260">
    <ele>6.9</ele>
    <time>2024-09-04T15:02:16Z</time>
   </trkpt>
   <trkpt lat="49.1665880" lon="-123.9308170">
    <ele>7.2</ele>
    <time>2024-09-04T15:02:17Z</time>
   </trkpt>
   <trkpt lat="49.1665810" lon="-123.9308100">
    <ele>7.5</ele>
    <time>2024-09-04T15:02:18Z</time>
   </trkpt>
   <trkpt lat="49.1665710" lon="-123.9308130">
    <ele>7.8</ele>
    <time>2024-09-04T15:02:19Z</time>
   </trkpt>
   <trkpt lat="49.1665680" lon="-123.9308030">
    <ele>8.1</ele>
    <time>2024-09-04T15:02:20Z</time>
   </trkpt>
   <trkpt lat="49.1665610" lon="-123.9307940">
    <ele>8.4</ele>
    <time>2024-09-04T15:02:21Z</time>
   </trkpt>
   <trkpt lat="49.1665540" lon="-123.9307880">
    <ele>8.6</ele>
    <time>2024-09-04T15:02:22Z</time>
   </trkpt>
   <trkpt lat="49.1665480" lon="-123.9307830">
    <ele>8.9</ele>
    <time>2024-09-04T15:02:23Z</time>
   </trkpt>
   <trkpt lat="49.1665440" lon="-123.9307730">
    <ele>9.1</ele>
    <time>2024-09-04T15:02:24Z</time>
   </trkpt>
   <trkpt lat="49.1665380" lon="-123.9307730">
    <ele>9.3</ele>
    <time>2024-09-04T15:02:25Z</time>
   </trkpt>
   <trkpt lat="49.1665310" lon="-123.9307640">
    <ele>9.6</ele>
    <time>2024-09-04T15:02:26Z</time>
   </trkpt>
   <trkpt lat="49.1665290" lon="-123.9307590">
    <ele>9.7</ele>
    <time>2024-09-04T15:02:27Z</time>
   </trkpt>
   <trkpt lat="49.1665280" lon="-123.9307540">
    <ele>9.8</ele>
    <time>2024-09-04T15:02:28Z</time>
   </trkpt>
   <trkpt lat="49.1665260" lon="-123.9307500">
    <ele>9.8</ele>
    <time>2024-09-04T15:02:29Z</time>
   </trkpt>
   <trkpt lat="49.1665240" lon="-123.9307450">
    <ele>9.8</ele>
    <time>2024-09-04T15:02:30Z</time>
   </trkpt>
   <trkpt lat="49.1665230" lon="-123.9307400">
    <ele>9.8</ele>
    <time>2024-09-04T15:02:31Z</time>
   </trkpt>
   <trkpt lat="49.1665210" lon="-123.9307360">
    <ele>9.8</ele>
    <time>2024-09-04T15:02:32Z</time>
   </trkpt>
   <trkpt lat="49.1665190" lon="-123.9307310">
    <ele>9.8</ele>
    <time>2024-09-04T15:02:33Z</time>
   </trkpt>
   <trkpt lat="49.1665180" lon="-123.9307260">
    <ele>9.8</ele>
    <time>2024-09-04T15:02:34Z</time>
   </trkpt>
   <trkpt lat="49.1665160" lon="-123.9307220">
    <ele>9.8</ele>
    <time>2024-09-04T15:02:35Z</time>
   </trkpt>
   <trkpt lat="49.1665140" lon="-123.9307170">
    <ele>9.8</ele>
    <time>2024-09-04T15:02:36Z</time>
   </trkpt>
   <trkpt lat="49.1665130" lon="-123.9307120">
    <ele>9.8</ele>
    <time>2024-09-04T15:02:37Z</time>
   </trkpt>
   <trkpt lat="49.1665110" lon="-123.9307080">
    <ele>9.8</ele>
    <time>2024-09-04T15:02:38Z</time>
   </trkpt>
   <trkpt lat="49.1665090" lon="-123.9307030">
    <ele>9.8</ele>
    <time>2024-09-04T15:03:06Z</time>
   </trkpt>
   <trkpt lat="49.1665080" lon="-123.9306980">
    <ele>9.9</ele>
    <time>2024-09-04T15:03:07Z</time>
   </trkpt>
   <trkpt lat="49.1665060" lon="-123.9306940">
    <ele>9.9</ele>
    <time>2024-09-04T15:03:08Z</time>
   </trkpt>
   <trkpt lat="49.1665050" lon="-123.9306890">
    <ele>9.9</ele>
    <time>2024-09-04T15:03:09Z</time>
   </trkpt>
   <trkpt lat="49.1664950" lon="-123.9306820">
    <ele>9.9</ele>
    <time>2024-09-04T15:03:10Z</time>
   </trkpt>
   <trkpt lat="49.1664850" lon="-123.9306750">
    <ele>9.9</ele>
    <time>2024-09-04T15:03:11Z</time>
   </trkpt>
   <trkpt lat="49.1664740" lon="-123.9306660">
    <ele>10.0</ele>
    <time>2024-09-04T15:03:12Z</time>
   </trkpt>
   <trkpt lat="49.1664640" lon="-123.9306580">
    <ele>10.0</ele>
    <time>2024-09-04T15:03:13Z</time>
   </trkpt>
   <trkpt lat="49.1664550" lon="-123.9306510">
    <ele>10.0</ele>
    <time>2024-09-04T15:03:14Z</time>
   </trkpt>
   <trkpt lat="49.1664470" lon="-123.9306460">
    <ele>10.0</ele>
    <time>2024-09-04T15:03:15Z</time>
   </trkpt>
   <trkpt lat="49.1664380" lon="-123.9306390">
    <ele>10.1</ele>
    <time>2024-09-04T15:03:16Z</time>
   </trkpt>
   <trkpt lat="49.1664290" lon="-123.9306340">
    <ele>10.1</ele>
    <time>2024-09-04T15:03:17Z</time>
   </trkpt>
   <trkpt lat="49.1664200" lon="-123.9306310">
    <ele>10.1</ele>
    <time>2024-09-04T15:03:18Z</time>
   </trkpt>
   <trkpt lat="49.1664100" lon="-123.9306280">
    <ele>10.1</ele>
    <time>2024-09-04T15:03:19Z</time>
   </trkpt>
   <trkpt lat="49.1664000" lon="-123.9306240">
    <ele>10.2</ele>
    <time>2024-09-04T15:03:20Z</time>
   </trkpt>
   <trkpt lat="49.1663910" lon="-123.9306210">
    <ele>10.2</ele>
    <time>2024-09-04T15:03:21Z</time>
   </trkpt>
   <trkpt lat="49.1663830" lon="-123.9306180">
    <ele>10.2</ele>
    <time>2024-09-04T15:03:22Z</time>
   </trkpt>
   <trkpt lat="49.1663720" lon="-123.9306150">
    <ele>10.2</ele>
    <time>2024-09-04T15:03:23Z</time>
   </trkpt>
   <trkpt lat="49.1663630" lon="-123.9306140">
    <ele>10.3</ele>
    <time>2024-09-04T15:03:24Z</time>
   </trkpt>
   <trkpt lat="49.1663510" lon="-123.9306130">
    <ele>10.3</ele>
    <time>2024-09-04T15:03:25Z</time>
   </trkpt>
   <trkpt lat="49.1663410" lon="-123.9306140">
    <ele>10.3</ele>
    <time>2024-09-04T15:03:26Z</time>
   </trkpt>
   <trkpt lat="49.1663340" lon="-123.9306140">
    <ele>10.3</ele>
    <time>2024-09-04T15:03:27Z</time>
   </trkpt>
   <trkpt lat="49.1663230" lon="-123.9306150">
    <ele>10.4</ele>
    <time>2024-09-04T15:03:28Z</time>
   </trkpt>
   <trkpt lat="49.1663140" lon="-123.9306150">
    <ele>10.4</ele>
    <time>2024-09-04T15:03:29Z</time>
   </trkpt>
   <trkpt lat="49.1663040" lon="-123.9306150">
    <ele>10.4</ele>
    <time>2024-09-04T15:03:30Z</time>
   </trkpt>
   <trkpt lat="49.1662940" lon="-123.9306180">
    <ele>10.5</ele>
    <time>2024-09-04T15:03:31Z</time>
   </trkpt>
   <trkpt lat="49.1662860" lon="-123.9306200">
    <ele>10.5</ele>
    <time>2024-09-04T15:03:32Z</time>
   </trkpt>
   <trkpt lat="49.1662750" lon="-123.9306220">
    <ele>10.5</ele>
    <time>2024-09-04T15:03:33Z</time>
   </trkpt>
   <trkpt lat="49.1662650" lon="-123.9306250">
    <ele>10.6</ele>
    <time>2024-09-04T15:03:34Z</time>
   </trkpt>
   <trkpt lat="49.1662550" lon="-123.9306290">
    <ele>10.6</ele>
    <time>2024-09-04T15:03:35Z</time>
   </trkpt>
   <trkpt lat="49.1662460" lon="-123.9306360">
    <ele>10.6</ele>
    <time>2024-09-04T15:03:36Z</time>
   </trkpt>
   <trkpt lat="49.1662370" lon="-123.9306430">
    <ele>10.7</ele>
    <time>2024-09-04T15:03:37Z</time>
   </trkpt>
   <trkpt lat="49.1662270" lon="-123.9306480">
    <ele>10.7</ele>
    <time>2024-09-04T15:03:38Z</time>
   </trkpt>
   <trkpt lat="49.1662170" lon="-123.9306540">
    <ele>10.7</ele>
    <time>2024-09-04T15:03:39Z</time>
   </trkpt>
   <trkpt lat="49.1662000" lon="-123.9306640">
    <ele>10.8</ele>
    <time>2024-09-04T15:03:40Z</time>
   </trkpt>
   <trkpt lat="49.1661920" lon="-123.9306670">
    <ele>10.8</ele>
    <time>2024-09-04T15:03:41Z</time>
   </trkpt>
   <trkpt lat="49.1661840" lon="-123.9306700">
    <ele>10.9</ele>
    <time>2024-09-04T15:03:42Z</time>
   </trkpt>
   <trkpt lat="49.1661760" lon="-123.9306740">
    <ele>10.9</ele>
    <time>2024-09-04T15:03:43Z</time>
   </trkpt>
   <trkpt lat="49.1661660" lon="-123.9306780">
    <ele>11.0</ele>
    <time>2024-09-04T15:03:44Z</time>
   </trkpt>
   <trkpt lat="49.1661550" lon="-123.9306820">
    <ele>11.0</ele>
    <time>2024-09-04T15:03:45Z</time>
   </trkpt>
   <trkpt lat="49.1661450" lon="-123.9306860">
    <ele>11.1</ele>
    <time>2024-09-04T15:03:46Z</time>
   </trkpt>
   <trkpt lat="49.1661280" lon="-123.9306990">
    <ele>11.1</ele>
    <time>2024-09-04T15:03:47Z</time>
   </trkpt>
   <trkpt lat="49.1661200" lon="-123.9307050">
    <ele>11.1</ele>
    <time>2024-09-04T15:03:48Z</time>
   </trkpt>
   <trkpt lat="49.1661110" lon="-123.9307100">
    <ele>11.2</ele>
    <time>2024-09-04T15:03:49Z</time>
   </trkpt>
   <trkpt lat="49.1660920" lon="-123.9307250">
    <ele>11.2</ele>
    <time>2024-09-04T15:03:50Z</time>
   </trkpt>
   <trkpt lat="49.1660850" lon="-123.9307300">
    <ele>11.2</ele>
    <time>2024-09-04T15:03:51Z</time>
   </trkpt>
   <trkpt lat="49.1660780" lon="-123.9307340">
    <ele>11.3</ele>
    <time>2024-09-04T15:03:52Z</time>
   </trkpt>
   <trkpt lat="49.1660580" lon="-123.9307480">
    <ele>11.3</ele>
    <time>2024-09-04T15:03:53Z</time>
   </trkpt>
   <trkpt lat="49.1660500" lon="-123.9307520">
    <ele>11.4</ele>
    <time>2024-09-04T15:03:54Z</time>
   </trkpt>
   <trkpt lat="49.1660430" lon="-123.9307560">
    <ele>11.4</ele>
    <time>2024-09-04T15:03:55Z</time>
   </trkpt>
   <trkpt lat="49.1660310" lon="-123.9307630">
    <ele>11.4</ele>
    <time>2024-09-04T15:03:56Z</time>
   </trkpt>
   <trkpt lat="49.1660160" lon="-123.9307710">
    <ele>11.5</ele>
    <time>2024-09-04T15:03:57Z</time>
   </trkpt>
   <trkpt lat="49.1660050" lon="-123.9307780">
    <ele>11.5</ele>
    <time>2024-09-04T15:03:58Z</time>
   </trkpt>
   <trkpt lat="49.1659940" lon="-123.9307890">
    <ele>11.5</ele>
    <time>2024-09-04T15:03:59Z</time>
   </trkpt>
   <trkpt lat="49.1659870" lon="-123.9308020">
    <ele>11.6</ele>
    <time>2024-09-04T15:04:00Z</time>
   </trkpt>
   <trkpt lat="49.1659740" lon="-123.9308290">
    <ele>11.6</ele>
    <time>2024-09-04T15:04:01Z</time>
   </trkpt>
   <trkpt lat="49.1659710" lon="-123.9308390">
    <ele>11.7</ele>
    <time>2024-09-04T15:04:02Z</time>
   </trkpt>
   <trkpt lat="49.1659680" lon="-123.9308500">
    <ele>11.7</ele>
    <time>2024-09-04T15:04:03Z</time>
   </trkpt>
   <trkpt lat="49.1659620" lon="-123.9308640">
    <ele>11.7</ele>
    <time>2024-09-04T15:04:04Z</time>
   </trkpt>
   <trkpt lat="49.1659570" lon="-123.9308800">
    <ele>11.8</ele>
    <time>2024-09-04T15:04:05Z</time>
   </trkpt>
   <trkpt lat="49.1659530" lon="-123.9308980">
    <ele>11.8</ele>
    <time>2024-09-04T15:04:06Z</time>
   </trkpt>
   <trkpt lat="49.1659460" lon="-123.9309150">
    <ele>11.8</ele>
    <time>2024-09-04T15:04:07Z</time>
   </trkpt>
   <trkpt lat="49.1659400" lon="-123.9309310">
    <ele>11.9</ele>
    <time>2024-09-04T15:04:08Z</time>
   </trkpt>
   <trkpt lat="49.1659330" lon="-123.9309450">
    <ele>11.9</ele>
    <time>2024-09-04T15:04:09Z</time>
   </trkpt>
   <trkpt lat="49.1659280" lon="-123.9309590">
    <ele>11.9</ele>
    <time>2024-09-04T15:04:10Z</time>
   </trkpt>
   <trkpt lat="49.1659230" lon="-123.9309730">
    <ele>12.0</ele>
    <time>2024-09-04T15:04:11Z</time>
   </trkpt>
   <trkpt lat="49.1659160" lon="-123.9309910">
    <ele>12.0</ele>
    <time>2024-09-04T15:04:12Z</time>
   </trkpt>
   <trkpt lat="49.1659100" lon="-123.9310050">
    <ele>12.0</ele>
    <time>2024-09-04T15:04:13Z</time>
   </trkpt>
   <trkpt lat="49.1659050" lon="-123.9310190">
    <ele>12.1</ele>
    <time>2024-09-04T15:04:14Z</time>
   </trkpt>
   <trkpt lat="49.1658990" lon="-123.9310340">
    <ele>12.1</ele>
    <time>2024-09-04T15:04:15Z</time>
   </trkpt>
   <trkpt lat="49.1658940" lon="-123.9310480">
    <ele>12.1</ele>
    <time>2024-09-04T15:04:16Z</time>
   </trkpt>
   <trkpt lat="49.1658900" lon="-123.9310640">
    <ele>12.1</ele>
    <time>2024-09-04T15:04:17Z</time>
   </trkpt>
   <trkpt lat="49.1658840" lon="-123.9310790">
    <ele>12.2</ele>
    <time>2024-09-04T15:04:18Z</time>
   </trkpt>
   <trkpt lat="49.1658800" lon="-123.9310920">
    <ele>12.2</ele>
    <time>2024-09-04T15:04:19Z</time>
   </trkpt>
   <trkpt lat="49.1658760" lon="-123.9311070">
    <ele>12.2</ele>
    <time>2024-09-04T15:04:20Z</time>
   </trkpt>
   <trkpt lat="49.1658710" lon="-123.9311190">
    <ele>12.3</ele>
    <time>2024-09-04T15:04:21Z</time>
   </trkpt>
   <trkpt lat="49.1658650" lon="-123.9311360">
    <ele>12.3</ele>
    <time>2024-09-04T15:04:22Z</time>
   </trkpt>
   <trkpt lat="49.1658600" lon="-123.9311500">
    <ele>12.3</ele>
    <time>2024-09-04T15:04:23Z</time>
   </trkpt>
   <trkpt lat="49.1658540" lon="-123.9311650">
    <ele>12.3</ele>
    <time>2024-09-04T15:04:24Z</time>
   </trkpt>
   <trkpt lat="49.1658500" lon="-123.9311790">
    <ele>12.4</ele>
    <time>2024-09-04T15:04:25Z</time>
   </trkpt>
   <trkpt lat="49.1658450" lon="-123.9311940">
    <ele>12.4</ele>
    <time>2024-09-04T15:04:26Z</time>
   </trkpt>
   <trkpt lat="49.1658410" lon="-123.9312100">
    <ele>12.4</ele>
    <time>2024-09-04T15:04:27Z</time>
   </trkpt>
   <trkpt lat="49.1658340" lon="-123.9312390">
    <ele>12.4</ele>
    <time>2024-09-04T15:04:28Z</time>
   </trkpt>
   <trkpt lat="49.1658310" lon="-123.9312510">
    <ele>12.4</ele>
    <time>2024-09-04T15:04:29Z</time>
   </trkpt>
   <trkpt lat="49.1658280" lon="-123.9312630">
    <ele>12.5</ele>
    <time>2024-09-04T15:04:30Z</time>
   </trkpt>
   <trkpt lat="49.1658230" lon="-123.9312920">
    <ele>12.5</ele>
    <time>2024-09-04T15:04:31Z</time>
   </trkpt>
   <trkpt lat="49.1658220" lon="-123.9313040">
    <ele>12.5</ele>
    <time>2024-09-04T15:04:32Z</time>
   </trkpt>
   <trkpt lat="49.1658200" lon="-123.9313160">
    <ele>12.5</ele>
    <time>2024-09-04T15:04:33Z</time>
   </trkpt>
   <trkpt lat="49.1658170" lon="-123.9313480">
    <ele>12.6</ele>
    <time>2024-09-04T15:04:34Z</time>
   </trkpt>
   <trkpt lat="49.1658170" lon="-123.9313610">
    <ele>12.7</ele>
    <time>2024-09-04T15:04:35Z</time>
   </trkpt>
   <trkpt lat="49.1658160" lon="-123.9313730">
    <ele>12.8</ele>
    <time>2024-09-04T15:04:36Z</time>
   </trkpt>
   <trkpt lat="49.1658170" lon="-123.9314060">
    <ele>12.8</ele>
    <time>2024-09-04T15:04:37Z</time>
   </trkpt>
   <trkpt lat="49.1658190" lon="-123.9314170">
    <ele>12.8</ele>
    <time>2024-09-04T15:04:38Z</time>
   </trkpt>
   <trkpt lat="49.1658200" lon="-123.9314290">
    <ele>12.8</ele>
    <time>2024-09-04T15:04:39Z</time>
   </trkpt>
   <trkpt lat="49.1658200" lon="-123.9314460">
    <ele>12.8</ele>
    <time>2024-09-04T15:04:40Z</time>
   </trkpt>
   <trkpt lat="49.1658180" lon="-123.9314610">
    <ele>12.8</ele>
    <time>2024-09-04T15:04:41Z</time>
   </trkpt>
   <trkpt lat="49.1658140" lon="-123.9314750">
    <ele>12.8</ele>
    <time>2024-09-04T15:04:42Z</time>
   </trkpt>
   <trkpt lat="49.1658080" lon="-123.9314850">
    <ele>12.8</ele>
    <time>2024-09-04T15:04:43Z</time>
   </trkpt>
   <trkpt lat="49.1658000" lon="-123.9314880">
    <ele>12.8</ele>
    <time>2024-09-04T15:04:44Z</time>
   </trkpt>
   <trkpt lat="49.1657880" lon="-123.9315120">
    <ele>12.8</ele>
    <time>2024-09-04T15:04:45Z</time>
   </trkpt>
   <trkpt lat="49.1657820" lon="-123.9315200">
    <ele>12.8</ele>
    <time>2024-09-04T15:04:46Z</time>
   </trkpt>
   <trkpt lat="49.1657720" lon="-123.9315320">
    <ele>12.8</ele>
    <time>2024-09-04T15:04:47Z</time>
   </trkpt>
   <trkpt lat="49.1657640" lon="-123.9315460">
    <ele>12.8</ele>
    <time>2024-09-04T15:04:48Z</time>
   </trkpt>
   <trkpt lat="49.1657510" lon="-123.9315720">
    <ele>12.8</ele>
    <time>2024-09-04T15:04:49Z</time>
   </trkpt>
   <trkpt lat="49.1657460" lon="-123.9315810">
    <ele>12.8</ele>
    <time>2024-09-04T15:04:50Z</time>
   </trkpt>
   <trkpt lat="49.1657420" lon="-123.9315900">
    <ele>12.8</ele>
    <time>2024-09-04T15:04:51Z</time>
   </trkpt>
   <trkpt lat="49.1657350" lon="-123.9316060">
    <ele>12.9</ele>
    <time>2024-09-04T15:04:52Z</time>
   </trkpt>
   <trkpt lat="49.1657270" lon="-123.9316200">
    <ele>12.9</ele>
    <time>2024-09-04T15:04:53Z</time>
   </trkpt>
   <trkpt lat="49.1657200" lon="-123.9316330">
    <ele>12.9</ele>
    <time>2024-09-04T15:04:54Z</time>
   </trkpt>
   <trkpt lat="49.1657060" lon="-123.9316540">
    <ele>12.9</ele>
    <time>2024-09-04T15:04:55Z</time>
   </trkpt>
   <trkpt lat="49.1657000" lon="-123.9316640">
    <ele>12.9</ele>
    <time>2024-09-04T15:04:56Z</time>
   </trkpt>
   <trkpt lat="49.1656940" lon="-123.9316730">
    <ele>12.9</ele>
    <time>2024-09-04T15:04:57Z</time>
   </trkpt>
   <trkpt lat="49.1656880" lon="-123.9316880">
    <ele>12.9</ele>
    <time>2024-09-04T15:04:58Z</time>
   </trkpt>
   <trkpt lat="49.1656840" lon="-123.9316950">
    <ele>12.9</ele>
    <time>2024-09-04T15:04:59Z</time>
   </trkpt>
   <trkpt lat="49.1656810" lon="-123.9317010">
    <ele>12.9</ele>
    <time>2024-09-04T15:05:00Z</time>
   </trkpt>
   <trkpt lat="49.1656770" lon="-123.9317080">
    <ele>12.9</ele>
    <time>2024-09-04T15:05:01Z</time>
   </trkpt>
   <trkpt lat="49.1656730" lon="-123.9317140">
    <ele>12.9</ele>
    <time>2024-09-04T15:05:02Z</time>
   </trkpt>
   <trkpt lat="49.1656700" lon="-123.9317200">
    <ele>12.9</ele>
    <time>2024-09-04T15:05:03Z</time>
   </trkpt>
   <trkpt lat="49.1656660" lon="-123.9317270">
    <ele>12.9</ele>
    <time>2024-09-04T15:05:04Z</time>
   </trkpt>
   <trkpt lat="49.1656630" lon="-123.9317330">
    <ele>12.9</ele>
    <time>2024-09-04T15:05:05Z</time>
   </trkpt>
   <trkpt lat="49.1656590" lon="-123.9317400">
    <ele>12.9</ele>
    <time>2024-09-04T15:05:06Z</time>
   </trkpt>
   <trkpt lat="49.1656550" lon="-123.9317460">
    <ele>12.9</ele>
    <time>2024-09-04T15:05:07Z</time>
   </trkpt>
   <trkpt lat="49.1656520" lon="-123.9317520">
    <ele>12.9</ele>
    <time>2024-09-04T15:05:08Z</time>
   </trkpt>
   <trkpt lat="49.1656480" lon="-123.9317590">
    <ele>12.8</ele>
    <time>2024-09-04T15:07:46Z</time>
   </trkpt>
   <trkpt lat="49.1656450" lon="-123.9317650">
    <ele>12.8</ele>
    <time>2024-09-04T15:07:47Z</time>
   </trkpt>
   <trkpt lat="49.1656410" lon="-123.9317720">
    <ele>12.8</ele>
    <time>2024-09-04T15:07:48Z</time>
   </trkpt>
   <trkpt lat="49.1656370" lon="-123.9317780">
    <ele>12.8</ele>
    <time>2024-09-04T15:07:49Z</time>
   </trkpt>
   <trkpt lat="49.1656330" lon="-123.9317920">
    <ele>12.8</ele>
    <time>2024-09-04T15:07:50Z</time>
   </trkpt>
   <trkpt lat="49.1656270" lon="-123.9318230">
    <ele>12.8</ele>
    <time>2024-09-04T15:07:51Z</time>
   </trkpt>
   <trkpt lat="49.1656210" lon="-123.9318440">
    <ele>12.8</ele>
    <time>2024-09-04T15:07:52Z</time>
   </trkpt>
   <trkpt lat="49.1656110" lon="-123.9318580">
    <ele>12.8</ele>
    <time>2024-09-04T15:07:53Z</time>
   </trkpt>
   <trkpt lat="49.1655980" lon="-123.9318940">
    <ele>12.6</ele>
    <time>2024-09-04T15:07:54Z</time>
   </trkpt>
   <trkpt lat="49.1655940" lon="-123.9319070">
    <ele>12.5</ele>
    <time>2024-09-04T15:07:55Z</time>
   </trkpt>
   <trkpt lat="49.1655920" lon="-123.9319380">
    <ele>12.3</ele>
    <time>2024-09-04T15:07:56Z</time>
   </trkpt>
   <trkpt lat="49.1655980" lon="-123.9319490">
    <ele>12.3</ele>
    <time>2024-09-04T15:07:57Z</time>
   </trkpt>
   <trkpt lat="49.1656040" lon="-123.9319600">
    <ele>12.3</ele>
    <time>2024-09-04T15:07:58Z</time>
   </trkpt>
   <trkpt lat="49.1656210" lon="-123.9319790">
    <ele>12.2</ele>
    <time>2024-09-04T15:07:59Z</time>
   </trkpt>
   <trkpt lat="49.1656250" lon="-123.9319900">
    <ele>12.2</ele>
    <time>2024-09-04T15:08:00Z</time>
   </trkpt>
   <trkpt lat="49.1656290" lon="-123.9320020">
    <ele>12.3</ele>
    <time>2024-09-04T15:08:01Z</time>
   </trkpt>
   <trkpt lat="49.1656320" lon="-123.9320130">
    <ele>12.4</ele>
    <time>2024-09-04T15:08:02Z</time>
   </trkpt>
   <trkpt lat="49.1656360" lon="-123.9320250">
    <ele>12.5</ele>
    <time>2024-09-04T15:08:03Z</time>
   </trkpt>
   <trkpt lat="49.1656400" lon="-123.9320360">
    <ele>12.6</ele>
    <time>2024-09-04T15:08:04Z</time>
   </trkpt>
   <trkpt lat="49.1656430" lon="-123.9320470">
    <ele>12.6</ele>
    <time>2024-09-04T15:08:05Z</time>
   </trkpt>
   <trkpt lat="49.1656470" lon="-123.9320590">
    <ele>12.6</ele>
    <time>2024-09-04T15:08:06Z</time>
   </trkpt>
   <trkpt lat="49.1656500" lon="-123.9320700">
    <ele>12.6</ele>
    <time>2024-09-04T15:08:07Z</time>
   </trkpt>
   <trkpt lat="49.1656540" lon="-123.9320810">
    <ele>12.6</ele>
    <time>2024-09-04T15:08:08Z</time>
   </trkpt>
   <trkpt lat="49.1656580" lon="-123.9320930">
    <ele>12.6</ele>
    <time>2024-09-04T15:08:09Z</time>
   </trkpt>
   <trkpt lat="49.1656610" lon="-123.9321040">
    <ele>12.6</ele>
    <time>2024-09-04T15:08:10Z</time>
   </trkpt>
   <trkpt lat="49.1656650" lon="-123.9321160">
    <ele>12.5</ele>
    <time>2024-09-04T15:08:38Z</time>
   </trkpt>
   <trkpt lat="49.1656690" lon="-123.9321270">
    <ele>12.5</ele>
    <time>2024-09-04T15:08:39Z</time>
   </trkpt>
   <trkpt lat="49.1656880" lon="-123.9321650">
    <ele>12.5</ele>
    <time>2024-09-04T15:08:40Z</time>
   </trkpt>
   <trkpt lat="49.1657090" lon="-123.9321950">
    <ele>12.4</ele>
    <time>2024-09-04T15:08:41Z</time>
   </trkpt>
   <trkpt lat="49.1657330" lon="-123.9322230">
    <ele>12.3</ele>
    <time>2024-09-04T15:08:42Z</time>
   </trkpt>
   <trkpt lat="49.1657510" lon="-123.9322650">
    <ele>12.2</ele>
    <time>2024-09-04T15:08:43Z</time>
   </trkpt>
   <trkpt lat="49.1657680" lon="-123.9323090">
    <ele>12.2</ele>
    <time>2024-09-04T15:08:44Z</time>
   </trkpt>
   <trkpt lat="49.1657890" lon="-123.9323510">
    <ele>12.1</ele>
    <time>2024-09-04T15:08:45Z</time>
   </trkpt>
   <trkpt lat="49.1658140" lon="-123.9323930">
    <ele>12.1</ele>
    <time>2024-09-04T15:08:46Z</time>
   </trkpt>
   <trkpt lat="49.1658400" lon="-123.9324360">
    <ele>12.0</ele>
    <time>2024-09-04T15:08:47Z</time>
   </trkpt>
   <trkpt lat="49.1658640" lon="-123.9324880">
    <ele>12.0</ele>
    <time>2024-09-04T15:08:48Z</time>
   </trkpt>
   <trkpt lat="49.1658880" lon="-123.9325420">
    <ele>11.9</ele>
    <time>2024-09-04T15:08:49Z</time>
   </trkpt>
   <trkpt lat="49.1659080" lon="-123.9325990">
    <ele>11.8</ele>
    <time>2024-09-04T15:08:50Z</time>
   </trkpt>
   <trkpt lat="49.1659230" lon="-123.9326620">
    <ele>11.7</ele>
    <time>2024-09-04T15:08:51Z</time>
   </trkpt>
   <trkpt lat="49.1659350" lon="-123.9327260">
    <ele>11.7</ele>
    <time>2024-09-04T15:08:52Z</time>
   </trkpt>
   <trkpt lat="49.1659460" lon="-123.9327990">
    <ele>11.5</ele>
    <time>2024-09-04T15:08:53Z</time>
   </trkpt>
   <trkpt lat="49.1659530" lon="-123.9328750">
    <ele>11.4</ele>
    <time>2024-09-04T15:08:54Z</time>
   </trkpt>
   <trkpt lat="49.1659510" lon="-123.9329580">
    <ele>11.3</ele>
    <time>2024-09-04T15:08:55Z</time>
   </trkpt>
   <trkpt lat="49.1659370" lon="-123.9330470">
    <ele>11.2</ele>
    <time>2024-09-04T15:08:56Z</time>
   </trkpt>
   <trkpt lat="49.1659220" lon="-123.9331300">
    <ele>11.0</ele>
    <time>2024-09-04T15:08:57Z</time>
   </trkpt>
   <trkpt lat="49.1659020" lon="-123.9332170">
    <ele>10.9</ele>
    <time>2024-09-04T15:08:58Z</time>
   </trkpt>
   <trkpt lat="49.1658780" lon="-123.9333060">
    <ele>10.7</ele>
    <time>2024-09-04T15:08:59Z</time>
   </trkpt>
   <trkpt lat="49.1658470" lon="-123.9333910">
    <ele>10.6</ele>
    <time>2024-09-04T15:09:00Z</time>
   </trkpt>
   <trkpt lat="49.1658150" lon="-123.9334760">
    <ele>10.4</ele>
    <time>2024-09-04T15:09:01Z</time>
   </trkpt>
   <trkpt lat="49.1657950" lon="-123.9335670">
    <ele>10.2</ele>
    <time>2024-09-04T15:09:02Z</time>
   </trkpt>
   <trkpt lat="49.1657800" lon="-123.9336620">
    <ele>10.1</ele>
    <time>2024-09-04T15:09:03Z</time>
   </trkpt>
   <trkpt lat="49.1657710" lon="-123.9337580">
    <ele>9.9</ele>
    <time>2024-09-04T15:09:04Z</time>
   </trkpt>
   <trkpt lat="49.1657700" lon="-123.9338560">
    <ele>9.8</ele>
    <time>2024-09-04T15:09:05Z</time>
   </trkpt>
   <trkpt lat="49.1657810" lon="-123.9339540">
    <ele>9.7</ele>
    <time>2024-09-04T15:09:06Z</time>
   </trkpt>
   <trkpt lat="49.1657970" lon="-123.9340460">
    <ele>9.6</ele>
    <time>2024-09-04T15:09:07Z</time>
   </trkpt>
   <trkpt lat="49.1658230" lon="-123.9341340">
    <ele>9.6</ele>
    <time>2024-09-04T15:09:08Z</time>
   </trkpt>
   <trkpt lat="49.1658470" lon="-123.9342230">
    <ele>9.5</ele>
    <time>2024-09-04T15:09:09Z</time>
   </trkpt>
   <trkpt lat="49.1658720" lon="-123.9343090">
    <ele>9.5</ele>
    <time>2024-09-04T15:09:10Z</time>
   </trkpt>
   <trkpt lat="49.1658970" lon="-123.9343950">
    <ele>9.5</ele>
    <time>2024-09-04T15:09:11Z</time>
   </trkpt>
   <trkpt lat="49.1659180" lon="-123.9344790">
    <ele>9.5</ele>
    <time>2024-09-04T15:09:12Z</time>
   </trkpt>
   <trkpt lat="49.1659410" lon="-123.9345620">
    <ele>9.6</ele>
    <time>2024-09-04T15:09:13Z</time>
   </trkpt>
   <trkpt lat="49.1659630" lon="-123.9346430">
    <ele>9.6</ele>
    <time>2024-09-04T15:09:14Z</time>
   </trkpt>
   <trkpt lat="49.1659880" lon="-123.9347210">
    <ele>9.7</ele>
    <time>2024-09-04T15:09:15Z</time>
   </trkpt>
   <trkpt lat="49.1660130" lon="-123.9347970">
    <ele>9.7</ele>
    <time>2024-09-04T15:09:16Z</time>
   </trkpt>
   <trkpt lat="49.1660390" lon="-123.9348690">
    <ele>9.8</ele>
    <time>2024-09-04T15:09:17Z</time>
   </trkpt>
   <trkpt lat="49.1660760" lon="-123.9349320">
    <ele>9.9</ele>
    <time>2024-09-04T15:09:18Z</time>
   </trkpt>
   <trkpt lat="49.1661170" lon="-123.9349870">
    <ele>10.1</ele>
    <time>2024-09-04T15:09:19Z</time>
   </trkpt>
   <trkpt lat="49.1661570" lon="-123.9350410">
    <ele>10.3</ele>
    <time>2024-09-04T15:09:20Z</time>
   </trkpt>
   <trkpt lat="49.1661980" lon="-123.9350880">
    <ele>10.5</ele>
    <time>2024-09-04T15:09:21Z</time>
   </trkpt>
   <trkpt lat="49.1662340" lon="-123.9351380">
    <ele>10.8</ele>
    <time>2024-09-04T15:09:22Z</time>
   </trkpt>
   <trkpt lat="49.1662670" lon="-123.9351890">
    <ele>11.0</ele>
    <time>2024-09-04T15:09:23Z</time>
   </trkpt>
   <trkpt lat="49.1663000" lon="-123.9352360">
    <ele>11.2</ele>
    <time>2024-09-04T15:09:24Z</time>
   </trkpt>
   <trkpt lat="49.1663330" lon="-123.9352750">
    <ele>11.5</ele>
    <time>2024-09-04T15:09:25Z</time>
   </trkpt>
   <trkpt lat="49.1663670" lon="-123.9353120">
    <ele>11.8</ele>
    <time>2024-09-04T15:09:26Z</time>
   </trkpt>
   <trkpt lat="49.1663970" lon="-123.9353530">
    <ele>12.0</ele>
    <time>2024-09-04T15:09:27Z</time>
   </trkpt>
   <trkpt lat="49.1664260" lon="-123.9353940">
    <ele>12.3</ele>
    <time>2024-09-04T15:09:28Z</time>
   </trkpt>
   <trkpt lat="49.1664600" lon="-123.9354250">
    <ele>12.6</ele>
    <time>2024-09-04T15:09:29Z</time>
   </trkpt>
   <trkpt lat="49.1664960" lon="-123.9354540">
    <ele>12.9</ele>
    <time>2024-09-04T15:09:30Z</time>
   </trkpt>
   <trkpt lat="49.1665300" lon="-123.9354800">
    <ele>13.1</ele>
    <time>2024-09-04T15:09:31Z</time>
   </trkpt>
   <trkpt lat="49.1665620" lon="-123.9355070">
    <ele>13.4</ele>
    <time>2024-09-04T15:09:32Z</time>
   </trkpt>
   <trkpt lat="49.1665970" lon="-123.9355310">
    <ele>13.7</ele>
    <time>2024-09-04T15:09:33Z</time>
   </trkpt>
   <trkpt lat="49.1666330" lon="-123.9355560">
    <ele>13.9</ele>
    <time>2024-09-04T15:09:34Z</time>
   </trkpt>
   <trkpt lat="49.1666690" lon="-123.9355810">
    <ele>14.2</ele>
    <time>2024-09-04T15:09:35Z</time>
   </trkpt>
   <trkpt lat="49.1667020" lon="-123.9356040">
    <ele>14.5</ele>
    <time>2024-09-04T15:09:36Z</time>
   </trkpt>
   <trkpt lat="49.1667350" lon="-123.9356270">
    <ele>14.8</ele>
    <time>2024-09-04T15:09:37Z</time>
   </trkpt>
   <trkpt lat="49.1667680" lon="-123.9356510">
    <ele>15.2</ele>
    <time>2024-09-04T15:09:38Z</time>
   </trkpt>
   <trkpt lat="49.1668020" lon="-123.9356710">
    <ele>15.5</ele>
    <time>2024-09-04T15:09:39Z</time>
   </trkpt>
   <trkpt lat="49.1668350" lon="-123.9356930">
    <ele>15.9</ele>
    <time>2024-09-04T15:09:40Z</time>
   </trkpt>
   <trkpt lat="49.1668700" lon="-123.9357160">
    <ele>16.4</ele>
    <time>2024-09-04T15:09:41Z</time>
   </trkpt>
   <trkpt lat="49.1669010" lon="-123.9357370">
    <ele>16.8</ele>
    <time>2024-09-04T15:09:42Z</time>
   </trkpt>
   <trkpt lat="49.1669330" lon="-123.9357610">
    <ele>17.1</ele>
    <time>2024-09-04T15:09:43Z</time>
   </trkpt>
   <trkpt lat="49.1669660" lon="-123.9357880">
    <ele>17.4</ele>
    <time>2024-09-04T15:09:44Z</time>
   </trkpt>
   <trkpt lat="49.1669990" lon="-123.9358100">
    <ele>17.7</ele>
    <time>2024-09-04T15:09:45Z</time>
   </trkpt>
   <trkpt lat="49.1670320" lon="-123.9358270">
    <ele>17.9</ele>
    <time>2024-09-04T15:09:46Z</time>
   </trkpt>
   <trkpt lat="49.1670620" lon="-123.9358510">
    <ele>18.2</ele>
    <time>2024-09-04T15:09:47Z</time>
   </trkpt>
   <trkpt lat="49.1670940" lon="-123.9358710">
    <ele>18.4</ele>
    <time>2024-09-04T15:09:48Z</time>
   </trkpt>
   <trkpt lat="49.1671240" lon="-123.9358930">
    <ele>18.6</ele>
    <time>2024-09-04T15:09:49Z</time>
   </trkpt>
   <trkpt lat="49.1671540" lon="-123.9359170">
    <ele>18.8</ele>
    <time>2024-09-04T15:09:50Z</time>
   </trkpt>
   <trkpt lat="49.1671780" lon="-123.9359390">
    <ele>19.0</ele>
    <time>2024-09-04T15:09:51Z</time>
   </trkpt>
   <trkpt lat="49.1672100" lon="-123.9359590">
    <ele>19.2</ele>
    <time>2024-09-04T15:09:52Z</time>
   </trkpt>
   <trkpt lat="49.1672420" lon="-123.9359800">
    <ele>19.4</ele>
    <time>2024-09-04T15:09:53Z</time>
   </trkpt>
   <trkpt lat="49.1672750" lon="-123.9360000">
    <ele>19.6</ele>
    <time>2024-09-04T15:09:54Z</time>
   </trkpt>
   <trkpt lat="49.1673050" lon="-123.9360160">
    <ele>19.8</ele>
    <time>2024-09-04T15:09:55Z</time>
   </trkpt>
   <trkpt lat="49.1673360" lon="-123.9360320">
    <ele>19.9</ele>
    <time>2024-09-04T15:09:56Z</time>
   </trkpt>
   <trkpt lat="49.1673670" lon="-123.9360520">
    <ele>20.1</ele>
    <time>2024-09-04T15:09:57Z</time>
   </trkpt>
   <trkpt lat="49.1673970" lon="-123.9360730">
    <ele>20.3</ele>
    <time>2024-09-04T15:09:58Z</time>
   </trkpt>
   <trkpt lat="49.1674290" lon="-123.9360920">
    <ele>20.5</ele>
    <time>2024-09-04T15:09:59Z</time>
   </trkpt>
   <trkpt lat="49.1674600" lon="-123.9361120">
    <ele>20.6</ele>
    <time>2024-09-04T15:10:00Z</time>
   </trkpt>
   <trkpt lat="49.1674910" lon="-123.9361290">
    <ele>20.8</ele>
    <time>2024-09-04T15:10:01Z</time>
   </trkpt>
   <trkpt lat="49.1675210" lon="-123.9361520">
    <ele>20.9</ele>
    <time>2024-09-04T15:10:02Z</time>
   </trkpt>
   <trkpt lat="49.1675510" lon="-123.9361750">
    <ele>21.1</ele>
    <time>2024-09-04T15:10:03Z</time>
   </trkpt>
   <trkpt lat="49.1675830" lon="-123.9361980">
    <ele>21.3</ele>
    <time>2024-09-04T15:10:04Z</time>
   </trkpt>
   <trkpt lat="49.1676130" lon="-123.9362200">
    <ele>21.4</ele>
    <time>2024-09-04T15:10:05Z</time>
   </trkpt>
   <trkpt lat="49.1676450" lon="-123.9362410">
    <ele>21.6</ele>
    <time>2024-09-04T15:10:06Z</time>
   </trkpt>
   <trkpt lat="49.1676750" lon="-123.9362650">
    <ele>21.7</ele>
    <time>2024-09-04T15:10:07Z</time>
   </trkpt>
   <trkpt lat="49.1677040" lon="-123.9362890">
    <ele>21.9</ele>
    <time>2024-09-04T15:10:08Z</time>
   </trkpt>
   <trkpt lat="49.1677320" lon="-123.9363120">
    <ele>22.0</ele>
    <time>2024-09-04T15:10:09Z</time>
   </trkpt>
   <trkpt lat="49.1677600" lon="-123.9363340">
    <ele>22.1</ele>
    <time>2024-09-04T15:10:10Z</time>
   </trkpt>
   <trkpt lat="49.1677870" lon="-123.9363550">
    <ele>22.3</ele>
    <time>2024-09-04T15:10:11Z</time>
   </trkpt>
   <trkpt lat="49.1678160" lon="-123.9363740">
    <ele>22.4</ele>
    <time>2024-09-04T15:10:12Z</time>
   </trkpt>
   <trkpt lat="49.1678450" lon="-123.9363910">
    <ele>22.5</ele>
    <time>2024-09-04T15:10:13Z</time>
   </trkpt>
   <trkpt lat="49.1678750" lon="-123.9364090">
    <ele>22.7</ele>
    <time>2024-09-04T15:10:14Z</time>
   </trkpt>
   <trkpt lat="49.1679050" lon="-123.9364260">
    <ele>22.8</ele>
    <time>2024-09-04T15:10:15Z</time>
   </trkpt>
   <trkpt lat="49.1679350" lon="-123.9364480">
    <ele>22.9</ele>
    <time>2024-09-04T15:10:16Z</time>
   </trkpt>
   <trkpt lat="49.1679650" lon="-123.9364690">
    <ele>23.0</ele>
    <time>2024-09-04T15:10:17Z</time>
   </trkpt>
   <trkpt lat="49.1679930" lon="-123.9364880">
    <ele>23.1</ele>
    <time>2024-09-04T15:10:18Z</time>
   </trkpt>
   <trkpt lat="49.1680220" lon="-123.9365070">
    <ele>23.2</ele>
    <time>2024-09-04T15:10:19Z</time>
   </trkpt>
   <trkpt lat="49.1680520" lon="-123.9365270">
    <ele>23.3</ele>
    <time>2024-09-04T15:10:20Z</time>
   </trkpt>
   <trkpt lat="49.1680850" lon="-123.9365440">
    <ele>23.4</ele>
    <time>2024-09-04T15:10:21Z</time>
   </trkpt>
   <trkpt lat="49.1681200" lon="-123.9365660">
    <ele>23.4</ele>
    <time>2024-09-04T15:10:22Z</time>
   </trkpt>
   <trkpt lat="49.1681560" lon="-123.9365850">
    <ele>23.5</ele>
    <time>2024-09-04T15:10:23Z</time>
   </trkpt>
   <trkpt lat="49.1681910" lon="-123.9366070">
    <ele>23.6</ele>
    <time>2024-09-04T15:10:24Z</time>
   </trkpt>
   <trkpt lat="49.1682270" lon="-123.9366300">
    <ele>23.7</ele>
    <time>2024-09-04T15:10:25Z</time>
   </trkpt>
   <trkpt lat="49.1682620" lon="-123.9366510">
    <ele>23.8</ele>
    <time>2024-09-04T15:10:26Z</time>
   </trkpt>
   <trkpt lat="49.1682960" lon="-123.9366740">
    <ele>23.8</ele>
    <time>2024-09-04T15:10:27Z</time>
   </trkpt>
   <trkpt lat="49.1683280" lon="-123.9366950">
    <ele>23.9</ele>
    <time>2024-09-04T15:10:28Z</time>
   </trkpt>
   <trkpt lat="49.1683600" lon="-123.9367160">
    <ele>23.9</ele>
    <time>2024-09-04T15:10:29Z</time>
   </trkpt>
   <trkpt lat="49.1683920" lon="-123.9367380">
    <ele>24.0</ele>
    <time>2024-09-04T15:10:30Z</time>
   </trkpt>
   <trkpt lat="49.1684260" lon="-123.9367600">
    <ele>24.0</ele>
    <time>2024-09-04T15:10:31Z</time>
   </trkpt>
   <trkpt lat="49.1684610" lon="-123.9367820">
    <ele>24.1</ele>
    <time>2024-09-04T15:10:32Z</time>
   </trkpt>
   <trkpt lat="49.1684990" lon="-123.9368050">
    <ele>24.1</ele>
    <time>2024-09-04T15:10:33Z</time>
   </trkpt>
   <trkpt lat="49.1685360" lon="-123.9368280">
    <ele>24.2</ele>
    <time>2024-09-04T15:10:34Z</time>
   </trkpt>
   <trkpt lat="49.1685720" lon="-123.9368520">
    <ele>24.2</ele>
    <time>2024-09-04T15:10:35Z</time>
   </trkpt>
   <trkpt lat="49.1686080" lon="-123.9368740">
    <ele>24.3</ele>
    <time>2024-09-04T15:10:36Z</time>
   </trkpt>
   <trkpt lat="49.1686450" lon="-123.9368960">
    <ele>24.4</ele>
    <time>2024-09-04T15:10:37Z</time>
   </trkpt>
   <trkpt lat="49.1686820" lon="-123.9369170">
    <ele>24.4</ele>
    <time>2024-09-04T15:10:38Z</time>
   </trkpt>
   <trkpt lat="49.1687180" lon="-123.9369420">
    <ele>24.5</ele>
    <time>2024-09-04T15:10:39Z</time>
   </trkpt>
   <trkpt lat="49.1687560" lon="-123.9369670">
    <ele>24.5</ele>
    <time>2024-09-04T15:10:40Z</time>
   </trkpt>
   <trkpt lat="49.1687940" lon="-123.9369920">
    <ele>24.6</ele>
    <time>2024-09-04T15:10:41Z</time>
   </trkpt>
   <trkpt lat="49.1688320" lon="-123.9370150">
    <ele>24.7</ele>
    <time>2024-09-04T15:10:42Z</time>
   </trkpt>
   <trkpt lat="49.1688710" lon="-123.9370410">
    <ele>24.7</ele>
    <time>2024-09-04T15:10:43Z</time>
   </trkpt>
   <trkpt lat="49.1689100" lon="-123.9370700">
    <ele>24.8</ele>
    <time>2024-09-04T15:10:44Z</time>
   </trkpt>
   <trkpt lat="49.1689510" lon="-123.9370950">
    <ele>24.9</ele>
    <time>2024-09-04T15:10:45Z</time>
   </trkpt>
   <trkpt lat="49.1689920" lon="-123.9371250">
    <ele>24.9</ele>
    <time>2024-09-04T15:10:46Z</time>
   </trkpt>
   <trkpt lat="49.1690310" lon="-123.9371490">
    <ele>25.0</ele>
    <time>2024-09-04T15:10:47Z</time>
   </trkpt>
   <trkpt lat="49.1690730" lon="-123.9371700">
    <ele>25.0</ele>
    <time>2024-09-04T15:10:48Z</time>
   </trkpt>
   <trkpt lat="49.1691110" lon="-123.9372000">
    <ele>25.0</ele>
    <time>2024-09-04T15:10:49Z</time>
   </trkpt>
   <trkpt lat="49.1691530" lon="-123.9372330">
    <ele>25.0</ele>
    <time>2024-09-04T15:10:50Z</time>
   </trkpt>
   <trkpt lat="49.1691960" lon="-123.9372560">
    <ele>25.0</ele>
    <time>2024-09-04T15:10:51Z</time>
   </trkpt>
   <trkpt lat="49.1692380" lon="-123.9372860">
    <ele>25.0</ele>
    <time>2024-09-04T15:10:52Z</time>
   </trkpt>
   <trkpt lat="49.1692820" lon="-123.9373190">
    <ele>24.9</ele>
    <time>2024-09-04T15:10:53Z</time>
   </trkpt>
   <trkpt lat="49.1693260" lon="-123.9373500">
    <ele>24.9</ele>
    <time>2024-09-04T15:10:54Z</time>
   </trkpt>
   <trkpt lat="49.1693710" lon="-123.9373810">
    <ele>24.8</ele>
    <time>2024-09-04T15:10:55Z</time>
   </trkpt>
   <trkpt lat="49.1694190" lon="-123.9374120">
    <ele>24.7</ele>
    <time>2024-09-04T15:10:56Z</time>
   </trkpt>
   <trkpt lat="49.1694670" lon="-123.9374440">
    <ele>24.6</ele>
    <time>2024-09-04T15:10:57Z</time>
   </trkpt>
   <trkpt lat="49.1695170" lon="-123.9374790">
    <ele>24.5</ele>
    <time>2024-09-04T15:10:58Z</time>
   </trkpt>
   <trkpt lat="49.1695670" lon="-123.9375160">
    <ele>24.4</ele>
    <time>2024-09-04T15:10:59Z</time>
   </trkpt>
   <trkpt lat="49.1696160" lon="-123.9375500">
    <ele>24.2</ele>
    <time>2024-09-04T15:11:00Z</time>
   </trkpt>
   <trkpt lat="49.1696670" lon="-123.9375840">
    <ele>24.1</ele>
    <time>2024-09-04T15:11:01Z</time>
   </trkpt>
   <trkpt lat="49.1697190" lon="-123.9376120">
    <ele>23.9</ele>
    <time>2024-09-04T15:11:02Z</time>
   </trkpt>
   <trkpt lat="49.1697730" lon="-123.9376390">
    <ele>23.7</ele>
    <time>2024-09-04T15:11:03Z</time>
   </trkpt>
   <trkpt lat="49.1698280" lon="-123.9376590">
    <ele>23.5</ele>
    <time>2024-09-04T15:11:04Z</time>
   </trkpt>
   <trkpt lat="49.1698820" lon="-123.9376770">
    <ele>23.3</ele>
    <time>2024-09-04T15:11:05Z</time>
   </trkpt>
   <trkpt lat="49.1699380" lon="-123.9376960">
    <ele>23.0</ele>
    <time>2024-09-04T15:11:06Z</time>
   </trkpt>
   <trkpt lat="49.1699970" lon="-123.9377200">
    <ele>22.7</ele>
    <time>2024-09-04T15:11:07Z</time>
   </trkpt>
   <trkpt lat="49.1700570" lon="-123.9377440">
    <ele>22.3</ele>
    <time>2024-09-04T15:11:08Z</time>
   </trkpt>
   <trkpt lat="49.1701190" lon="-123.9377710">
    <ele>22.0</ele>
    <time>2024-09-04T15:11:09Z</time>
   </trkpt>
   <trkpt lat="49.1701810" lon="-123.9378100">
    <ele>21.6</ele>
    <time>2024-09-04T15:11:10Z</time>
   </trkpt>
   <trkpt lat="49.1702350" lon="-123.9378790">
    <ele>21.2</ele>
    <time>2024-09-04T15:11:11Z</time>
   </trkpt>
   <trkpt lat="49.1702820" lon="-123.9379610">
    <ele>20.7</ele>
    <time>2024-09-04T15:11:12Z</time>
   </trkpt>
   <trkpt lat="49.1703140" lon="-123.9380610">
    <ele>20.3</ele>
    <time>2024-09-04T15:11:13Z</time>
   </trkpt>
   <trkpt lat="49.1703270" lon="-123.9381710">
    <ele>19.7</ele>
    <time>2024-09-04T15:11:14Z</time>
   </trkpt>
   <trkpt lat="49.1703260" lon="-123.9382870">
    <ele>19.2</ele>
    <time>2024-09-04T15:11:15Z</time>
   </trkpt>
   <trkpt lat="49.1703230" lon="-123.9384070">
    <ele>18.6</ele>
    <time>2024-09-04T15:11:16Z</time>
   </trkpt>
   <trkpt lat="49.1703160" lon="-123.9385330">
    <ele>18.0</ele>
    <time>2024-09-04T15:11:17Z</time>
   </trkpt>
   <trkpt lat="49.1703110" lon="-123.9386560">
    <ele>17.5</ele>
    <time>2024-09-04T15:11:18Z</time>
   </trkpt>
   <trkpt lat="49.1703080" lon="-123.9387800">
    <ele>17.0</ele>
    <time>2024-09-04T15:11:19Z</time>
   </trkpt>
   <trkpt lat="49.1703040" lon="-123.9389010">
    <ele>16.6</ele>
    <time>2024-09-04T15:11:20Z</time>
   </trkpt>
   <trkpt lat="49.1703000" lon="-123.9390180">
    <ele>16.2</ele>
    <time>2024-09-04T15:11:21Z</time>
   </trkpt>
   <trkpt lat="49.1702960" lon="-123.9391270">
    <ele>15.9</ele>
    <time>2024-09-04T15:11:22Z</time>
   </trkpt>
   <trkpt lat="49.1702930" lon="-123.9392290">
    <ele>15.6</ele>
    <time>2024-09-04T15:11:23Z</time>
   </trkpt>
   <trkpt lat="49.1702930" lon="-123.9393210">
    <ele>15.4</ele>
    <time>2024-09-04T15:11:24Z</time>
   </trkpt>
   <trkpt lat="49.1702940" lon="-123.9394140">
    <ele>15.1</ele>
    <time>2024-09-04T15:11:25Z</time>
   </trkpt>
   <trkpt lat="49.1702940" lon="-123.9395050">
    <ele>15.1</ele>
    <time>2024-09-04T15:11:26Z</time>
   </trkpt>
   <trkpt lat="49.1702940" lon="-123.9395960">
    <ele>15.1</ele>
    <time>2024-09-04T15:11:27Z</time>
   </trkpt>
   <trkpt lat="49.1702880" lon="-123.9396830">
    <ele>15.1</ele>
    <time>2024-09-04T15:11:28Z</time>
   </trkpt>
   <trkpt lat="49.1702790" lon="-123.9397700">
    <ele>15.1</ele>
    <time>2024-09-04T15:11:29Z</time>
   </trkpt>
   <trkpt lat="49.1702770" lon="-123.9398540">
    <ele>15.1</ele>
    <time>2024-09-04T15:11:30Z</time>
   </trkpt>
   <trkpt lat="49.1702840" lon="-123.9399390">
    <ele>15.2</ele>
    <time>2024-09-04T15:11:31Z</time>
   </trkpt>
   <trkpt lat="49.1702900" lon="-123.9400220">
    <ele>15.2</ele>
    <time>2024-09-04T15:11:32Z</time>
   </trkpt>
   <trkpt lat="49.1702920" lon="-123.9401050">
    <ele>15.3</ele>
    <time>2024-09-04T15:11:33Z</time>
   </trkpt>
   <trkpt lat="49.1702890" lon="-123.9401850">
    <ele>15.5</ele>
    <time>2024-09-04T15:11:34Z</time>
   </trkpt>
   <trkpt lat="49.1702860" lon="-123.9402640">
    <ele>15.7</ele>
    <time>2024-09-04T15:11:35Z</time>
   </trkpt>
   <trkpt lat="49.1702820" lon="-123.9403380">
    <ele>15.9</ele>
    <time>2024-09-04T15:11:36Z</time>
   </trkpt>
   <trkpt lat="49.1702810" lon="-123.9404090">
    <ele>16.1</ele>
    <time>2024-09-04T15:11:37Z</time>
   </trkpt>
   <trkpt lat="49.1702800" lon="-123.9404780">
    <ele>16.2</ele>
    <time>2024-09-04T15:11:38Z</time>
   </trkpt>
   <trkpt lat="49.1702770" lon="-123.9405460">
    <ele>16.2</ele>
    <time>2024-09-04T15:11:39Z</time>
   </trkpt>
   <trkpt lat="49.1702770" lon="-123.9406100">
    <ele>16.2</ele>
    <time>2024-09-04T15:11:40Z</time>
   </trkpt>
   <trkpt lat="49.1702940" lon="-123.9406630">
    <ele>16.2</ele>
    <time>2024-09-04T15:11:41Z</time>
   </trkpt>
   <trkpt lat="49.1703220" lon="-123.9407060">
    <ele>16.2</ele>
    <time>2024-09-04T15:11:42Z</time>
   </trkpt>
   <trkpt lat="49.1703530" lon="-123.9407390">
    <ele>16.2</ele>
    <time>2024-09-04T15:11:43Z</time>
   </trkpt>
   <trkpt lat="49.1703930" lon="-123.9407630">
    <ele>16.3</ele>
    <time>2024-09-04T15:11:44Z</time>
   </trkpt>
   <trkpt lat="49.1704340" lon="-123.9407840">
    <ele>16.3</ele>
    <time>2024-09-04T15:11:45Z</time>
   </trkpt>
   <trkpt lat="49.1704780" lon="-123.9407980">
    <ele>16.3</ele>
    <time>2024-09-04T15:11:46Z</time>
   </trkpt>
   <trkpt lat="49.1705220" lon="-123.9408130">
    <ele>16.3</ele>
    <time>2024-09-04T15:11:47Z</time>
   </trkpt>
   <trkpt lat="49.1705670" lon="-123.9408280">
    <ele>16.4</ele>
    <time>2024-09-04T15:11:48Z</time>
   </trkpt>
   <trkpt lat="49.1706130" lon="-123.9408480">
    <ele>16.5</ele>
    <time>2024-09-04T15:11:49Z</time>
   </trkpt>
   <trkpt lat="49.1706630" lon="-123.9408680">
    <ele>16.6</ele>
    <time>2024-09-04T15:11:50Z</time>
   </trkpt>
   <trkpt lat="49.1707130" lon="-123.9408900">
    <ele>16.7</ele>
    <time>2024-09-04T15:11:51Z</time>
   </trkpt>
   <trkpt lat="49.1707650" lon="-123.9409170">
    <ele>16.7</ele>
    <time>2024-09-04T15:11:52Z</time>
   </trkpt>
   <trkpt lat="49.1708150" lon="-123.9409470">
    <ele>16.8</ele>
    <time>2024-09-04T15:11:53Z</time>
   </trkpt>
   <trkpt lat="49.1708660" lon="-123.9409780">
    <ele>16.8</ele>
    <time>2024-09-04T15:11:54Z</time>
   </trkpt>
   <trkpt lat="49.1709180" lon="-123.9410100">
    <ele>16.9</ele>
    <time>2024-09-04T15:11:55Z</time>
   </trkpt>
   <trkpt lat="49.1709670" lon="-123.9410480">
    <ele>16.9</ele>
    <time>2024-09-04T15:11:56Z</time>
   </trkpt>
   <trkpt lat="49.1710150" lon="-123.9410880">
    <ele>17.0</ele>
    <time>2024-09-04T15:11:57Z</time>
   </trkpt>
   <trkpt lat="49.1710620" lon="-123.9411320">
    <ele>17.1</ele>
    <time>2024-09-04T15:11:58Z</time>
   </trkpt>
   <trkpt lat="49.1711090" lon="-123.9411750">
    <ele>17.1</ele>
    <time>2024-09-04T15:11:59Z</time>
   </trkpt>
   <trkpt lat="49.1711570" lon="-123.9412180">
    <ele>17.2</ele>
    <time>2024-09-04T15:12:00Z</time>
   </trkpt>
   <trkpt lat="49.1712060" lon="-123.9412580">
    <ele>17.3</ele>
    <time>2024-09-04T15:12:01Z</time>
   </trkpt>
   <trkpt lat="49.1712530" lon="-123.9412980">
    <ele>17.3</ele>
    <time>2024-09-04T15:12:02Z</time>
   </trkpt>
   <trkpt lat="49.1713010" lon="-123.9413360">
    <ele>17.4</ele>
    <time>2024-09-04T15:12:03Z</time>
   </trkpt>
   <trkpt lat="49.1713520" lon="-123.9413800">
    <ele>17.4</ele>
    <time>2024-09-04T15:12:04Z</time>
   </trkpt>
   <trkpt lat="49.1714000" lon="-123.9414270">
    <ele>17.5</ele>
    <time>2024-09-04T15:12:05Z</time>
   </trkpt>
   <trkpt lat="49.1714500" lon="-123.9414690">
    <ele>17.5</ele>
    <time>2024-09-04T15:12:06Z</time>
   </trkpt>
   <trkpt lat="49.1714990" lon="-123.9415080">
    <ele>17.6</ele>
    <time>2024-09-04T15:12:07Z</time>
   </trkpt>
   <trkpt lat="49.1715480" lon="-123.9415470">
    <ele>17.6</ele>
    <time>2024-09-04T15:12:08Z</time>
   </trkpt>
   <trkpt lat="49.1715950" lon="-123.9415860">
    <ele>17.7</ele>
    <time>2024-09-04T15:12:09Z</time>
   </trkpt>
   <trkpt lat="49.1716410" lon="-123.9416260">
    <ele>17.7</ele>
    <time>2024-09-04T15:12:10Z</time>
   </trkpt>
   <trkpt lat="49.1716880" lon="-123.9416670">
    <ele>17.8</ele>
    <time>2024-09-04T15:12:11Z</time>
   </trkpt>
   <trkpt lat="49.1717340" lon="-123.9417050">
    <ele>17.9</ele>
    <time>2024-09-04T15:12:12Z</time>
   </trkpt>
   <trkpt lat="49.1717810" lon="-123.9417450">
    <ele>17.9</ele>
    <time>2024-09-04T15:12:13Z</time>
   </trkpt>
   <trkpt lat="49.1718270" lon="-123.9417860">
    <ele>18.0</ele>
    <time>2024-09-04T15:12:14Z</time>
   </trkpt>
   <trkpt lat="49.1718740" lon="-123.9418250">
    <ele>18.0</ele>
    <time>2024-09-04T15:12:15Z</time>
   </trkpt>
   <trkpt lat="49.1719200" lon="-123.9418670">
    <ele>18.1</ele>
    <time>2024-09-04T15:12:16Z</time>
   </trkpt>
   <trkpt lat="49.1719700" lon="-123.9419030">
    <ele>18.1</ele>
    <time>2024-09-04T15:12:17Z</time>
   </trkpt>
   <trkpt lat="49.1720190" lon="-123.9419360">
    <ele>18.1</ele>
    <time>2024-09-04T15:12:18Z</time>
   </trkpt>
   <trkpt lat="49.1720690" lon="-123.9419660">
    <ele>18.1</ele>
    <time>2024-09-04T15:12:19Z</time>
   </trkpt>
   <trkpt lat="49.1721200" lon="-123.9419590">
    <ele>18.0</ele>
    <time>2024-09-04T15:12:20Z</time>
   </trkpt>
   <trkpt lat="49.1721690" lon="-123.9419420">
    <ele>18.0</ele>
    <time>2024-09-04T15:12:21Z</time>
   </trkpt>
   <trkpt lat="49.1722150" lon="-123.9419180">
    <ele>18.0</ele>
    <time>2024-09-04T15:12:22Z</time>
   </trkpt>
   <trkpt lat="49.1722590" lon="-123.9418950">
    <ele>17.9</ele>
    <time>2024-09-04T15:12:23Z</time>
   </trkpt>
   <trkpt lat="49.1723050" lon="-123.9418690">
    <ele>17.9</ele>
    <time>2024-09-04T15:12:24Z</time>
   </trkpt>
   <trkpt lat="49.1723550" lon="-123.9418500">
    <ele>17.8</ele>
    <time>2024-09-04T15:12:25Z</time>
   </trkpt>
   <trkpt lat="49.1724040" lon="-123.9418230">
    <ele>17.7</ele>
    <time>2024-09-04T15:12:26Z</time>
   </trkpt>
   <trkpt lat="49.1724560" lon="-123.9417980">
    <ele>17.7</ele>
    <time>2024-09-04T15:12:27Z</time>
   </trkpt>
   <trkpt lat="49.1725070" lon="-123.9417710">
    <ele>17.6</ele>
    <time>2024-09-04T15:12:28Z</time>
   </trkpt>
   <trkpt lat="49.1725570" lon="-123.9417420">
    <ele>17.5</ele>
    <time>2024-09-04T15:12:29Z</time>
   </trkpt>
   <trkpt lat="49.1726070" lon="-123.9417170">
    <ele>17.5</ele>
    <time>2024-09-04T15:12:30Z</time>
   </trkpt>
   <trkpt lat="49.1726570" lon="-123.9416930">
    <ele>17.5</ele>
    <time>2024-09-04T15:12:31Z</time>
   </trkpt>
   <trkpt lat="49.1727080" lon="-123.9416710">
    <ele>17.4</ele>
    <time>2024-09-04T15:12:32Z</time>
   </trkpt>
   <trkpt lat="49.1727600" lon="-123.9416530">
    <ele>17.4</ele>
    <time>2024-09-04T15:12:33Z</time>
   </trkpt>
   <trkpt lat="49.1728090" lon="-123.9416270">
    <ele>17.4</ele>
    <time>2024-09-04T15:12:34Z</time>
   </trkpt>
   <trkpt lat="49.1728590" lon="-123.9416050">
    <ele>17.4</ele>
    <time>2024-09-04T15:12:35Z</time>
   </trkpt>
   <trkpt lat="49.1729090" lon="-123.9415830">
    <ele>17.4</ele>
    <time>2024-09-04T15:12:36Z</time>
   </trkpt>
   <trkpt lat="49.1729580" lon="-123.9415600">
    <ele>17.4</ele>
    <time>2024-09-04T15:12:37Z</time>
   </trkpt>
   <trkpt lat="49.1730050" lon="-123.9415380">
    <ele>17.4</ele>
    <time>2024-09-04T15:12:38Z</time>
   </trkpt>
   <trkpt lat="49.1730540" lon="-123.9415190">
    <ele>17.4</ele>
    <time>2024-09-04T15:12:39Z</time>
   </trkpt>
   <trkpt lat="49.1731020" lon="-123.9415030">
    <ele>17.4</ele>
    <time>2024-09-04T15:12:40Z</time>
   </trkpt>
   <trkpt lat="49.1731520" lon="-123.9414860">
    <ele>17.4</ele>
    <time>2024-09-04T15:12:41Z</time>
   </trkpt>
   <trkpt lat="49.1732040" lon="-123.9414670">
    <ele>17.4</ele>
    <time>2024-09-04T15:12:42Z</time>
   </trkpt>
   <trkpt lat="49.1732550" lon="-123.9414410">
    <ele>17.4</ele>
    <time>2024-09-04T15:12:43Z</time>
   </trkpt>
   <trkpt lat="49.1733070" lon="-123.9414210">
    <ele>17.4</ele>
    <time>2024-09-04T15:12:44Z</time>
   </trkpt>
   <trkpt lat="49.1733580" lon="-123.9414130">
    <ele>17.4</ele>
    <time>2024-09-04T15:12:45Z</time>
   </trkpt>
   <trkpt lat="49.1734110" lon="-123.9413880">
    <ele>17.4</ele>
    <time>2024-09-04T15:12:46Z</time>
   </trkpt>
   <trkpt lat="49.1734640" lon="-123.9413680">
    <ele>17.4</ele>
    <time>2024-09-04T15:12:47Z</time>
   </trkpt>
   <trkpt lat="49.1735160" lon="-123.9413550">
    <ele>17.4</ele>
    <time>2024-09-04T15:12:48Z</time>
   </trkpt>
   <trkpt lat="49.1735700" lon="-123.9413450">
    <ele>17.4</ele>
    <time>2024-09-04T15:12:49Z</time>
   </trkpt>
   <trkpt lat="49.1736220" lon="-123.9413380">
    <ele>17.4</ele>
    <time>2024-09-04T15:12:50Z</time>
   </trkpt>
   <trkpt lat="49.1736740" lon="-123.9413360">
    <ele>17.5</ele>
    <time>2024-09-04T15:12:51Z</time>
   </trkpt>
   <trkpt lat="49.1737290" lon="-123.9413350">
    <ele>17.6</ele>
    <time>2024-09-04T15:12:52Z</time>
   </trkpt>
   <trkpt lat="49.1737800" lon="-123.9413360">
    <ele>17.7</ele>
    <time>2024-09-04T15:12:53Z</time>
   </trkpt>
   <trkpt lat="49.1738300" lon="-123.9413440">
    <ele>17.8</ele>
    <time>2024-09-04T15:12:54Z</time>
   </trkpt>
   <trkpt lat="49.1738760" lon="-123.9413620">
    <ele>17.9</ele>
    <time>2024-09-04T15:12:55Z</time>
   </trkpt>
   <trkpt lat="49.1739240" lon="-123.9413810">
    <ele>18.1</ele>
    <time>2024-09-04T15:12:56Z</time>
   </trkpt>
   <trkpt lat="49.1739710" lon="-123.9414030">
    <ele>18.3</ele>
    <time>2024-09-04T15:12:57Z</time>
   </trkpt>
   <trkpt lat="49.1740180" lon="-123.9414210">
    <ele>18.5</ele>
    <time>2024-09-04T15:12:58Z</time>
   </trkpt>
   <trkpt lat="49.1740660" lon="-123.9414410">
    <ele>18.7</ele>
    <time>2024-09-04T15:12:59Z</time>
   </trkpt>
   <trkpt lat="49.1741130" lon="-123.9414620">
    <ele>18.9</ele>
    <time>2024-09-04T15:13:00Z</time>
   </trkpt>
   <trkpt lat="49.1741600" lon="-123.9414780">
    <ele>19.1</ele>
    <time>2024-09-04T15:13:01Z</time>
   </trkpt>
   <trkpt lat="49.1742070" lon="-123.9414970">
    <ele>19.3</ele>
    <time>2024-09-04T15:13:02Z</time>
   </trkpt>
   <trkpt lat="49.1742530" lon="-123.9415200">
    <ele>19.5</ele>
    <time>2024-09-04T15:13:03Z</time>
   </trkpt>
   <trkpt lat="49.1743000" lon="-123.9415450">
    <ele>19.6</ele>
    <time>2024-09-04T15:13:04Z</time>
   </trkpt>
   <trkpt lat="49.1743470" lon="-123.9415660">
    <ele>19.7</ele>
    <time>2024-09-04T15:13:05Z</time>
   </trkpt>
   <trkpt lat="49.1743930" lon="-123.9415860">
    <ele>19.8</ele>
    <time>2024-09-04T15:13:06Z</time>
   </trkpt>
   <trkpt lat="49.1744390" lon="-123.9416140">
    <ele>19.9</ele>
    <time>2024-09-04T15:13:07Z</time>
   </trkpt>
   <trkpt lat="49.1744850" lon="-123.9416400">
    <ele>19.9</ele>
    <time>2024-09-04T15:13:08Z</time>
   </trkpt>
   <trkpt lat="49.1745330" lon="-123.9416660">
    <ele>19.9</ele>
    <time>2024-09-04T15:13:09Z</time>
   </trkpt>
   <trkpt lat="49.1745820" lon="-123.9416930">
    <ele>19.8</ele>
    <time>2024-09-04T15:13:10Z</time>
   </trkpt>
   <trkpt lat="49.1746310" lon="-123.9417190">
    <ele>19.7</ele>
    <time>2024-09-04T15:13:11Z</time>
   </trkpt>
   <trkpt lat="49.1746800" lon="-123.9417440">
    <ele>19.5</ele>
    <time>2024-09-04T15:13:12Z</time>
   </trkpt>
   <trkpt lat="49.1747320" lon="-123.9417740">
    <ele>19.4</ele>
    <time>2024-09-04T15:13:13Z</time>
   </trkpt>
   <trkpt lat="49.1747850" lon="-123.9418030">
    <ele>19.2</ele>
    <time>2024-09-04T15:13:14Z</time>
   </trkpt>
   <trkpt lat="49.1748410" lon="-123.9418290">
    <ele>19.0</ele>
    <time>2024-09-04T15:13:15Z</time>
   </trkpt>
   <trkpt lat="49.1748990" lon="-123.9418510">
    <ele>18.8</ele>
    <time>2024-09-04T15:13:16Z</time>
   </trkpt>
   <trkpt lat="49.1749580" lon="-123.9418730">
    <ele>18.5</ele>
    <time>2024-09-04T15:13:17Z</time>
   </trkpt>
   <trkpt lat="49.1750190" lon="-123.9418900">
    <ele>18.2</ele>
    <time>2024-09-04T15:13:18Z</time>
   </trkpt>
   <trkpt lat="49.1750840" lon="-123.9419070">
    <ele>17.9</ele>
    <time>2024-09-04T15:13:19Z</time>
   </trkpt>
   <trkpt lat="49.1751490" lon="-123.9419270">
    <ele>17.5</ele>
    <time>2024-09-04T15:13:20Z</time>
   </trkpt>
   <trkpt lat="49.1752130" lon="-123.9419510">
    <ele>17.3</ele>
    <time>2024-09-04T15:13:21Z</time>
   </trkpt>
   <trkpt lat="49.1752770" lon="-123.9419800">
    <ele>17.0</ele>
    <time>2024-09-04T15:13:22Z</time>
   </trkpt>
   <trkpt lat="49.1753420" lon="-123.9420010">
    <ele>16.8</ele>
    <time>2024-09-04T15:13:23Z</time>
   </trkpt>
   <trkpt lat="49.1754130" lon="-123.9420280">
    <ele>16.5</ele>
    <time>2024-09-04T15:13:24Z</time>
   </trkpt>
   <trkpt lat="49.1754770" lon="-123.9420500">
    <ele>16.3</ele>
    <time>2024-09-04T15:13:25Z</time>
   </trkpt>
   <trkpt lat="49.1755390" lon="-123.9420740">
    <ele>16.2</ele>
    <time>2024-09-04T15:13:26Z</time>
   </trkpt>
   <trkpt lat="49.1756030" lon="-123.9421060">
    <ele>16.0</ele>
    <time>2024-09-04T15:13:27Z</time>
   </trkpt>
   <trkpt lat="49.1756640" lon="-123.9421370">
    <ele>15.9</ele>
    <time>2024-09-04T15:13:28Z</time>
   </trkpt>
   <trkpt lat="49.1757240" lon="-123.9421680">
    <ele>15.8</ele>
    <time>2024-09-04T15:13:29Z</time>
   </trkpt>
   <trkpt lat="49.1757810" lon="-123.9421980">
    <ele>15.7</ele>
    <time>2024-09-04T15:13:30Z</time>
   </trkpt>
   <trkpt lat="49.1758380" lon="-123.9422220">
    <ele>15.6</ele>
    <time>2024-09-04T15:13:31Z</time>
   </trkpt>
   <trkpt lat="49.1758980" lon="-123.9422460">
    <ele>15.4</ele>
    <time>2024-09-04T15:13:32Z</time>
   </trkpt>
   <trkpt lat="49.1759570" lon="-123.9422730">
    <ele>15.2</ele>
    <time>2024-09-04T15:13:33Z</time>
   </trkpt>
   <trkpt lat="49.1760140" lon="-123.9423020">
    <ele>15.0</ele>
    <time>2024-09-04T15:13:34Z</time>
   </trkpt>
   <trkpt lat="49.1760690" lon="-123.9423310">
    <ele>14.8</ele>
    <time>2024-09-04T15:13:35Z</time>
   </trkpt>
   <trkpt lat="49.1761250" lon="-123.9423590">
    <ele>14.7</ele>
    <time>2024-09-04T15:13:36Z</time>
   </trkpt>
   <trkpt lat="49.1761790" lon="-123.9423820">
    <ele>14.5</ele>
    <time>2024-09-04T15:13:37Z</time>
   </trkpt>
   <trkpt lat="49.1762370" lon="-123.9424000">
    <ele>14.2</ele>
    <time>2024-09-04T15:13:38Z</time>
   </trkpt>
   <trkpt lat="49.1762990" lon="-123.9424260">
    <ele>14.1</ele>
    <time>2024-09-04T15:13:39Z</time>
   </trkpt>
   <trkpt lat="49.1763590" lon="-123.9424550">
    <ele>14.1</ele>
    <time>2024-09-04T15:13:40Z</time>
   </trkpt>
   <trkpt lat="49.1764180" lon="-123.9424820">
    <ele>14.1</ele>
    <time>2024-09-04T15:13:41Z</time>
   </trkpt>
   <trkpt lat="49.1764800" lon="-123.9425100">
    <ele>14.1</ele>
    <time>2024-09-04T15:13:42Z</time>
   </trkpt>
   <trkpt lat="49.1765390" lon="-123.9425390">
    <ele>14.1</ele>
    <time>2024-09-04T15:13:43Z</time>
   </trkpt>
   <trkpt lat="49.1765980" lon="-123.9425630">
    <ele>14.1</ele>
    <time>2024-09-04T15:13:44Z</time>
   </trkpt>
   <trkpt lat="49.1766550" lon="-123.9425880">
    <ele>14.2</ele>
    <time>2024-09-04T15:13:45Z</time>
   </trkpt>
   <trkpt lat="49.1767070" lon="-123.9426200">
    <ele>14.2</ele>
    <time>2024-09-04T15:13:46Z</time>
   </trkpt>
   <trkpt lat="49.1767560" lon="-123.9426540">
    <ele>14.4</ele>
    <time>2024-09-04T15:13:47Z</time>
   </trkpt>
   <trkpt lat="49.1767970" lon="-123.9426910">
    <ele>14.5</ele>
    <time>2024-09-04T15:13:48Z</time>
   </trkpt>
   <trkpt lat="49.1768380" lon="-123.9427270">
    <ele>14.6</ele>
    <time>2024-09-04T15:13:49Z</time>
   </trkpt>
   <trkpt lat="49.1768710" lon="-123.9427620">
    <ele>14.8</ele>
    <time>2024-09-04T15:13:50Z</time>
   </trkpt>
   <trkpt lat="49.1768930" lon="-123.9428120">
    <ele>15.1</ele>
    <time>2024-09-04T15:13:51Z</time>
   </trkpt>
   <trkpt lat="49.1769040" lon="-123.9428760">
    <ele>15.4</ele>
    <time>2024-09-04T15:13:52Z</time>
   </trkpt>
   <trkpt lat="49.1769010" lon="-123.9429400">
    <ele>15.7</ele>
    <time>2024-09-04T15:13:53Z</time>
   </trkpt>
   <trkpt lat="49.1768860" lon="-123.9430030">
    <ele>16.0</ele>
    <time>2024-09-04T15:13:54Z</time>
   </trkpt>
   <trkpt lat="49.1768750" lon="-123.9430560">
    <ele>16.3</ele>
    <time>2024-09-04T15:13:55Z</time>
   </trkpt>
   <trkpt lat="49.1768660" lon="-123.9431040">
    <ele>16.6</ele>
    <time>2024-09-04T15:13:56Z</time>
   </trkpt>
   <trkpt lat="49.1768550" lon="-123.9431510">
    <ele>16.9</ele>
    <time>2024-09-04T15:13:57Z</time>
   </trkpt>
   <trkpt lat="49.1768460" lon="-123.9431980">
    <ele>17.2</ele>
    <time>2024-09-04T15:13:58Z</time>
   </trkpt>
   <trkpt lat="49.1768430" lon="-123.9432440">
    <ele>17.5</ele>
    <time>2024-09-04T15:13:59Z</time>
   </trkpt>
   <trkpt lat="49.1768420" lon="-123.9432880">
    <ele>17.9</ele>
    <time>2024-09-04T15:14:00Z</time>
   </trkpt>
   <trkpt lat="49.1768390" lon="-123.9433330">
    <ele>18.2</ele>
    <time>2024-09-04T15:14:01Z</time>
   </trkpt>
   <trkpt lat="49.1768300" lon="-123.9433770">
    <ele>18.6</ele>
    <time>2024-09-04T15:14:02Z</time>
   </trkpt>
   <trkpt lat="49.1768210" lon="-123.9434190">
    <ele>19.0</ele>
    <time>2024-09-04T15:14:03Z</time>
   </trkpt>
   <trkpt lat="49.1768110" lon="-123.9434760">
    <ele>19.5</ele>
    <time>2024-09-04T15:14:04Z</time>
   </trkpt>
   <trkpt lat="49.1768070" lon="-123.9434960">
    <ele>19.6</ele>
    <time>2024-09-04T15:14:05Z</time>
   </trkpt>
   <trkpt lat="49.1767980" lon="-123.9435400">
    <ele>20.0</ele>
    <time>2024-09-04T15:14:06Z</time>
   </trkpt>
   <trkpt lat="49.1767950" lon="-123.9435860">
    <ele>20.4</ele>
    <time>2024-09-04T15:14:07Z</time>
   </trkpt>
   <trkpt lat="49.1767900" lon="-123.9436270">
    <ele>20.7</ele>
    <time>2024-09-04T15:14:08Z</time>
   </trkpt>
   <trkpt lat="49.1767820" lon="-123.9436660">
    <ele>21.1</ele>
    <time>2024-09-04T15:14:09Z</time>
   </trkpt>
   <trkpt lat="49.1767740" lon="-123.9437080">
    <ele>21.4</ele>
    <time>2024-09-04T15:14:10Z</time>
   </trkpt>
   <trkpt lat="49.1767710" lon="-123.9437450">
    <ele>21.7</ele>
    <time>2024-09-04T15:14:11Z</time>
   </trkpt>
   <trkpt lat="49.1767680" lon="-123.9437670">
    <ele>21.9</ele>
    <time>2024-09-04T15:14:12Z</time>
   </trkpt>
   <trkpt lat="49.1767610" lon="-123.9438150">
    <ele>22.3</ele>
    <time>2024-09-04T15:14:13Z</time>
   </trkpt>
   <trkpt lat="49.1767580" lon="-123.9438430">
    <ele>22.5</ele>
    <time>2024-09-04T15:14:14Z</time>
   </trkpt>
   <trkpt lat="49.1767560" lon="-123.9438660">
    <ele>22.6</ele>
    <time>2024-09-04T15:14:15Z</time>
   </trkpt>
   <trkpt lat="49.1767570" lon="-123.9438840">
    <ele>22.8</ele>
    <time>2024-09-04T15:14:16Z</time>
   </trkpt>
   <trkpt lat="49.1767580" lon="-123.9439020">
    <ele>22.9</ele>
    <time>2024-09-04T15:14:17Z</time>
   </trkpt>
   <trkpt lat="49.1767600" lon="-123.9439080">
    <ele>22.9</ele>
    <time>2024-09-04T15:14:18Z</time>
   </trkpt>
   <trkpt lat="49.1767620" lon="-123.9439040">
    <ele>23.0</ele>
    <time>2024-09-04T15:14:19Z</time>
   </trkpt>
   <trkpt lat="49.1767610" lon="-123.9439020">
    <ele>23.0</ele>
    <time>2024-09-04T15:14:20Z</time>
   </trkpt>
   <trkpt lat="49.1767630" lon="-123.9439030">
    <ele>23.0</ele>
    <time>2024-09-04T15:14:21Z</time>
   </trkpt>
   <trkpt lat="49.1767630" lon="-123.9439050">
    <ele>23.0</ele>
    <time>2024-09-04T15:14:22Z</time>
   </trkpt>
   <trkpt lat="49.1767630" lon="-123.9439270">
    <ele>23.0</ele>
    <time>2024-09-04T15:14:23Z</time>
   </trkpt>
   <trkpt lat="49.1767640" lon="-123.9439510">
    <ele>23.0</ele>
    <time>2024-09-04T15:14:24Z</time>
   </trkpt>
   <trkpt lat="49.1767850" lon="-123.9439910">
    <ele>23.0</ele>
    <time>2024-09-04T15:14:25Z</time>
   </trkpt>
   <trkpt lat="49.1767970" lon="-123.9440030">
    <ele>23.0</ele>
    <time>2024-09-04T15:14:26Z</time>
   </trkpt>
   <trkpt lat="49.1768260" lon="-123.9440270">
    <ele>23.0</ele>
    <time>2024-09-04T15:14:27Z</time>
   </trkpt>
   <trkpt lat="49.1768340" lon="-123.9440370">
    <ele>23.0</ele>
    <time>2024-09-04T15:14:28Z</time>
   </trkpt>
   <trkpt lat="49.1768620" lon="-123.9440700">
    <ele>23.0</ele>
    <time>2024-09-04T15:14:29Z</time>
   </trkpt>
   <trkpt lat="49.1768740" lon="-123.9440830">
    <ele>23.0</ele>
    <time>2024-09-04T15:14:30Z</time>
   </trkpt>
   <trkpt lat="49.1769110" lon="-123.9441090">
    <ele>23.0</ele>
    <time>2024-09-04T15:14:31Z</time>
   </trkpt>
   <trkpt lat="49.1769250" lon="-123.9441180">
    <ele>23.0</ele>
    <time>2024-09-04T15:14:32Z</time>
   </trkpt>
   <trkpt lat="49.1769630" lon="-123.9441430">
    <ele>22.9</ele>
    <time>2024-09-04T15:14:33Z</time>
   </trkpt>
   <trkpt lat="49.1769770" lon="-123.9441510">
    <ele>22.9</ele>
    <time>2024-09-04T15:14:34Z</time>
   </trkpt>
   <trkpt lat="49.1770030" lon="-123.9441700">
    <ele>22.9</ele>
    <time>2024-09-04T15:14:35Z</time>
   </trkpt>
   <trkpt lat="49.1770400" lon="-123.9441920">
    <ele>22.9</ele>
    <time>2024-09-04T15:14:36Z</time>
   </trkpt>
   <trkpt lat="49.1770530" lon="-123.9441970">
    <ele>22.9</ele>
    <time>2024-09-04T15:14:37Z</time>
   </trkpt>
   <trkpt lat="49.1770850" lon="-123.9442130">
    <ele>22.9</ele>
    <time>2024-09-04T15:14:38Z</time>
   </trkpt>
   <trkpt lat="49.1770950" lon="-123.9442180">
    <ele>22.9</ele>
    <time>2024-09-04T15:14:39Z</time>
   </trkpt>
   <trkpt lat="49.1771260" lon="-123.9442270">
    <ele>22.8</ele>
    <time>2024-09-04T15:14:40Z</time>
   </trkpt>
   <trkpt lat="49.1771380" lon="-123.9442370">
    <ele>22.8</ele>
    <time>2024-09-04T15:14:41Z</time>
   </trkpt>
   <trkpt lat="49.1771690" lon="-123.9442490">
    <ele>22.8</ele>
    <time>2024-09-04T15:14:42Z</time>
   </trkpt>
   <trkpt lat="49.1772060" lon="-123.9442680">
    <ele>22.8</ele>
    <time>2024-09-04T15:14:43Z</time>
   </trkpt>
   <trkpt lat="49.1772180" lon="-123.9442750">
    <ele>22.8</ele>
    <time>2024-09-04T15:14:44Z</time>
   </trkpt>
   <trkpt lat="49.1772520" lon="-123.9442950">
    <ele>22.8</ele>
    <time>2024-09-04T15:14:45Z</time>
   </trkpt>
   <trkpt lat="49.1772630" lon="-123.9443020">
    <ele>22.8</ele>
    <time>2024-09-04T15:14:46Z</time>
   </trkpt>
   <trkpt lat="49.1772910" lon="-123.9443230">
    <ele>22.7</ele>
    <time>2024-09-04T15:14:47Z</time>
   </trkpt>
   <trkpt lat="49.1773000" lon="-123.9443300">
    <ele>22.7</ele>
    <time>2024-09-04T15:14:48Z</time>
   </trkpt>
   <trkpt lat="49.1773350" lon="-123.9443640">
    <ele>22.7</ele>
    <time>2024-09-04T15:14:49Z</time>
   </trkpt>
   <trkpt lat="49.1773470" lon="-123.9443780">
    <ele>22.7</ele>
    <time>2024-09-04T15:14:50Z</time>
   </trkpt>
   <trkpt lat="49.1773760" lon="-123.9444050">
    <ele>22.7</ele>
    <time>2024-09-04T15:14:51Z</time>
   </trkpt>
   <trkpt lat="49.1774110" lon="-123.9444170">
    <ele>22.7</ele>
    <time>2024-09-04T15:14:52Z</time>
   </trkpt>
   <trkpt lat="49.1774520" lon="-123.9444350">
    <ele>22.6</ele>
    <time>2024-09-04T15:14:53Z</time>
   </trkpt>
   <trkpt lat="49.1774930" lon="-123.9444590">
    <ele>22.6</ele>
    <time>2024-09-04T15:14:54Z</time>
   </trkpt>
   <trkpt lat="49.1775360" lon="-123.9444820">
    <ele>22.6</ele>
    <time>2024-09-04T15:14:55Z</time>
   </trkpt>
   <trkpt lat="49.1775830" lon="-123.9444970">
    <ele>22.5</ele>
    <time>2024-09-04T15:14:56Z</time>
   </trkpt>
   <trkpt lat="49.1776280" lon="-123.9445180">
    <ele>22.5</ele>
    <time>2024-09-04T15:14:57Z</time>
   </trkpt>
   <trkpt lat="49.1776720" lon="-123.9445390">
    <ele>22.5</ele>
    <time>2024-09-04T15:14:58Z</time>
   </trkpt>
   <trkpt lat="49.1777230" lon="-123.9445590">
    <ele>22.5</ele>
    <time>2024-09-04T15:14:59Z</time>
   </trkpt>
   <trkpt lat="49.1777740" lon="-123.9445760">
    <ele>22.4</ele>
    <time>2024-09-04T15:15:00Z</time>
   </trkpt>
   <trkpt lat="49.1778240" lon="-123.9445960">
    <ele>22.4</ele>
    <time>2024-09-04T15:15:01Z</time>
   </trkpt>
   <trkpt lat="49.1778710" lon="-123.9446200">
    <ele>22.3</ele>
    <time>2024-09-04T15:15:02Z</time>
   </trkpt>
   <trkpt lat="49.1779220" lon="-123.9446460">
    <ele>22.3</ele>
    <time>2024-09-04T15:15:03Z</time>
   </trkpt>
   <trkpt lat="49.1779730" lon="-123.9446670">
    <ele>22.2</ele>
    <time>2024-09-04T15:15:04Z</time>
   </trkpt>
   <trkpt lat="49.1780240" lon="-123.9446940">
    <ele>22.1</ele>
    <time>2024-09-04T15:15:05Z</time>
   </trkpt>
   <trkpt lat="49.1780820" lon="-123.9447160">
    <ele>22.1</ele>
    <time>2024-09-04T15:15:06Z</time>
   </trkpt>
   <trkpt lat="49.1781360" lon="-123.9447380">
    <ele>22.0</ele>
    <time>2024-09-04T15:15:07Z</time>
   </trkpt>
   <trkpt lat="49.1781910" lon="-123.9447470">
    <ele>21.9</ele>
    <time>2024-09-04T15:15:08Z</time>
   </trkpt>
   <trkpt lat="49.1782460" lon="-123.9447580">
    <ele>21.8</ele>
    <time>2024-09-04T15:15:09Z</time>
   </trkpt>
   <trkpt lat="49.1782990" lon="-123.9447760">
    <ele>21.7</ele>
    <time>2024-09-04T15:15:10Z</time>
   </trkpt>
   <trkpt lat="49.1783540" lon="-123.9447940">
    <ele>21.6</ele>
    <time>2024-09-04T15:15:11Z</time>
   </trkpt>
   <trkpt lat="49.1784060" lon="-123.9448110">
    <ele>21.5</ele>
    <time>2024-09-04T15:15:12Z</time>
   </trkpt>
   <trkpt lat="49.1784600" lon="-123.9448290">
    <ele>21.5</ele>
    <time>2024-09-04T15:15:13Z</time>
   </trkpt>
   <trkpt lat="49.1785130" lon="-123.9448470">
    <ele>21.4</ele>
    <time>2024-09-04T15:15:14Z</time>
   </trkpt>
   <trkpt lat="49.1785730" lon="-123.9448650">
    <ele>21.2</ele>
    <time>2024-09-04T15:15:15Z</time>
   </trkpt>
   <trkpt lat="49.1786380" lon="-123.9448850">
    <ele>21.1</ele>
    <time>2024-09-04T15:15:16Z</time>
   </trkpt>
   <trkpt lat="49.1787030" lon="-123.9449090">
    <ele>20.9</ele>
    <time>2024-09-04T15:15:17Z</time>
   </trkpt>
   <trkpt lat="49.1787630" lon="-123.9449320">
    <ele>20.8</ele>
    <time>2024-09-04T15:15:18Z</time>
   </trkpt>
   <trkpt lat="49.1788240" lon="-123.9449580">
    <ele>20.6</ele>
    <time>2024-09-04T15:15:19Z</time>
   </trkpt>
   <trkpt lat="49.1788850" lon="-123.9449890">
    <ele>20.5</ele>
    <time>2024-09-04T15:15:20Z</time>
   </trkpt>
   <trkpt lat="49.1789440" lon="-123.9450200">
    <ele>20.3</ele>
    <time>2024-09-04T15:15:21Z</time>
   </trkpt>
   <trkpt lat="49.1790020" lon="-123.9450500">
    <ele>20.1</ele>
    <time>2024-09-04T15:15:22Z</time>
   </trkpt>
   <trkpt lat="49.1790600" lon="-123.9450790">
    <ele>20.0</ele>
    <time>2024-09-04T15:15:23Z</time>
   </trkpt>
   <trkpt lat="49.1791170" lon="-123.9451070">
    <ele>19.8</ele>
    <time>2024-09-04T15:15:24Z</time>
   </trkpt>
   <trkpt lat="49.1791750" lon="-123.9451370">
    <ele>19.7</ele>
    <time>2024-09-04T15:15:25Z</time>
   </trkpt>
   <trkpt lat="49.1792330" lon="-123.9451630">
    <ele>19.5</ele>
    <time>2024-09-04T15:15:26Z</time>
   </trkpt>
   <trkpt lat="49.1792930" lon="-123.9451870">
    <ele>19.4</ele>
    <time>2024-09-04T15:15:27Z</time>
   </trkpt>
   <trkpt lat="49.1793500" lon="-123.9452150">
    <ele>19.2</ele>
    <time>2024-09-04T15:15:28Z</time>
   </trkpt>
   <trkpt lat="49.1794070" lon="-123.9452440">
    <ele>19.0</ele>
    <time>2024-09-04T15:15:29Z</time>
   </trkpt>
   <trkpt lat="49.1794650" lon="-123.9452710">
    <ele>18.9</ele>
    <time>2024-09-04T15:15:30Z</time>
   </trkpt>
   <trkpt lat="49.1795200" lon="-123.9453010">
    <ele>18.8</ele>
    <time>2024-09-04T15:15:31Z</time>
   </trkpt>
   <trkpt lat="49.1795770" lon="-123.9453300">
    <ele>18.6</ele>
    <time>2024-09-04T15:15:32Z</time>
   </trkpt>
   <trkpt lat="49.1796450" lon="-123.9453550">
    <ele>18.4</ele>
    <time>2024-09-04T15:15:33Z</time>
   </trkpt>
   <trkpt lat="49.1797080" lon="-123.9453860">
    <ele>18.3</ele>
    <time>2024-09-04T15:15:34Z</time>
   </trkpt>
   <trkpt lat="49.1797720" lon="-123.9454150">
    <ele>18.1</ele>
    <time>2024-09-04T15:15:35Z</time>
   </trkpt>
   <trkpt lat="49.1798340" lon="-123.9454500">
    <ele>18.0</ele>
    <time>2024-09-04T15:15:36Z</time>
   </trkpt>
   <trkpt lat="49.1798960" lon="-123.9454760">
    <ele>17.9</ele>
    <time>2024-09-04T15:15:37Z</time>
   </trkpt>
   <trkpt lat="49.1799590" lon="-123.9455050">
    <ele>17.7</ele>
    <time>2024-09-04T15:15:38Z</time>
   </trkpt>
   <trkpt lat="49.1800230" lon="-123.9455310">
    <ele>17.6</ele>
    <time>2024-09-04T15:15:39Z</time>
   </trkpt>
   <trkpt lat="49.1800870" lon="-123.9455540">
    <ele>17.5</ele>
    <time>2024-09-04T15:15:40Z</time>
   </trkpt>
   <trkpt lat="49.1801520" lon="-123.9455760">
    <ele>17.5</ele>
    <time>2024-09-04T15:15:41Z</time>
   </trkpt>
   <trkpt lat="49.1802170" lon="-123.9456010">
    <ele>17.4</ele>
    <time>2024-09-04T15:15:42Z</time>
   </trkpt>
   <trkpt lat="49.1802830" lon="-123.9456250">
    <ele>17.4</ele>
    <time>2024-09-04T15:15:43Z</time>
   </trkpt>
   <trkpt lat="49.1803510" lon="-123.9456450">
    <ele>17.3</ele>
    <time>2024-09-04T15:15:44Z</time>
   </trkpt>
   <trkpt lat="49.1804170" lon="-123.9456630">
    <ele>17.3</ele>
    <time>2024-09-04T15:15:45Z</time>
   </trkpt>
   <trkpt lat="49.1804810" lon="-123.9456780">
    <ele>17.2</ele>
    <time>2024-09-04T15:15:46Z</time>
   </trkpt>
   <trkpt lat="49.1805440" lon="-123.9456910">
    <ele>17.2</ele>
    <time>2024-09-04T15:15:47Z</time>
   </trkpt>
   <trkpt lat="49.1806050" lon="-123.9456990">
    <ele>17.2</ele>
    <time>2024-09-04T15:15:48Z</time>
   </trkpt>
   <trkpt lat="49.1806670" lon="-123.9457050">
    <ele>17.2</ele>
    <time>2024-09-04T15:15:49Z</time>
   </trkpt>
   <trkpt lat="49.1807270" lon="-123.9457110">
    <ele>17.2</ele>
    <time>2024-09-04T15:15:50Z</time>
   </trkpt>
   <trkpt lat="49.1807870" lon="-123.9457150">
    <ele>17.2</ele>
    <time>2024-09-04T15:15:51Z</time>
   </trkpt>
   <trkpt lat="49.1808470" lon="-123.9457180">
    <ele>17.2</ele>
    <time>2024-09-04T15:15:52Z</time>
   </trkpt>
   <trkpt lat="49.1809060" lon="-123.9457170">
    <ele>17.2</ele>
    <time>2024-09-04T15:15:53Z</time>
   </trkpt>
   <trkpt lat="49.1809620" lon="-123.9457140">
    <ele>17.2</ele>
    <time>2024-09-04T15:15:54Z</time>
   </trkpt>
   <trkpt lat="49.1810170" lon="-123.9457120">
    <ele>17.3</ele>
    <time>2024-09-04T15:15:55Z</time>
   </trkpt>
   <trkpt lat="49.1810720" lon="-123.9457110">
    <ele>17.3</ele>
    <time>2024-09-04T15:15:56Z</time>
   </trkpt>
   <trkpt lat="49.1811280" lon="-123.9457080">
    <ele>17.3</ele>
    <time>2024-09-04T15:15:57Z</time>
   </trkpt>
   <trkpt lat="49.1811820" lon="-123.9457110">
    <ele>17.3</ele>
    <time>2024-09-04T15:15:58Z</time>
   </trkpt>
   <trkpt lat="49.1812360" lon="-123.9457080">
    <ele>17.3</ele>
    <time>2024-09-04T15:15:59Z</time>
   </trkpt>
   <trkpt lat="49.1812900" lon="-123.9457060">
    <ele>17.3</ele>
    <time>2024-09-04T15:16:00Z</time>
   </trkpt>
   <trkpt lat="49.1813440" lon="-123.9457050">
    <ele>17.3</ele>
    <time>2024-09-04T15:16:01Z</time>
   </trkpt>
   <trkpt lat="49.1813970" lon="-123.9457020">
    <ele>17.4</ele>
    <time>2024-09-04T15:16:02Z</time>
   </trkpt>
   <trkpt lat="49.1814480" lon="-123.9457000">
    <ele>17.4</ele>
    <time>2024-09-04T15:16:03Z</time>
   </trkpt>
   <trkpt lat="49.1814990" lon="-123.9456990">
    <ele>17.4</ele>
    <time>2024-09-04T15:16:04Z</time>
   </trkpt>
   <trkpt lat="49.1815480" lon="-123.9457000">
    <ele>17.4</ele>
    <time>2024-09-04T15:16:05Z</time>
   </trkpt>
   <trkpt lat="49.1815980" lon="-123.9457090">
    <ele>17.4</ele>
    <time>2024-09-04T15:16:06Z</time>
   </trkpt>
   <trkpt lat="49.1816480" lon="-123.9457110">
    <ele>17.4</ele>
    <time>2024-09-04T15:16:07Z</time>
   </trkpt>
   <trkpt lat="49.1816970" lon="-123.9457140">
    <ele>17.5</ele>
    <time>2024-09-04T15:16:08Z</time>
   </trkpt>
   <trkpt lat="49.1817440" lon="-123.9457230">
    <ele>17.5</ele>
    <time>2024-09-04T15:16:09Z</time>
   </trkpt>
   <trkpt lat="49.1817920" lon="-123.9457300">
    <ele>17.5</ele>
    <time>2024-09-04T15:16:10Z</time>
   </trkpt>
   <trkpt lat="49.1818400" lon="-123.9457380">
    <ele>17.5</ele>
    <time>2024-09-04T15:16:11Z</time>
   </trkpt>
   <trkpt lat="49.1818880" lon="-123.9457450">
    <ele>17.5</ele>
    <time>2024-09-04T15:16:12Z</time>
   </trkpt>
   <trkpt lat="49.1819360" lon="-123.9457540">
    <ele>17.5</ele>
    <time>2024-09-04T15:16:13Z</time>
   </trkpt>
   <trkpt lat="49.1819820" lon="-123.9457660">
    <ele>17.5</ele>
    <time>2024-09-04T15:16:14Z</time>
   </trkpt>
   <trkpt lat="49.1820280" lon="-123.9457840">
    <ele>17.6</ele>
    <time>2024-09-04T15:16:15Z</time>
   </trkpt>
   <trkpt lat="49.1820740" lon="-123.9458020">
    <ele>17.6</ele>
    <time>2024-09-04T15:16:16Z</time>
   </trkpt>
   <trkpt lat="49.1821190" lon="-123.9458220">
    <ele>17.6</ele>
    <time>2024-09-04T15:16:17Z</time>
   </trkpt>
   <trkpt lat="49.1821630" lon="-123.9458420">
    <ele>17.6</ele>
    <time>2024-09-04T15:16:18Z</time>
   </trkpt>
   <trkpt lat="49.1822060" lon="-123.9458680">
    <ele>17.7</ele>
    <time>2024-09-04T15:16:19Z</time>
   </trkpt>
   <trkpt lat="49.1822490" lon="-123.9458930">
    <ele>17.7</ele>
    <time>2024-09-04T15:16:20Z</time>
   </trkpt>
   <trkpt lat="49.1822930" lon="-123.9459150">
    <ele>17.7</ele>
    <time>2024-09-04T15:16:21Z</time>
   </trkpt>
   <trkpt lat="49.1823370" lon="-123.9459400">
    <ele>17.7</ele>
    <time>2024-09-04T15:16:22Z</time>
   </trkpt>
   <trkpt lat="49.1823800" lon="-123.9459650">
    <ele>17.7</ele>
    <time>2024-09-04T15:16:23Z</time>
   </trkpt>
   <trkpt lat="49.1824230" lon="-123.9459920">
    <ele>17.7</ele>
    <time>2024-09-04T15:16:24Z</time>
   </trkpt>
   <trkpt lat="49.1824670" lon="-123.9460200">
    <ele>17.7</ele>
    <time>2024-09-04T15:16:25Z</time>
   </trkpt>
   <trkpt lat="49.1825050" lon="-123.9460560">
    <ele>17.7</ele>
    <time>2024-09-04T15:16:26Z</time>
   </trkpt>
   <trkpt lat="49.1825460" lon="-123.9460910">
    <ele>17.7</ele>
    <time>2024-09-04T15:16:27Z</time>
   </trkpt>
   <trkpt lat="49.1825870" lon="-123.9461280">
    <ele>17.7</ele>
    <time>2024-09-04T15:16:28Z</time>
   </trkpt>
   <trkpt lat="49.1826290" lon="-123.9461680">
    <ele>17.7</ele>
    <time>2024-09-04T15:16:29Z</time>
   </trkpt>
   <trkpt lat="49.1826720" lon="-123.9462030">
    <ele>17.7</ele>
    <time>2024-09-04T15:16:30Z</time>
   </trkpt>
   <trkpt lat="49.1827140" lon="-123.9462410">
    <ele>17.7</ele>
    <time>2024-09-04T15:16:31Z</time>
   </trkpt>
   <trkpt lat="49.1827560" lon="-123.9462840">
    <ele>17.7</ele>
    <time>2024-09-04T15:16:32Z</time>
   </trkpt>
   <trkpt lat="49.1827960" lon="-123.9463300">
    <ele>17.7</ele>
    <time>2024-09-04T15:16:33Z</time>
   </trkpt>
   <trkpt lat="49.1828340" lon="-123.9463770">
    <ele>17.6</ele>
    <time>2024-09-04T15:16:34Z</time>
   </trkpt>
   <trkpt lat="49.1828720" lon="-123.9464250">
    <ele>17.6</ele>
    <time>2024-09-04T15:16:35Z</time>
   </trkpt>
   <trkpt lat="49.1829100" lon="-123.9464720">
    <ele>17.5</ele>
    <time>2024-09-04T15:16:36Z</time>
   </trkpt>
   <trkpt lat="49.1829500" lon="-123.9465210">
    <ele>17.5</ele>
    <time>2024-09-04T15:16:37Z</time>
   </trkpt>
   <trkpt lat="49.1829920" lon="-123.9465700">
    <ele>17.4</ele>
    <time>2024-09-04T15:16:38Z</time>
   </trkpt>
   <trkpt lat="49.1830330" lon="-123.9466230">
    <ele>17.3</ele>
    <time>2024-09-04T15:16:39Z</time>
   </trkpt>
   <trkpt lat="49.1830720" lon="-123.9466770">
    <ele>17.1</ele>
    <time>2024-09-04T15:16:40Z</time>
   </trkpt>
   <trkpt lat="49.1831140" lon="-123.9467300">
    <ele>17.0</ele>
    <time>2024-09-04T15:16:41Z</time>
   </trkpt>
   <trkpt lat="49.1831570" lon="-123.9467850">
    <ele>16.8</ele>
    <time>2024-09-04T15:16:42Z</time>
   </trkpt>
   <trkpt lat="49.1832020" lon="-123.9468420">
    <ele>16.6</ele>
    <time>2024-09-04T15:16:43Z</time>
   </trkpt>
   <trkpt lat="49.1832490" lon="-123.9468900">
    <ele>16.4</ele>
    <time>2024-09-04T15:16:44Z</time>
   </trkpt>
   <trkpt lat="49.1832980" lon="-123.9469370">
    <ele>16.2</ele>
    <time>2024-09-04T15:16:45Z</time>
   </trkpt>
   <trkpt lat="49.1833480" lon="-123.9469810">
    <ele>16.0</ele>
    <time>2024-09-04T15:16:46Z</time>
   </trkpt>
   <trkpt lat="49.1833980" lon="-123.9470240">
    <ele>15.8</ele>
    <time>2024-09-04T15:16:47Z</time>
   </trkpt>
   <trkpt lat="49.1834510" lon="-123.9470680">
    <ele>15.6</ele>
    <time>2024-09-04T15:16:48Z</time>
   </trkpt>
   <trkpt lat="49.1835060" lon="-123.9471090">
    <ele>15.4</ele>
    <time>2024-09-04T15:16:49Z</time>
   </trkpt>
   <trkpt lat="49.1835600" lon="-123.9471540">
    <ele>15.1</ele>
    <time>2024-09-04T15:16:50Z</time>
   </trkpt>
   <trkpt lat="49.1836170" lon="-123.9471920">
    <ele>14.8</ele>
    <time>2024-09-04T15:16:51Z</time>
   </trkpt>
   <trkpt lat="49.1836810" lon="-123.9472260">
    <ele>14.5</ele>
    <time>2024-09-04T15:16:52Z</time>
   </trkpt>
   <trkpt lat="49.1837450" lon="-123.9472550">
    <ele>14.2</ele>
    <time>2024-09-04T15:16:53Z</time>
   </trkpt>
   <trkpt lat="49.1838140" lon="-123.9472750">
    <ele>13.8</ele>
    <time>2024-09-04T15:16:54Z</time>
   </trkpt>
   <trkpt lat="49.1838850" lon="-123.9472950">
    <ele>13.5</ele>
    <time>2024-09-04T15:16:55Z</time>
   </trkpt>
   <trkpt lat="49.1839570" lon="-123.9473110">
    <ele>13.2</ele>
    <time>2024-09-04T15:16:56Z</time>
   </trkpt>
   <trkpt lat="49.1840300" lon="-123.9473250">
    <ele>12.9</ele>
    <time>2024-09-04T15:16:57Z</time>
   </trkpt>
   <trkpt lat="49.1841030" lon="-123.9473370">
    <ele>12.6</ele>
    <time>2024-09-04T15:16:58Z</time>
   </trkpt>
   <trkpt lat="49.1841760" lon="-123.9473490">
    <ele>12.4</ele>
    <time>2024-09-04T15:16:59Z</time>
   </trkpt>
   <trkpt lat="49.1842470" lon="-123.9473610">
    <ele>12.3</ele>
    <time>2024-09-04T15:17:00Z</time>
   </trkpt>
   <trkpt lat="49.1843180" lon="-123.9473800">
    <ele>12.1</ele>
    <time>2024-09-04T15:17:01Z</time>
   </trkpt>
   <trkpt lat="49.1843890" lon="-123.9473860">
    <ele>12.0</ele>
    <time>2024-09-04T15:17:02Z</time>
   </trkpt>
   <trkpt lat="49.1844580" lon="-123.9473940">
    <ele>11.9</ele>
    <time>2024-09-04T15:17:03Z</time>
   </trkpt>
   <trkpt lat="49.1845260" lon="-123.9474050">
    <ele>11.9</ele>
    <time>2024-09-04T15:17:04Z</time>
   </trkpt>
   <trkpt lat="49.1845930" lon="-123.9474160">
    <ele>11.9</ele>
    <time>2024-09-04T15:17:05Z</time>
   </trkpt>
   <trkpt lat="49.1846580" lon="-123.9474240">
    <ele>11.9</ele>
    <time>2024-09-04T15:17:06Z</time>
   </trkpt>
   <trkpt lat="49.1847180" lon="-123.9474330">
    <ele>11.9</ele>
    <time>2024-09-04T15:17:07Z</time>
   </trkpt>
   <trkpt lat="49.1847770" lon="-123.9474440">
    <ele>12.0</ele>
    <time>2024-09-04T15:17:08Z</time>
   </trkpt>
   <trkpt lat="49.1848360" lon="-123.9474510">
    <ele>12.1</ele>
    <time>2024-09-04T15:17:09Z</time>
   </trkpt>
   <trkpt lat="49.1848940" lon="-123.9474540">
    <ele>12.1</ele>
    <time>2024-09-04T15:17:10Z</time>
   </trkpt>
   <trkpt lat="49.1849490" lon="-123.9474640">
    <ele>12.2</ele>
    <time>2024-09-04T15:17:11Z</time>
   </trkpt>
   <trkpt lat="49.1850050" lon="-123.9474760">
    <ele>12.3</ele>
    <time>2024-09-04T15:17:12Z</time>
   </trkpt>
   <trkpt lat="49.1850600" lon="-123.9474840">
    <ele>12.4</ele>
    <time>2024-09-04T15:17:13Z</time>
   </trkpt>
   <trkpt lat="49.1851120" lon="-123.9474790">
    <ele>12.5</ele>
    <time>2024-09-04T15:17:14Z</time>
   </trkpt>
   <trkpt lat="49.1851660" lon="-123.9474840">
    <ele>12.5</ele>
    <time>2024-09-04T15:17:15Z</time>
   </trkpt>
   <trkpt lat="49.1852180" lon="-123.9474980">
    <ele>12.6</ele>
    <time>2024-09-04T15:17:16Z</time>
   </trkpt>
   <trkpt lat="49.1852690" lon="-123.9475100">
    <ele>12.6</ele>
    <time>2024-09-04T15:17:17Z</time>
   </trkpt>
   <trkpt lat="49.1853190" lon="-123.9475160">
    <ele>12.7</ele>
    <time>2024-09-04T15:17:18Z</time>
   </trkpt>
   <trkpt lat="49.1853680" lon="-123.9475190">
    <ele>12.8</ele>
    <time>2024-09-04T15:17:19Z</time>
   </trkpt>
   <trkpt lat="49.1854180" lon="-123.9475220">
    <ele>12.8</ele>
    <time>2024-09-04T15:17:20Z</time>
   </trkpt>
   <trkpt lat="49.1854650" lon="-123.9475280">
    <ele>12.9</ele>
    <time>2024-09-04T15:17:21Z</time>
   </trkpt>
   <trkpt lat="49.1855130" lon="-123.9475380">
    <ele>13.0</ele>
    <time>2024-09-04T15:17:22Z</time>
   </trkpt>
   <trkpt lat="49.1855590" lon="-123.9475510">
    <ele>13.1</ele>
    <time>2024-09-04T15:17:23Z</time>
   </trkpt>
   <trkpt lat="49.1856030" lon="-123.9475670">
    <ele>13.1</ele>
    <time>2024-09-04T15:17:24Z</time>
   </trkpt>
   <trkpt lat="49.1856500" lon="-123.9475820">
    <ele>13.2</ele>
    <time>2024-09-04T15:17:25Z</time>
   </trkpt>
   <trkpt lat="49.1856930" lon="-123.9475970">
    <ele>13.3</ele>
    <time>2024-09-04T15:17:26Z</time>
   </trkpt>
   <trkpt lat="49.1857370" lon="-123.9476130">
    <ele>13.4</ele>
    <time>2024-09-04T15:17:27Z</time>
   </trkpt>
   <trkpt lat="49.1857790" lon="-123.9476280">
    <ele>13.4</ele>
    <time>2024-09-04T15:17:28Z</time>
   </trkpt>
   <trkpt lat="49.1858220" lon="-123.9476450">
    <ele>13.5</ele>
    <time>2024-09-04T15:17:29Z</time>
   </trkpt>
   <trkpt lat="49.1858630" lon="-123.9476670">
    <ele>13.5</ele>
    <time>2024-09-04T15:17:30Z</time>
   </trkpt>
   <trkpt lat="49.1859040" lon="-123.9476920">
    <ele>13.6</ele>
    <time>2024-09-04T15:17:31Z</time>
   </trkpt>
   <trkpt lat="49.1859460" lon="-123.9477190">
    <ele>13.6</ele>
    <time>2024-09-04T15:17:32Z</time>
   </trkpt>
   <trkpt lat="49.1859850" lon="-123.9477540">
    <ele>13.6</ele>
    <time>2024-09-04T15:17:33Z</time>
   </trkpt>
   <trkpt lat="49.1860240" lon="-123.9477870">
    <ele>13.6</ele>
    <time>2024-09-04T15:17:34Z</time>
   </trkpt>
   <trkpt lat="49.1860650" lon="-123.9478220">
    <ele>13.7</ele>
    <time>2024-09-04T15:17:35Z</time>
   </trkpt>
   <trkpt lat="49.1861070" lon="-123.9478530">
    <ele>13.8</ele>
    <time>2024-09-04T15:17:36Z</time>
   </trkpt>
   <trkpt lat="49.1861470" lon="-123.9478950">
    <ele>13.8</ele>
    <time>2024-09-04T15:17:37Z</time>
   </trkpt>
   <trkpt lat="49.1861860" lon="-123.9479380">
    <ele>13.9</ele>
    <time>2024-09-04T15:17:38Z</time>
   </trkpt>
   <trkpt lat="49.1862250" lon="-123.9479840">
    <ele>13.9</ele>
    <time>2024-09-04T15:17:39Z</time>
   </trkpt>
   <trkpt lat="49.1862620" lon="-123.9480320">
    <ele>14.0</ele>
    <time>2024-09-04T15:17:40Z</time>
   </trkpt>
   <trkpt lat="49.1862990" lon="-123.9480820">
    <ele>14.1</ele>
    <time>2024-09-04T15:17:41Z</time>
   </trkpt>
   <trkpt lat="49.1863340" lon="-123.9481330">
    <ele>14.1</ele>
    <time>2024-09-04T15:17:42Z</time>
   </trkpt>
   <trkpt lat="49.1863660" lon="-123.9481840">
    <ele>14.2</ele>
    <time>2024-09-04T15:17:43Z</time>
   </trkpt>
   <trkpt lat="49.1863980" lon="-123.9482400">
    <ele>14.2</ele>
    <time>2024-09-04T15:17:44Z</time>
   </trkpt>
   <trkpt lat="49.1864280" lon="-123.9482960">
    <ele>14.2</ele>
    <time>2024-09-04T15:17:45Z</time>
   </trkpt>
   <trkpt lat="49.1864570" lon="-123.9483560">
    <ele>14.3</ele>
    <time>2024-09-04T15:17:46Z</time>
   </trkpt>
   <trkpt lat="49.1864860" lon="-123.9484120">
    <ele>14.3</ele>
    <time>2024-09-04T15:17:47Z</time>
   </trkpt>
   <trkpt lat="49.1865170" lon="-123.9484680">
    <ele>14.4</ele>
    <time>2024-09-04T15:17:48Z</time>
   </trkpt>
   <trkpt lat="49.1865460" lon="-123.9485240">
    <ele>14.5</ele>
    <time>2024-09-04T15:17:49Z</time>
   </trkpt>
   <trkpt lat="49.1865750" lon="-123.9485790">
    <ele>14.5</ele>
    <time>2024-09-04T15:17:50Z</time>
   </trkpt>
   <trkpt lat="49.1866030" lon="-123.9486340">
    <ele>14.6</ele>
    <time>2024-09-04T15:17:51Z</time>
   </trkpt>
   <trkpt lat="49.1866340" lon="-123.9486880">
    <ele>14.7</ele>
    <time>2024-09-04T15:17:52Z</time>
   </trkpt>
   <trkpt lat="49.1866610" lon="-123.9487470">
    <ele>14.8</ele>
    <time>2024-09-04T15:17:53Z</time>
   </trkpt>
   <trkpt lat="49.1866890" lon="-123.9488070">
    <ele>14.9</ele>
    <time>2024-09-04T15:17:54Z</time>
   </trkpt>
   <trkpt lat="49.1867170" lon="-123.9488670">
    <ele>15.0</ele>
    <time>2024-09-04T15:17:55Z</time>
   </trkpt>
   <trkpt lat="49.1867450" lon="-123.9489270">
    <ele>15.2</ele>
    <time>2024-09-04T15:17:56Z</time>
   </trkpt>
   <trkpt lat="49.1867710" lon="-123.9489890">
    <ele>15.3</ele>
    <time>2024-09-04T15:17:57Z</time>
   </trkpt>
   <trkpt lat="49.1867990" lon="-123.9490510">
    <ele>15.4</ele>
    <time>2024-09-04T15:17:58Z</time>
   </trkpt>
   <trkpt lat="49.1868260" lon="-123.9491130">
    <ele>15.5</ele>
    <time>2024-09-04T15:17:59Z</time>
   </trkpt>
   <trkpt lat="49.1868530" lon="-123.9491750">
    <ele>15.7</ele>
    <time>2024-09-04T15:18:00Z</time>
   </trkpt>
   <trkpt lat="49.1868770" lon="-123.9492410">
    <ele>15.8</ele>
    <time>2024-09-04T15:18:01Z</time>
   </trkpt>
   <trkpt lat="49.1869020" lon="-123.9493030">
    <ele>16.0</ele>
    <time>2024-09-04T15:18:02Z</time>
   </trkpt>
   <trkpt lat="49.1869300" lon="-123.9493650">
    <ele>16.1</ele>
    <time>2024-09-04T15:18:03Z</time>
   </trkpt>
   <trkpt lat="49.1869610" lon="-123.9494230">
    <ele>16.3</ele>
    <time>2024-09-04T15:18:04Z</time>
   </trkpt>
   <trkpt lat="49.1869930" lon="-123.9494800">
    <ele>16.4</ele>
    <time>2024-09-04T15:18:05Z</time>
   </trkpt>
   <trkpt lat="49.1870260" lon="-123.9495360">
    <ele>16.5</ele>
    <time>2024-09-04T15:18:06Z</time>
   </trkpt>
   <trkpt lat="49.1870570" lon="-123.9495940">
    <ele>16.6</ele>
    <time>2024-09-04T15:18:07Z</time>
   </trkpt>
   <trkpt lat="49.1870890" lon="-123.9496540">
    <ele>16.7</ele>
    <time>2024-09-04T15:18:08Z</time>
   </trkpt>
   <trkpt lat="49.1871230" lon="-123.9497110">
    <ele>16.7</ele>
    <time>2024-09-04T15:18:09Z</time>
   </trkpt>
   <trkpt lat="49.1871530" lon="-123.9497730">
    <ele>16.8</ele>
    <time>2024-09-04T15:18:10Z</time>
   </trkpt>
   <trkpt lat="49.1871810" lon="-123.9498320">
    <ele>16.8</ele>
    <time>2024-09-04T15:18:11Z</time>
   </trkpt>
   <trkpt lat="49.1872090" lon="-123.9498910">
    <ele>16.9</ele>
    <time>2024-09-04T15:18:12Z</time>
   </trkpt>
   <trkpt lat="49.1872420" lon="-123.9499440">
    <ele>16.9</ele>
    <time>2024-09-04T15:18:13Z</time>
   </trkpt>
   <trkpt lat="49.1872780" lon="-123.9499940">
    <ele>16.9</ele>
    <time>2024-09-04T15:18:14Z</time>
   </trkpt>
   <trkpt lat="49.1873160" lon="-123.9500430">
    <ele>16.9</ele>
    <time>2024-09-04T15:18:15Z</time>
   </trkpt>
   <trkpt lat="49.1873560" lon="-123.9500900">
    <ele>16.9</ele>
    <time>2024-09-04T15:18:16Z</time>
   </trkpt>
   <trkpt lat="49.1873950" lon="-123.9501370">
    <ele>17.0</ele>
    <time>2024-09-04T15:18:17Z</time>
   </trkpt>
   <trkpt lat="49.1874330" lon="-123.9501830">
    <ele>17.0</ele>
    <time>2024-09-04T15:18:18Z</time>
   </trkpt>
   <trkpt lat="49.1874720" lon="-123.9502260">
    <ele>17.0</ele>
    <time>2024-09-04T15:18:19Z</time>
   </trkpt>
   <trkpt lat="49.1875130" lon="-123.9502660">
    <ele>17.0</ele>
    <time>2024-09-04T15:18:20Z</time>
   </trkpt>
   <trkpt lat="49.1875550" lon="-123.9503010">
    <ele>17.0</ele>
    <time>2024-09-04T15:18:21Z</time>
   </trkpt>
   <trkpt lat="49.1875970" lon="-123.9503350">
    <ele>17.0</ele>
    <time>2024-09-04T15:18:22Z</time>
   </trkpt>
   <trkpt lat="49.1876390" lon="-123.9503680">
    <ele>17.0</ele>
    <time>2024-09-04T15:18:23Z</time>
   </trkpt>
   <trkpt lat="49.1876800" lon="-123.9504010">
    <ele>17.0</ele>
    <time>2024-09-04T15:18:24Z</time>
   </trkpt>
   <trkpt lat="49.1877220" lon="-123.9504360">
    <ele>17.0</ele>
    <time>2024-09-04T15:18:25Z</time>
   </trkpt>
   <trkpt lat="49.1877650" lon="-123.9504680">
    <ele>17.0</ele>
    <time>2024-09-04T15:18:26Z</time>
   </trkpt>
   <trkpt lat="49.1878070" lon="-123.9505000">
    <ele>17.0</ele>
    <time>2024-09-04T15:18:27Z</time>
   </trkpt>
   <trkpt lat="49.1878490" lon="-123.9505300">
    <ele>17.0</ele>
    <time>2024-09-04T15:18:28Z</time>
   </trkpt>
   <trkpt lat="49.1878910" lon="-123.9505630">
    <ele>16.9</ele>
    <time>2024-09-04T15:18:29Z</time>
   </trkpt>
   <trkpt lat="49.1879350" lon="-123.9505940">
    <ele>16.9</ele>
    <time>2024-09-04T15:18:30Z</time>
   </trkpt>
   <trkpt lat="49.1879790" lon="-123.9506250">
    <ele>16.9</ele>
    <time>2024-09-04T15:18:31Z</time>
   </trkpt>
   <trkpt lat="49.1880230" lon="-123.9506560">
    <ele>16.9</ele>
    <time>2024-09-04T15:18:32Z</time>
   </trkpt>
   <trkpt lat="49.1880670" lon="-123.9506860">
    <ele>16.9</ele>
    <time>2024-09-04T15:18:33Z</time>
   </trkpt>
   <trkpt lat="49.1881110" lon="-123.9507180">
    <ele>16.9</ele>
    <time>2024-09-04T15:18:34Z</time>
   </trkpt>
   <trkpt lat="49.1881560" lon="-123.9507520">
    <ele>16.8</ele>
    <time>2024-09-04T15:18:35Z</time>
   </trkpt>
   <trkpt lat="49.1881990" lon="-123.9507860">
    <ele>16.8</ele>
    <time>2024-09-04T15:18:36Z</time>
   </trkpt>
   <trkpt lat="49.1882420" lon="-123.9508220">
    <ele>16.8</ele>
    <time>2024-09-04T15:18:37Z</time>
   </trkpt>
   <trkpt lat="49.1882860" lon="-123.9508560">
    <ele>16.7</ele>
    <time>2024-09-04T15:18:38Z</time>
   </trkpt>
   <trkpt lat="49.1883310" lon="-123.9508900">
    <ele>16.7</ele>
    <time>2024-09-04T15:18:39Z</time>
   </trkpt>
   <trkpt lat="49.1883760" lon="-123.9509230">
    <ele>16.6</ele>
    <time>2024-09-04T15:18:40Z</time>
   </trkpt>
   <trkpt lat="49.1884210" lon="-123.9509540">
    <ele>16.6</ele>
    <time>2024-09-04T15:18:41Z</time>
   </trkpt>
   <trkpt lat="49.1884650" lon="-123.9509870">
    <ele>16.6</ele>
    <time>2024-09-04T15:18:42Z</time>
   </trkpt>
   <trkpt lat="49.1885110" lon="-123.9510170">
    <ele>16.5</ele>
    <time>2024-09-04T15:18:43Z</time>
   </trkpt>
   <trkpt lat="49.1885540" lon="-123.9510530">
    <ele>16.5</ele>
    <time>2024-09-04T15:18:44Z</time>
   </trkpt>
   <trkpt lat="49.1885960" lon="-123.9510810">
    <ele>16.4</ele>
    <time>2024-09-04T15:18:45Z</time>
   </trkpt>
   <trkpt lat="49.1886380" lon="-123.9511120">
    <ele>16.4</ele>
    <time>2024-09-04T15:18:46Z</time>
   </trkpt>
   <trkpt lat="49.1886760" lon="-123.9511410">
    <ele>16.3</ele>
    <time>2024-09-04T15:18:47Z</time>
   </trkpt>
   <trkpt lat="49.1887110" lon="-123.9511700">
    <ele>16.3</ele>
    <time>2024-09-04T15:18:48Z</time>
   </trkpt>
   <trkpt lat="49.1887470" lon="-123.9511960">
    <ele>16.2</ele>
    <time>2024-09-04T15:18:49Z</time>
   </trkpt>
   <trkpt lat="49.1887790" lon="-123.9512280">
    <ele>16.2</ele>
    <time>2024-09-04T15:18:50Z</time>
   </trkpt>
   <trkpt lat="49.1888110" lon="-123.9512620">
    <ele>16.2</ele>
    <time>2024-09-04T15:18:51Z</time>
   </trkpt>
   <trkpt lat="49.1888480" lon="-123.9512900">
    <ele>16.1</ele>
    <time>2024-09-04T15:18:52Z</time>
   </trkpt>
   <trkpt lat="49.1888900" lon="-123.9513150">
    <ele>16.1</ele>
    <time>2024-09-04T15:18:53Z</time>
   </trkpt>
   <trkpt lat="49.1889330" lon="-123.9513410">
    <ele>16.1</ele>
    <time>2024-09-04T15:18:54Z</time>
   </trkpt>
   <trkpt lat="49.1889740" lon="-123.9513710">
    <ele>16.0</ele>
    <time>2024-09-04T15:18:55Z</time>
   </trkpt>
   <trkpt lat="49.1890150" lon="-123.9514040">
    <ele>16.0</ele>
    <time>2024-09-04T15:18:56Z</time>
   </trkpt>
   <trkpt lat="49.1890540" lon="-123.9514370">
    <ele>16.0</ele>
    <time>2024-09-04T15:18:57Z</time>
   </trkpt>
   <trkpt lat="49.1890940" lon="-123.9514680">
    <ele>16.0</ele>
    <time>2024-09-04T15:18:58Z</time>
   </trkpt>
   <trkpt lat="49.1891350" lon="-123.9514970">
    <ele>16.0</ele>
    <time>2024-09-04T15:18:59Z</time>
   </trkpt>
   <trkpt lat="49.1891730" lon="-123.9515260">
    <ele>15.9</ele>
    <time>2024-09-04T15:19:00Z</time>
   </trkpt>
   <trkpt lat="49.1892110" lon="-123.9515590">
    <ele>15.9</ele>
    <time>2024-09-04T15:19:01Z</time>
   </trkpt>
   <trkpt lat="49.1892520" lon="-123.9515880">
    <ele>15.9</ele>
    <time>2024-09-04T15:19:02Z</time>
   </trkpt>
   <trkpt lat="49.1892980" lon="-123.9515840">
    <ele>15.8</ele>
    <time>2024-09-04T15:19:03Z</time>
   </trkpt>
   <trkpt lat="49.1893420" lon="-123.9515740">
    <ele>15.7</ele>
    <time>2024-09-04T15:19:04Z</time>
   </trkpt>
   <trkpt lat="49.1893870" lon="-123.9515670">
    <ele>15.6</ele>
    <time>2024-09-04T15:19:05Z</time>
   </trkpt>
   <trkpt lat="49.1894320" lon="-123.9515680">
    <ele>15.4</ele>
    <time>2024-09-04T15:19:06Z</time>
   </trkpt>
   <trkpt lat="49.1894760" lon="-123.9515790">
    <ele>15.3</ele>
    <time>2024-09-04T15:19:07Z</time>
   </trkpt>
   <trkpt lat="49.1895180" lon="-123.9515920">
    <ele>15.2</ele>
    <time>2024-09-04T15:19:08Z</time>
   </trkpt>
   <trkpt lat="49.1895610" lon="-123.9516090">
    <ele>15.1</ele>
    <time>2024-09-04T15:19:09Z</time>
   </trkpt>
   <trkpt lat="49.1896010" lon="-123.9516410">
    <ele>15.0</ele>
    <time>2024-09-04T15:19:10Z</time>
   </trkpt>
   <trkpt lat="49.1896370" lon="-123.9516830">
    <ele>14.9</ele>
    <time>2024-09-04T15:19:11Z</time>
   </trkpt>
   <trkpt lat="49.1896710" lon="-123.9517310">
    <ele>14.8</ele>
    <time>2024-09-04T15:19:12Z</time>
   </trkpt>
   <trkpt lat="49.1897050" lon="-123.9517810">
    <ele>14.6</ele>
    <time>2024-09-04T15:19:13Z</time>
   </trkpt>
   <trkpt lat="49.1897380" lon="-123.9518340">
    <ele>14.4</ele>
    <time>2024-09-04T15:19:14Z</time>
   </trkpt>
   <trkpt lat="49.1897710" lon="-123.9518900">
    <ele>14.2</ele>
    <time>2024-09-04T15:19:15Z</time>
   </trkpt>
   <trkpt lat="49.1898020" lon="-123.9519520">
    <ele>14.0</ele>
    <time>2024-09-04T15:19:16Z</time>
   </trkpt>
   <trkpt lat="49.1898350" lon="-123.9520170">
    <ele>13.7</ele>
    <time>2024-09-04T15:19:17Z</time>
   </trkpt>
   <trkpt lat="49.1898780" lon="-123.9520780">
    <ele>13.4</ele>
    <time>2024-09-04T15:19:18Z</time>
   </trkpt>
   <trkpt lat="49.1899090" lon="-123.9521560">
    <ele>13.1</ele>
    <time>2024-09-04T15:19:19Z</time>
   </trkpt>
   <trkpt lat="49.1899430" lon="-123.9522360">
    <ele>12.8</ele>
    <time>2024-09-04T15:19:20Z</time>
   </trkpt>
   <trkpt lat="49.1899800" lon="-123.9523150">
    <ele>12.5</ele>
    <time>2024-09-04T15:19:21Z</time>
   </trkpt>
   <trkpt lat="49.1900140" lon="-123.9523980">
    <ele>12.2</ele>
    <time>2024-09-04T15:19:22Z</time>
   </trkpt>
   <trkpt lat="49.1900530" lon="-123.9524700">
    <ele>12.1</ele>
    <time>2024-09-04T15:19:23Z</time>
   </trkpt>
   <trkpt lat="49.1900900" lon="-123.9525410">
    <ele>11.9</ele>
    <time>2024-09-04T15:19:24Z</time>
   </trkpt>
   <trkpt lat="49.1901240" lon="-123.9526060">
    <ele>11.8</ele>
    <time>2024-09-04T15:19:25Z</time>
   </trkpt>
   <trkpt lat="49.1901640" lon="-123.9526650">
    <ele>11.7</ele>
    <time>2024-09-04T15:19:26Z</time>
   </trkpt>
   <trkpt lat="49.1902040" lon="-123.9527220">
    <ele>11.7</ele>
    <time>2024-09-04T15:19:27Z</time>
   </trkpt>
   <trkpt lat="49.1902440" lon="-123.9527740">
    <ele>11.6</ele>
    <time>2024-09-04T15:19:28Z</time>
   </trkpt>
   <trkpt lat="49.1902860" lon="-123.9528170">
    <ele>11.6</ele>
    <time>2024-09-04T15:19:29Z</time>
   </trkpt>
   <trkpt lat="49.1903330" lon="-123.9528620">
    <ele>11.5</ele>
    <time>2024-09-04T15:19:30Z</time>
   </trkpt>
   <trkpt lat="49.1903810" lon="-123.9529030">
    <ele>11.5</ele>
    <time>2024-09-04T15:19:31Z</time>
   </trkpt>
   <trkpt lat="49.1904290" lon="-123.9529410">
    <ele>11.5</ele>
    <time>2024-09-04T15:19:32Z</time>
   </trkpt>
   <trkpt lat="49.1904770" lon="-123.9529740">
    <ele>11.5</ele>
    <time>2024-09-04T15:19:33Z</time>
   </trkpt>
   <trkpt lat="49.1905250" lon="-123.9530010">
    <ele>11.5</ele>
    <time>2024-09-04T15:19:34Z</time>
   </trkpt>
   <trkpt lat="49.1905710" lon="-123.9530260">
    <ele>11.5</ele>
    <time>2024-09-04T15:19:35Z</time>
   </trkpt>
   <trkpt lat="49.1906170" lon="-123.9530540">
    <ele>11.6</ele>
    <time>2024-09-04T15:19:36Z</time>
   </trkpt>
   <trkpt lat="49.1906620" lon="-123.9530810">
    <ele>11.6</ele>
    <time>2024-09-04T15:19:37Z</time>
   </trkpt>
   <trkpt lat="49.1907020" lon="-123.9531120">
    <ele>11.7</ele>
    <time>2024-09-04T15:19:38Z</time>
   </trkpt>
   <trkpt lat="49.1907400" lon="-123.9531410">
    <ele>11.7</ele>
    <time>2024-09-04T15:19:39Z</time>
   </trkpt>
   <trkpt lat="49.1907770" lon="-123.9531720">
    <ele>11.8</ele>
    <time>2024-09-04T15:19:40Z</time>
   </trkpt>
   <trkpt lat="49.1908160" lon="-123.9531970">
    <ele>11.9</ele>
    <time>2024-09-04T15:19:41Z</time>
   </trkpt>
   <trkpt lat="49.1908540" lon="-123.9532100">
    <ele>11.9</ele>
    <time>2024-09-04T15:19:42Z</time>
   </trkpt>
   <trkpt lat="49.1908900" lon="-123.9532190">
    <ele>12.0</ele>
    <time>2024-09-04T15:19:43Z</time>
   </trkpt>
   <trkpt lat="49.1909300" lon="-123.9532200">
    <ele>11.9</ele>
    <time>2024-09-04T15:19:44Z</time>
   </trkpt>
   <trkpt lat="49.1909630" lon="-123.9532350">
    <ele>11.7</ele>
    <time>2024-09-04T15:19:45Z</time>
   </trkpt>
   <trkpt lat="49.1909990" lon="-123.9532560">
    <ele>11.2</ele>
    <time>2024-09-04T15:19:46Z</time>
   </trkpt>
   <trkpt lat="49.1910400" lon="-123.9532600">
    <ele>10.7</ele>
    <time>2024-09-04T15:19:47Z</time>
   </trkpt>
   <trkpt lat="49.1910790" lon="-123.9532450">
    <ele>10.2</ele>
    <time>2024-09-04T15:19:48Z</time>
   </trkpt>
   <trkpt lat="49.1911170" lon="-123.9532290">
    <ele>9.7</ele>
    <time>2024-09-04T15:19:49Z</time>
   </trkpt>
   <trkpt lat="49.1911560" lon="-123.9532200">
    <ele>9.2</ele>
    <time>2024-09-04T15:19:50Z</time>
   </trkpt>
   <trkpt lat="49.1911970" lon="-123.9532190">
    <ele>8.8</ele>
    <time>2024-09-04T15:19:51Z</time>
   </trkpt>
   <trkpt lat="49.1912350" lon="-123.9532220">
    <ele>8.3</ele>
    <time>2024-09-04T15:19:52Z</time>
   </trkpt>
   <trkpt lat="49.1912740" lon="-123.9532210">
    <ele>7.9</ele>
    <time>2024-09-04T15:19:53Z</time>
   </trkpt>
   <trkpt lat="49.1913100" lon="-123.9532180">
    <ele>7.5</ele>
    <time>2024-09-04T15:19:54Z</time>
   </trkpt>
   <trkpt lat="49.1913440" lon="-123.9532160">
    <ele>7.1</ele>
    <time>2024-09-04T15:19:55Z</time>
   </trkpt>
   <trkpt lat="49.1913780" lon="-123.9532160">
    <ele>6.6</ele>
    <time>2024-09-04T15:19:56Z</time>
   </trkpt>
   <trkpt lat="49.1914120" lon="-123.9532140">
    <ele>6.2</ele>
    <time>2024-09-04T15:19:57Z</time>
   </trkpt>
   <trkpt lat="49.1914470" lon="-123.9532100">
    <ele>5.7</ele>
    <time>2024-09-04T15:19:58Z</time>
   </trkpt>
   <trkpt lat="49.1914800" lon="-123.9532030">
    <ele>5.3</ele>
    <time>2024-09-04T15:19:59Z</time>
   </trkpt>
   <trkpt lat="49.1915150" lon="-123.9531940">
    <ele>4.8</ele>
    <time>2024-09-04T15:20:00Z</time>
   </trkpt>
   <trkpt lat="49.1915510" lon="-123.9531940">
    <ele>4.3</ele>
    <time>2024-09-04T15:20:01Z</time>
   </trkpt>
   <trkpt lat="49.1915850" lon="-123.9532310">
    <ele>3.7</ele>
    <time>2024-09-04T15:20:02Z</time>
   </trkpt>
   <trkpt lat="49.1916130" lon="-123.9532670">
    <ele>3.1</ele>
    <time>2024-09-04T15:20:03Z</time>
   </trkpt>
   <trkpt lat="49.1916330" lon="-123.9533020">
    <ele>2.5</ele>
    <time>2024-09-04T15:20:04Z</time>
   </trkpt>
   <trkpt lat="49.1916530" lon="-123.9533350">
    <ele>2.7</ele>
    <time>2024-09-04T15:20:05Z</time>
   </trkpt>
   <trkpt lat="49.1916790" lon="-123.9533750">
    <ele>2.0</ele>
    <time>2024-09-04T15:20:06Z</time>
   </trkpt>
   <trkpt lat="49.1916880" lon="-123.9533850">
    <ele>2.3</ele>
    <time>2024-09-04T15:20:07Z</time>
   </trkpt>
   <trkpt lat="49.1917280" lon="-123.9533600">
    <ele>0.2</ele>
    <time>2024-09-04T15:20:08Z</time>
   </trkpt>
   <trkpt lat="49.1917440" lon="-123.9533440">
    <ele>0.3</ele>
    <time>2024-09-04T15:20:09Z</time>
   </trkpt>
   <trkpt lat="49.1917690" lon="-123.9533170">
    <ele>-1.3</ele>
    <time>2024-09-04T15:20:10Z</time>
   </trkpt>
   <trkpt lat="49.1917940" lon="-123.9532970">
    <ele>-2.0</ele>
    <time>2024-09-04T15:20:11Z</time>
   </trkpt>
   <trkpt lat="49.1918290" lon="-123.9533250">
    <ele>-2.6</ele>
    <time>2024-09-04T15:20:12Z</time>
   </trkpt>
   <trkpt lat="49.1918380" lon="-123.9533410">
    <ele>-5.6</ele>
    <time>2024-09-04T15:20:13Z</time>
   </trkpt>
   <trkpt lat="49.1918520" lon="-123.9533880">
    <ele>-2.0</ele>
    <time>2024-09-04T15:20:14Z</time>
   </trkpt>
   <trkpt lat="49.1918550" lon="-123.9533990">
    <ele>-2.0</ele>
    <time>2024-09-04T15:20:15Z</time>
   </trkpt>
   <trkpt lat="49.1918610" lon="-123.9534210">
    <ele>-1.8</ele>
    <time>2024-09-04T15:20:16Z</time>
   </trkpt>
   <trkpt lat="49.1918650" lon="-123.9534240">
    <ele>-1.7</ele>
    <time>2024-09-04T15:20:17Z</time>
   </trkpt>
   <trkpt lat="49.1918730" lon="-123.9534210">
    <ele>-1.7</ele>
    <time>2024-09-04T15:20:18Z</time>
   </trkpt>
   <trkpt lat="49.1918770" lon="-123.9534210">
    <ele>-1.6</ele>
    <time>2024-09-04T15:20:19Z</time>
   </trkpt>
   <trkpt lat="49.1918820" lon="-123.9534290">
    <ele>-1.6</ele>
    <time>2024-09-04T15:20:20Z</time>
   </trkpt>
   <trkpt lat="49.1918880" lon="-123.9534420">
    <ele>-2.4</ele>
    <time>2024-09-04T15:20:21Z</time>
   </trkpt>
   <trkpt lat="49.1918890" lon="-123.9534420">
    <ele>-2.4</ele>
    <time>2024-09-04T15:20:22Z</time>
   </trkpt>
   <trkpt lat="49.1918900" lon="-123.9534450">
    <ele>-2.4</ele>
    <time>2024-09-04T15:20:23Z</time>
   </trkpt>
   <trkpt lat="49.1918950" lon="-123.9534510">
    <ele>-2.3</ele>
    <time>2024-09-04T15:20:24Z</time>
   </trkpt>
   <trkpt lat="49.1918990" lon="-123.9534600">
    <ele>-2.3</ele>
    <time>2024-09-04T15:20:25Z</time>
   </trkpt>
   <trkpt lat="49.1919020" lon="-123.9534730">
    <ele>-1.3</ele>
    <time>2024-09-04T15:20:26Z</time>
   </trkpt>
   <trkpt lat="49.1919040" lon="-123.9534770">
    <ele>-1.3</ele>
    <time>2024-09-04T15:20:27Z</time>
   </trkpt>
   <trkpt lat="49.1919060" lon="-123.9534830">
    <ele>-1.2</ele>
    <time>2024-09-04T15:20:28Z</time>
   </trkpt>
   <trkpt lat="49.1919090" lon="-123.9534900">
    <ele>-1.2</ele>
    <time>2024-09-04T15:20:29Z</time>
   </trkpt>
   <trkpt lat="49.1919120" lon="-123.9534960">
    <ele>-1.1</ele>
    <time>2024-09-04T15:20:30Z</time>
   </trkpt>
   <trkpt lat="49.1919140" lon="-123.9535020">
    <ele>-2.1</ele>
    <time>2024-09-04T15:20:31Z</time>
   </trkpt>
   <trkpt lat="49.1919170" lon="-123.9535090">
    <ele>-0.9</ele>
    <time>2024-09-04T15:20:32Z</time>
   </trkpt>
   <trkpt lat="49.1919200" lon="-123.9535150">
    <ele>-0.9</ele>
    <time>2024-09-04T15:20:33Z</time>
   </trkpt>
   <trkpt lat="49.1919220" lon="-123.9535210">
    <ele>-0.8</ele>
    <time>2024-09-04T15:20:34Z</time>
   </trkpt>
   <trkpt lat="49.1919250" lon="-123.9535270">
    <ele>-0.8</ele>
    <time>2024-09-04T15:20:35Z</time>
   </trkpt>
   <trkpt lat="49.1919280" lon="-123.9535340">
    <ele>-0.7</ele>
    <time>2024-09-04T15:20:36Z</time>
   </trkpt>
   <trkpt lat="49.1919420" lon="-123.9535660">
    <ele>-0.3</ele>
    <time>2024-09-04T15:20:37Z</time>
   </trkpt>
   <trkpt lat="49.1919540" lon="-123.9535770">
    <ele>-0.3</ele>
    <time>2024-09-04T15:20:38Z</time>
   </trkpt>
   <trkpt lat="49.1919650" lon="-123.9535880">
    <ele>-0.2</ele>
    <time>2024-09-04T15:20:39Z</time>
   </trkpt>
   <trkpt lat="49.1920000" lon="-123.9535660">
    <ele>-1.3</ele>
    <time>2024-09-04T15:20:40Z</time>
   </trkpt>
   <trkpt lat="49.1920370" lon="-123.9535580">
    <ele>-1.7</ele>
    <time>2024-09-04T15:20:42Z</time>
   </trkpt>
   <trkpt lat="49.1920760" lon="-123.9535480">
    <ele>-2.1</ele>
    <time>2024-09-04T15:20:43Z</time>
   </trkpt>
   <trkpt lat="49.1921240" lon="-123.9535390">
    <ele>-5.3</ele>
    <time>2024-09-04T15:20:44Z</time>
   </trkpt>
   <trkpt lat="49.1921720" lon="-123.9535300">
    <ele>-5.7</ele>
    <time>2024-09-04T15:20:45Z</time>
   </trkpt>
   <trkpt lat="49.1922300" lon="-123.9535190">
    <ele>-5.4</ele>
    <time>2024-09-04T15:20:46Z</time>
   </trkpt>
   <trkpt lat="49.1922830" lon="-123.9535150">
    <ele>-4.8</ele>
    <time>2024-09-04T15:20:47Z</time>
   </trkpt>
   <trkpt lat="49.1923320" lon="-123.9535110">
    <ele>-4.6</ele>
    <time>2024-09-04T15:20:48Z</time>
   </trkpt>
   <trkpt lat="49.1921330" lon="-123.9535050">
    <ele>-5.1</ele>
    <time>2024-09-04T15:20:49Z</time>
   </trkpt>
   <trkpt lat="49.1921330" lon="-123.9535050">
    <ele>-5.1</ele>
    <time>2024-09-04T15:20:50Z</time>
   </trkpt>
   <trkpt lat="49.1916500" lon="-123.9536310">
    <ele>6.4</ele>
    <time>2024-09-04T15:24:28Z</time>
   </trkpt>
   <trkpt lat="49.1916460" lon="-123.9536250">
    <ele>6.4</ele>
    <time>2024-09-04T15:24:29Z</time>
   </trkpt>
   <trkpt lat="49.1916460" lon="-123.9536200">
    <ele>6.5</ele>
    <time>2024-09-04T15:24:30Z</time>
   </trkpt>
   <trkpt lat="49.1916530" lon="-123.9536460">
    <ele>6.8</ele>
    <time>2024-09-04T15:24:31Z</time>
   </trkpt>
   <trkpt lat="49.1916530" lon="-123.9536470">
    <ele>6.9</ele>
    <time>2024-09-04T15:24:32Z</time>
   </trkpt>
   <trkpt lat="49.1916290" lon="-123.9535770">
    <ele>6.6</ele>
    <time>2024-09-04T15:24:33Z</time>
   </trkpt>
   <trkpt lat="49.1916230" lon="-123.9535840">
    <ele>6.6</ele>
    <time>2024-09-04T15:24:34Z</time>
   </trkpt>
   <trkpt lat="49.1916180" lon="-123.9535840">
    <ele>6.6</ele>
    <time>2024-09-04T15:24:35Z</time>
   </trkpt>
   <trkpt lat="49.1916410" lon="-123.9536230">
    <ele>6.7</ele>
    <time>2024-09-04T15:24:36Z</time>
   </trkpt>
   <trkpt lat="49.1916380" lon="-123.9536390">
    <ele>7.1</ele>
    <time>2024-09-04T15:24:37Z</time>
   </trkpt>
   <trkpt lat="49.1916360" lon="-123.9536560">
    <ele>7.1</ele>
    <time>2024-09-04T15:24:38Z</time>
   </trkpt>
   <trkpt lat="49.1916330" lon="-123.9536720">
    <ele>7.2</ele>
    <time>2024-09-04T15:24:39Z</time>
   </trkpt>
   <trkpt lat="49.1916310" lon="-123.9536880">
    <ele>7.7</ele>
    <time>2024-09-04T15:24:59Z</time>
   </trkpt>
   <trkpt lat="49.1916290" lon="-123.9537050">
    <ele>7.7</ele>
    <time>2024-09-04T15:25:00Z</time>
   </trkpt>
   <trkpt lat="49.1916260" lon="-123.9537210">
    <ele>7.9</ele>
    <time>2024-09-04T15:25:01Z</time>
   </trkpt>
   <trkpt lat="49.1916240" lon="-123.9537370">
    <ele>8.0</ele>
    <time>2024-09-04T15:25:02Z</time>
   </trkpt>
   <trkpt lat="49.1916210" lon="-123.9537540">
    <ele>8.0</ele>
    <time>2024-09-04T15:25:03Z</time>
   </trkpt>
   <trkpt lat="49.1916190" lon="-123.9537700">
    <ele>8.2</ele>
    <time>2024-09-04T15:25:04Z</time>
   </trkpt>
   <trkpt lat="49.1916160" lon="-123.9537870">
    <ele>8.2</ele>
    <time>2024-09-04T15:25:05Z</time>
   </trkpt>
   <trkpt lat="49.1916140" lon="-123.9538030">
    <ele>8.3</ele>
    <time>2024-09-04T15:25:06Z</time>
   </trkpt>
   <trkpt lat="49.1916110" lon="-123.9538190">
    <ele>8.4</ele>
    <time>2024-09-04T15:25:07Z</time>
   </trkpt>
   <trkpt lat="49.1916090" lon="-123.9538360">
    <ele>8.4</ele>
    <time>2024-09-04T15:25:08Z</time>
   </trkpt>
   <trkpt lat="49.1916060" lon="-123.9538520">
    <ele>8.5</ele>
    <time>2024-09-04T15:25:14Z</time>
   </trkpt>
   <trkpt lat="49.1916040" lon="-123.9538680">
    <ele>8.6</ele>
    <time>2024-09-04T15:25:15Z</time>
   </trkpt>
   <trkpt lat="49.1916270" lon="-123.9538950">
    <ele>8.6</ele>
    <time>2024-09-04T15:25:16Z</time>
   </trkpt>
   <trkpt lat="49.1916420" lon="-123.9539050">
    <ele>8.6</ele>
    <time>2024-09-04T15:25:17Z</time>
   </trkpt>
   <trkpt lat="49.1916580" lon="-123.9539070">
    <ele>8.6</ele>
    <time>2024-09-04T15:25:18Z</time>
   </trkpt>
   <trkpt lat="49.1916740" lon="-123.9539050">
    <ele>8.6</ele>
    <time>2024-09-04T15:25:19Z</time>
   </trkpt>
   <trkpt lat="49.1916920" lon="-123.9538980">
    <ele>8.6</ele>
    <time>2024-09-04T15:25:20Z</time>
   </trkpt>
   <trkpt lat="49.1917220" lon="-123.9539070">
    <ele>8.5</ele>
    <time>2024-09-04T15:25:21Z</time>
   </trkpt>
   <trkpt lat="49.1917320" lon="-123.9539120">
    <ele>8.5</ele>
    <time>2024-09-04T15:25:22Z</time>
   </trkpt>
   <trkpt lat="49.1917630" lon="-123.9539290">
    <ele>8.4</ele>
    <time>2024-09-04T15:25:23Z</time>
   </trkpt>
   <trkpt lat="49.1917740" lon="-123.9539330">
    <ele>8.2</ele>
    <time>2024-09-04T15:25:24Z</time>
   </trkpt>
   <trkpt lat="49.1918100" lon="-123.9539440">
    <ele>8.3</ele>
    <time>2024-09-04T15:25:25Z</time>
   </trkpt>
   <trkpt lat="49.1918230" lon="-123.9539450">
    <ele>8.3</ele>
    <time>2024-09-04T15:25:26Z</time>
   </trkpt>
   <trkpt lat="49.1918610" lon="-123.9539570">
    <ele>8.0</ele>
    <time>2024-09-04T15:25:27Z</time>
   </trkpt>
   <trkpt lat="49.1918740" lon="-123.9539590">
    <ele>8.0</ele>
    <time>2024-09-04T15:25:28Z</time>
   </trkpt>
   <trkpt lat="49.1919040" lon="-123.9539640">
    <ele>7.8</ele>
    <time>2024-09-04T15:25:29Z</time>
   </trkpt>
   <trkpt lat="49.1919340" lon="-123.9539650">
    <ele>7.6</ele>
    <time>2024-09-04T15:25:30Z</time>
   </trkpt>
   <trkpt lat="49.1919640" lon="-123.9539690">
    <ele>7.4</ele>
    <time>2024-09-04T15:25:31Z</time>
   </trkpt>
   <trkpt lat="49.1919930" lon="-123.9539850">
    <ele>7.6</ele>
    <time>2024-09-04T15:25:32Z</time>
   </trkpt>
   <trkpt lat="49.1920200" lon="-123.9539990">
    <ele>7.4</ele>
    <time>2024-09-04T15:25:33Z</time>
   </trkpt>
   <trkpt lat="49.1920470" lon="-123.9540100">
    <ele>7.2</ele>
    <time>2024-09-04T15:25:34Z</time>
   </trkpt>
   <trkpt lat="49.1920740" lon="-123.9540170">
    <ele>7.0</ele>
    <time>2024-09-04T15:25:35Z</time>
   </trkpt>
   <trkpt lat="49.1921130" lon="-123.9540370">
    <ele>6.9</ele>
    <time>2024-09-04T15:25:36Z</time>
   </trkpt>
   <trkpt lat="49.1921260" lon="-123.9540440">
    <ele>6.9</ele>
    <time>2024-09-04T15:25:37Z</time>
   </trkpt>
   <trkpt lat="49.1921590" lon="-123.9540580">
    <ele>6.8</ele>
    <time>2024-09-04T15:25:38Z</time>
   </trkpt>
   <trkpt lat="49.1921710" lon="-123.9540640">
    <ele>6.9</ele>
    <time>2024-09-04T15:25:39Z</time>
   </trkpt>
   <trkpt lat="49.1921950" lon="-123.9540820">
    <ele>6.9</ele>
    <time>2024-09-04T15:25:40Z</time>
   </trkpt>
   <trkpt lat="49.1922290" lon="-123.9541150">
    <ele>6.9</ele>
    <time>2024-09-04T15:25:41Z</time>
   </trkpt>
   <trkpt lat="49.1922420" lon="-123.9541250">
    <ele>6.9</ele>
    <time>2024-09-04T15:25:42Z</time>
   </trkpt>
   <trkpt lat="49.1922770" lon="-123.9541490">
    <ele>6.9</ele>
    <time>2024-09-04T15:25:43Z</time>
   </trkpt>
   <trkpt lat="49.1922890" lon="-123.9541550">
    <ele>6.9</ele>
    <time>2024-09-04T15:25:44Z</time>
   </trkpt>
   <trkpt lat="49.1923260" lon="-123.9541690">
    <ele>6.9</ele>
    <time>2024-09-04T15:25:45Z</time>
   </trkpt>
   <trkpt lat="49.1923380" lon="-123.9541740">
    <ele>6.9</ele>
    <time>2024-09-04T15:25:46Z</time>
   </trkpt>
   <trkpt lat="49.1923670" lon="-123.9541900">
    <ele>6.9</ele>
    <time>2024-09-04T15:25:47Z</time>
   </trkpt>
   <trkpt lat="49.1923750" lon="-123.9541930">
    <ele>6.9</ele>
    <time>2024-09-04T15:25:48Z</time>
   </trkpt>
   <trkpt lat="49.1923880" lon="-123.9541900">
    <ele>6.9</ele>
    <time>2024-09-04T15:25:49Z</time>
   </trkpt>
   <trkpt lat="49.1924050" lon="-123.9541870">
    <ele>6.9</ele>
    <time>2024-09-04T15:25:50Z</time>
   </trkpt>
   <trkpt lat="49.1924060" lon="-123.9541810">
    <ele>6.9</ele>
    <time>2024-09-04T15:25:51Z</time>
   </trkpt>
   <trkpt lat="49.1924080" lon="-123.9541890">
    <ele>6.9</ele>
    <time>2024-09-04T15:25:52Z</time>
   </trkpt>
   <trkpt lat="49.1924120" lon="-123.9541880">
    <ele>6.9</ele>
    <time>2024-09-04T15:25:53Z</time>
   </trkpt>
   <trkpt lat="49.1924200" lon="-123.9541890">
    <ele>6.9</ele>
    <time>2024-09-04T15:25:54Z</time>
   </trkpt>
   <trkpt lat="49.1924280" lon="-123.9541880">
    <ele>6.9</ele>
    <time>2024-09-04T15:25:55Z</time>
   </trkpt>
   <trkpt lat="49.1924400" lon="-123.9541840">
    <ele>6.9</ele>
    <time>2024-09-04T15:25:56Z</time>
   </trkpt>
   <trkpt lat="49.1924470" lon="-123.9541890">
    <ele>6.9</ele>
    <time>2024-09-04T15:25:57Z</time>
   </trkpt>
   <trkpt lat="49.1924480" lon="-123.9541970">
    <ele>6.9</ele>
    <time>2024-09-04T15:25:58Z</time>
   </trkpt>
   <trkpt lat="49.1924560" lon="-123.9541910">
    <ele>6.9</ele>
    <time>2024-09-04T15:25:59Z</time>
   </trkpt>
   <trkpt lat="49.1924710" lon="-123.9541920">
    <ele>6.9</ele>
    <time>2024-09-04T15:26:00Z</time>
   </trkpt>
   <trkpt lat="49.1924830" lon="-123.9541970">
    <ele>6.9</ele>
    <time>2024-09-04T15:26:01Z</time>
   </trkpt>
   <trkpt lat="49.1925060" lon="-123.9542040">
    <ele>6.9</ele>
    <time>2024-09-04T15:26:02Z</time>
   </trkpt>
   <trkpt lat="49.1925390" lon="-123.9542140">
    <ele>6.9</ele>
    <time>2024-09-04T15:26:03Z</time>
   </trkpt>
   <trkpt lat="49.1925500" lon="-123.9542180">
    <ele>6.9</ele>
    <time>2024-09-04T15:26:04Z</time>
   </trkpt>
   <trkpt lat="49.1925770" lon="-123.9542430">
    <ele>6.9</ele>
    <time>2024-09-04T15:26:05Z</time>
   </trkpt>
   <trkpt lat="49.1925860" lon="-123.9542540">
    <ele>6.9</ele>
    <time>2024-09-04T15:26:06Z</time>
   </trkpt>
   <trkpt lat="49.1926110" lon="-123.9542780">
    <ele>6.9</ele>
    <time>2024-09-04T15:26:07Z</time>
   </trkpt>
   <trkpt lat="49.1926200" lon="-123.9542830">
    <ele>6.9</ele>
    <time>2024-09-04T15:26:08Z</time>
   </trkpt>
   <trkpt lat="49.1926570" lon="-123.9542900">
    <ele>6.9</ele>
    <time>2024-09-04T15:26:09Z</time>
   </trkpt>
   <trkpt lat="49.1926690" lon="-123.9542890">
    <ele>6.9</ele>
    <time>2024-09-04T15:26:10Z</time>
   </trkpt>
   <trkpt lat="49.1927050" lon="-123.9542960">
    <ele>6.9</ele>
    <time>2024-09-04T15:26:11Z</time>
   </trkpt>
   <trkpt lat="49.1927170" lon="-123.9542990">
    <ele>6.9</ele>
    <time>2024-09-04T15:26:12Z</time>
   </trkpt>
   <trkpt lat="49.1927460" lon="-123.9543070">
    <ele>6.9</ele>
    <time>2024-09-04T15:26:13Z</time>
   </trkpt>
   <trkpt lat="49.1927560" lon="-123.9543110">
    <ele>6.9</ele>
    <time>2024-09-04T15:26:14Z</time>
   </trkpt>
   <trkpt lat="49.1927810" lon="-123.9543350">
    <ele>6.9</ele>
    <time>2024-09-04T15:26:15Z</time>
   </trkpt>
   <trkpt lat="49.1927890" lon="-123.9543420">
    <ele>6.9</ele>
    <time>2024-09-04T15:26:16Z</time>
   </trkpt>
   <trkpt lat="49.1928050" lon="-123.9543520">
    <ele>6.9</ele>
    <time>2024-09-04T15:26:17Z</time>
   </trkpt>
   <trkpt lat="49.1928220" lon="-123.9543590">
    <ele>6.9</ele>
    <time>2024-09-04T15:26:18Z</time>
   </trkpt>
   <trkpt lat="49.1928480" lon="-123.9543720">
    <ele>6.9</ele>
    <time>2024-09-04T15:26:19Z</time>
   </trkpt>
   <trkpt lat="49.1928570" lon="-123.9543770">
    <ele>6.9</ele>
    <time>2024-09-04T15:26:20Z</time>
   </trkpt>
   <trkpt lat="49.1928730" lon="-123.9543850">
    <ele>6.9</ele>
    <time>2024-09-04T15:26:21Z</time>
   </trkpt>
   <trkpt lat="49.1928880" lon="-123.9543990">
    <ele>6.9</ele>
    <time>2024-09-04T15:26:22Z</time>
   </trkpt>
   <trkpt lat="49.1928980" lon="-123.9544140">
    <ele>6.9</ele>
    <time>2024-09-04T15:26:23Z</time>
   </trkpt>
   <trkpt lat="49.1929140" lon="-123.9544300">
    <ele>6.9</ele>
    <time>2024-09-04T15:26:24Z</time>
   </trkpt>
   <trkpt lat="49.1929520" lon="-123.9544280">
    <ele>6.9</ele>
    <time>2024-09-04T15:26:25Z</time>
   </trkpt>
   <trkpt lat="49.1929630" lon="-123.9544280">
    <ele>6.9</ele>
    <time>2024-09-04T15:26:26Z</time>
   </trkpt>
   <trkpt lat="49.1929800" lon="-123.9544300">
    <ele>6.9</ele>
    <time>2024-09-04T15:26:27Z</time>
   </trkpt>
   <trkpt lat="49.1929970" lon="-123.9544420">
    <ele>6.9</ele>
    <time>2024-09-04T15:26:28Z</time>
   </trkpt>
   <trkpt lat="49.1930080" lon="-123.9544580">
    <ele>6.9</ele>
    <time>2024-09-04T15:26:29Z</time>
   </trkpt>
   <trkpt lat="49.1930000" lon="-123.9544720">
    <ele>6.9</ele>
    <time>2024-09-04T15:26:30Z</time>
   </trkpt>
   <trkpt lat="49.1929890" lon="-123.9544830">
    <ele>6.9</ele>
    <time>2024-09-04T15:26:31Z</time>
   </trkpt>
   <trkpt lat="49.1929850" lon="-123.9544840">
    <ele>6.9</ele>
    <time>2024-09-04T15:26:32Z</time>
   </trkpt>
   <trkpt lat="49.1929870" lon="-123.9544910">
    <ele>6.9</ele>
    <time>2024-09-04T15:26:33Z</time>
   </trkpt>
   <trkpt lat="49.1929940" lon="-123.9544900">
    <ele>6.9</ele>
    <time>2024-09-04T15:26:34Z</time>
   </trkpt>
   <trkpt lat="49.1929940" lon="-123.9544950">
    <ele>6.9</ele>
    <time>2024-09-04T15:26:35Z</time>
   </trkpt>
   <trkpt lat="49.1929910" lon="-123.9544960">
    <ele>6.9</ele>
    <time>2024-09-04T15:26:36Z</time>
   </trkpt>
   <trkpt lat="49.1929900" lon="-123.9544880">
    <ele>6.9</ele>
    <time>2024-09-04T15:26:37Z</time>
   </trkpt>
   <trkpt lat="49.1929910" lon="-123.9544800">
    <ele>6.9</ele>
    <time>2024-09-04T15:26:38Z</time>
   </trkpt>
   <trkpt lat="49.1929890" lon="-123.9544760">
    <ele>6.9</ele>
    <time>2024-09-04T15:26:39Z</time>
   </trkpt>
   <trkpt lat="49.1929860" lon="-123.9544740">
    <ele>6.9</ele>
    <time>2024-09-04T15:26:40Z</time>
   </trkpt>
   <trkpt lat="49.1929780" lon="-123.9544470">
    <ele>6.9</ele>
    <time>2024-09-04T15:27:13Z</time>
   </trkpt>
   <trkpt lat="49.1929720" lon="-123.9544630">
    <ele>6.9</ele>
    <time>2024-09-04T15:27:14Z</time>
   </trkpt>
   <trkpt lat="49.1929700" lon="-123.9544610">
    <ele>6.9</ele>
    <time>2024-09-04T15:27:15Z</time>
   </trkpt>
   <trkpt lat="49.1929710" lon="-123.9544650">
    <ele>6.9</ele>
    <time>2024-09-04T15:27:16Z</time>
   </trkpt>
   <trkpt lat="49.1929680" lon="-123.9544700">
    <ele>6.9</ele>
    <time>2024-09-04T15:27:17Z</time>
   </trkpt>
   <trkpt lat="49.1929590" lon="-123.9544880">
    <ele>6.9</ele>
    <time>2024-09-04T15:27:18Z</time>
   </trkpt>
   <trkpt lat="49.1929590" lon="-123.9544840">
    <ele>6.9</ele>
    <time>2024-09-04T15:27:19Z</time>
   </trkpt>
   <trkpt lat="49.1929610" lon="-123.9544880">
    <ele>6.9</ele>
    <time>2024-09-04T15:27:20Z</time>
   </trkpt>
   <trkpt lat="49.1929520" lon="-123.9544890">
    <ele>6.9</ele>
    <time>2024-09-04T15:27:21Z</time>
   </trkpt>
   <trkpt lat="49.1929520" lon="-123.9544940">
    <ele>6.9</ele>
    <time>2024-09-04T15:27:22Z</time>
   </trkpt>
   <trkpt lat="49.1929550" lon="-123.9544900">
    <ele>6.9</ele>
    <time>2024-09-04T15:27:23Z</time>
   </trkpt>
   <trkpt lat="49.1929530" lon="-123.9544860">
    <ele>6.9</ele>
    <time>2024-09-04T15:27:24Z</time>
   </trkpt>
   <trkpt lat="49.1929450" lon="-123.9544950">
    <ele>6.9</ele>
    <time>2024-09-04T15:27:25Z</time>
   </trkpt>
   <trkpt lat="49.1929380" lon="-123.9545050">
    <ele>6.9</ele>
    <time>2024-09-04T15:27:26Z</time>
   </trkpt>
   <trkpt lat="49.1929340" lon="-123.9545170">
    <ele>6.9</ele>
    <time>2024-09-04T15:27:27Z</time>
   </trkpt>
   <trkpt lat="49.1929360" lon="-123.9545330">
    <ele>6.9</ele>
    <time>2024-09-04T15:27:28Z</time>
   </trkpt>
   <trkpt lat="49.1929350" lon="-123.9545530">
    <ele>6.9</ele>
    <time>2024-09-04T15:27:29Z</time>
   </trkpt>
   <trkpt lat="49.1929360" lon="-123.9545620">
    <ele>6.9</ele>
    <time>2024-09-04T15:27:30Z</time>
   </trkpt>
   <trkpt lat="49.1929330" lon="-123.9545780">
    <ele>6.9</ele>
    <time>2024-09-04T15:27:31Z</time>
   </trkpt>
   <trkpt lat="49.1929330" lon="-123.9545930">
    <ele>6.9</ele>
    <time>2024-09-04T15:27:32Z</time>
   </trkpt>
   <trkpt lat="49.1929310" lon="-123.9546000">
    <ele>6.9</ele>
    <time>2024-09-04T15:27:33Z</time>
   </trkpt>
   <trkpt lat="49.1929310" lon="-123.9545990">
    <ele>6.9</ele>
    <time>2024-09-04T15:27:34Z</time>
   </trkpt>
   <trkpt lat="49.1929310" lon="-123.9546090">
    <ele>6.9</ele>
    <time>2024-09-04T15:27:35Z</time>
   </trkpt>
   <trkpt lat="49.1929310" lon="-123.9546060">
    <ele>6.9</ele>
    <time>2024-09-04T15:27:36Z</time>
   </trkpt>
   <trkpt lat="49.1929300" lon="-123.9546110">
    <ele>6.9</ele>
    <time>2024-09-04T15:27:37Z</time>
   </trkpt>
   <trkpt lat="49.1929270" lon="-123.9546130">
    <ele>6.9</ele>
    <time>2024-09-04T15:27:38Z</time>
   </trkpt>
   <trkpt lat="49.1929300" lon="-123.9546020">
    <ele>6.9</ele>
    <time>2024-09-04T15:27:39Z</time>
   </trkpt>
   <trkpt lat="49.1929320" lon="-123.9545900">
    <ele>6.9</ele>
    <time>2024-09-04T15:27:40Z</time>
   </trkpt>
   <trkpt lat="49.1929390" lon="-123.9545730">
    <ele>6.9</ele>
    <time>2024-09-04T15:27:41Z</time>
   </trkpt>
   <trkpt lat="49.1929440" lon="-123.9545590">
    <ele>6.9</ele>
    <time>2024-09-04T15:27:42Z</time>
   </trkpt>
   <trkpt lat="49.3760910" lon="-123.2720690">
    <ele>3.7</ele>
    <time>2024-09-04T17:54:06Z</time>
   </trkpt>
   <trkpt lat="49.3761010" lon="-123.2720740">
    <ele>3.6</ele>
    <time>2024-09-04T17:54:07Z</time>
   </trkpt>
   <trkpt lat="49.3761070" lon="-123.2720630">
    <ele>3.6</ele>
    <time>2024-09-04T17:54:08Z</time>
   </trkpt>
   <trkpt lat="49.3761130" lon="-123.2720520">
    <ele>3.6</ele>
    <time>2024-09-04T17:54:09Z</time>
   </trkpt>
   <trkpt lat="49.3761190" lon="-123.2720410">
    <ele>3.5</ele>
    <time>2024-09-04T17:54:10Z</time>
   </trkpt>
   <trkpt lat="49.3761240" lon="-123.2720300">
    <ele>3.5</ele>
    <time>2024-09-04T17:54:11Z</time>
   </trkpt>
   <trkpt lat="49.3761300" lon="-123.2720190">
    <ele>3.4</ele>
    <time>2024-09-04T17:54:12Z</time>
   </trkpt>
   <trkpt lat="49.3761360" lon="-123.2720070">
    <ele>3.4</ele>
    <time>2024-09-04T17:54:13Z</time>
   </trkpt>
   <trkpt lat="49.3761420" lon="-123.2719960">
    <ele>3.4</ele>
    <time>2024-09-04T17:54:14Z</time>
   </trkpt>
   <trkpt lat="49.3761470" lon="-123.2719850">
    <ele>3.3</ele>
    <time>2024-09-04T17:54:15Z</time>
   </trkpt>
   <trkpt lat="49.3761870" lon="-123.2719290">
    <ele>3.1</ele>
    <time>2024-09-04T17:54:16Z</time>
   </trkpt>
   <trkpt lat="49.3761840" lon="-123.2719310">
    <ele>3.1</ele>
    <time>2024-09-04T17:54:17Z</time>
   </trkpt>
   <trkpt lat="49.3761860" lon="-123.2719390">
    <ele>3.1</ele>
    <time>2024-09-04T17:54:18Z</time>
   </trkpt>
   <trkpt lat="49.3761960" lon="-123.2719380">
    <ele>3.1</ele>
    <time>2024-09-04T17:54:19Z</time>
   </trkpt>
   <trkpt lat="49.3761950" lon="-123.2719040">
    <ele>3.0</ele>
    <time>2024-09-04T17:54:21Z</time>
   </trkpt>
   <trkpt lat="49.3761810" lon="-123.2718990">
    <ele>2.9</ele>
    <time>2024-09-04T17:54:22Z</time>
   </trkpt>
   <trkpt lat="49.3761800" lon="-123.2719240">
    <ele>2.9</ele>
    <time>2024-09-04T17:54:23Z</time>
   </trkpt>
   <trkpt lat="49.3761750" lon="-123.2719110">
    <ele>2.8</ele>
    <time>2024-09-04T17:54:24Z</time>
   </trkpt>
   <trkpt lat="49.3761720" lon="-123.2719030">
    <ele>2.8</ele>
    <time>2024-09-04T17:54:25Z</time>
   </trkpt>
   <trkpt lat="49.3761750" lon="-123.2719170">
    <ele>2.8</ele>
    <time>2024-09-04T17:54:26Z</time>
   </trkpt>
   <trkpt lat="49.3761780" lon="-123.2719190">
    <ele>2.7</ele>
    <time>2024-09-04T17:54:27Z</time>
   </trkpt>
   <trkpt lat="49.3761740" lon="-123.2719160">
    <ele>2.7</ele>
    <time>2024-09-04T17:54:28Z</time>
   </trkpt>
   <trkpt lat="49.3761730" lon="-123.2719180">
    <ele>2.7</ele>
    <time>2024-09-04T17:54:29Z</time>
   </trkpt>
   <trkpt lat="49.3761740" lon="-123.2719240">
    <ele>2.7</ele>
    <time>2024-09-04T17:54:30Z</time>
   </trkpt>
   <trkpt lat="49.3761720" lon="-123.2719420">
    <ele>2.7</ele>
    <time>2024-09-04T17:54:31Z</time>
   </trkpt>
   <trkpt lat="49.3761700" lon="-123.2719710">
    <ele>2.6</ele>
    <time>2024-09-04T17:54:32Z</time>
   </trkpt>
   <trkpt lat="49.3761740" lon="-123.2719920">
    <ele>2.5</ele>
    <time>2024-09-04T17:54:33Z</time>
   </trkpt>
   <trkpt lat="49.3761630" lon="-123.2719370">
    <ele>2.4</ele>
    <time>2024-09-04T17:54:34Z</time>
   </trkpt>
   <trkpt lat="49.3761610" lon="-123.2719360">
    <ele>2.4</ele>
    <time>2024-09-04T17:54:35Z</time>
   </trkpt>
   <trkpt lat="49.3761490" lon="-123.2719490">
    <ele>2.3</ele>
    <time>2024-09-04T17:54:36Z</time>
   </trkpt>
   <trkpt lat="49.3761460" lon="-123.2719530">
    <ele>2.3</ele>
    <time>2024-09-04T17:54:37Z</time>
   </trkpt>
   <trkpt lat="49.3761420" lon="-123.2719720">
    <ele>2.3</ele>
    <time>2024-09-04T17:54:38Z</time>
   </trkpt>
   <trkpt lat="49.3761920" lon="-123.2720030">
    <ele>2.1</ele>
    <time>2024-09-04T17:54:54Z</time>
   </trkpt>
   <trkpt lat="49.3761910" lon="-123.2720100">
    <ele>2.1</ele>
    <time>2024-09-04T17:54:55Z</time>
   </trkpt>
   <trkpt lat="49.3761860" lon="-123.2720260">
    <ele>2.0</ele>
    <time>2024-09-04T17:54:56Z</time>
   </trkpt>
   <trkpt lat="49.3761800" lon="-123.2720250">
    <ele>2.0</ele>
    <time>2024-09-04T17:54:57Z</time>
   </trkpt>
   <trkpt lat="49.3761860" lon="-123.2720240">
    <ele>2.0</ele>
    <time>2024-09-04T17:54:58Z</time>
   </trkpt>
   <trkpt lat="49.3761900" lon="-123.2720230">
    <ele>2.0</ele>
    <time>2024-09-04T17:54:59Z</time>
   </trkpt>
   <trkpt lat="49.3761920" lon="-123.2720400">
    <ele>1.9</ele>
    <time>2024-09-04T17:55:00Z</time>
   </trkpt>
   <trkpt lat="49.3761940" lon="-123.2720390">
    <ele>1.9</ele>
    <time>2024-09-04T17:55:01Z</time>
   </trkpt>
   <trkpt lat="49.3761980" lon="-123.2720570">
    <ele>1.9</ele>
    <time>2024-09-04T17:55:02Z</time>
   </trkpt>
   <trkpt lat="49.3761960" lon="-123.2720710">
    <ele>1.8</ele>
    <time>2024-09-04T17:55:03Z</time>
   </trkpt>
   <trkpt lat="49.3761770" lon="-123.2720560">
    <ele>1.8</ele>
    <time>2024-09-04T17:55:08Z</time>
   </trkpt>
   <trkpt lat="49.3761730" lon="-123.2720600">
    <ele>1.8</ele>
    <time>2024-09-04T17:55:09Z</time>
   </trkpt>
   <trkpt lat="49.3761760" lon="-123.2720130">
    <ele>1.8</ele>
    <time>2024-09-04T17:55:10Z</time>
   </trkpt>
   <trkpt lat="49.3761780" lon="-123.2719890">
    <ele>1.8</ele>
    <time>2024-09-04T17:55:11Z</time>
   </trkpt>
   <trkpt lat="49.3761720" lon="-123.2720000">
    <ele>1.8</ele>
    <time>2024-09-04T17:55:12Z</time>
   </trkpt>
   <trkpt lat="49.3761690" lon="-123.2719840">
    <ele>1.8</ele>
    <time>2024-09-04T17:55:13Z</time>
   </trkpt>
   <trkpt lat="49.3761630" lon="-123.2719660">
    <ele>1.8</ele>
    <time>2024-09-04T17:55:14Z</time>
   </trkpt>
   <trkpt lat="49.3761390" lon="-123.2719530">
    <ele>2.0</ele>
    <time>2024-09-04T17:55:15Z</time>
   </trkpt>
   <trkpt lat="49.3761330" lon="-123.2719430">
    <ele>1.9</ele>
    <time>2024-09-04T17:55:16Z</time>
   </trkpt>
   <trkpt lat="49.3761270" lon="-123.2719320">
    <ele>1.9</ele>
    <time>2024-09-04T17:55:17Z</time>
   </trkpt>
   <trkpt lat="49.3761310" lon="-123.2719170">
    <ele>1.9</ele>
    <time>2024-09-04T17:55:18Z</time>
   </trkpt>
   <trkpt lat="49.3761480" lon="-123.2718950">
    <ele>1.8</ele>
    <time>2024-09-04T17:55:19Z</time>
   </trkpt>
   <trkpt lat="49.3761440" lon="-123.2718730">
    <ele>1.7</ele>
    <time>2024-09-04T17:55:20Z</time>
   </trkpt>
   <trkpt lat="49.3761380" lon="-123.2718610">
    <ele>1.8</ele>
    <time>2024-09-04T17:55:21Z</time>
   </trkpt>
   <trkpt lat="49.3761320" lon="-123.2718480">
    <ele>1.8</ele>
    <time>2024-09-04T17:55:22Z</time>
   </trkpt>
   <trkpt lat="49.3761250" lon="-123.2718350">
    <ele>1.5</ele>
    <time>2024-09-04T17:55:23Z</time>
   </trkpt>
   <trkpt lat="49.3761190" lon="-123.2718220">
    <ele>1.5</ele>
    <time>2024-09-04T17:55:24Z</time>
   </trkpt>
   <trkpt lat="49.3760950" lon="-123.2718000">
    <ele>1.5</ele>
    <time>2024-09-04T17:55:25Z</time>
   </trkpt>
   <trkpt lat="49.3760840" lon="-123.2717930">
    <ele>0.9</ele>
    <time>2024-09-04T17:55:26Z</time>
   </trkpt>
   <trkpt lat="49.3760730" lon="-123.2717860">
    <ele>0.9</ele>
    <time>2024-09-04T17:55:27Z</time>
   </trkpt>
   <trkpt lat="49.3760610" lon="-123.2717800">
    <ele>0.9</ele>
    <time>2024-09-04T17:55:28Z</time>
   </trkpt>
   <trkpt lat="49.3760500" lon="-123.2717730">
    <ele>1.0</ele>
    <time>2024-09-04T17:55:29Z</time>
   </trkpt>
   <trkpt lat="49.3760390" lon="-123.2717660">
    <ele>1.0</ele>
    <time>2024-09-04T17:55:30Z</time>
   </trkpt>
   <trkpt lat="49.3760470" lon="-123.2717780">
    <ele>0.9</ele>
    <time>2024-09-04T17:55:31Z</time>
   </trkpt>
   <trkpt lat="49.3760240" lon="-123.2717700">
    <ele>1.2</ele>
    <time>2024-09-04T17:55:32Z</time>
   </trkpt>
   <trkpt lat="49.3760180" lon="-123.2717670">
    <ele>1.2</ele>
    <time>2024-09-04T17:55:33Z</time>
   </trkpt>
   <trkpt lat="49.3760160" lon="-123.2717650">
    <ele>1.2</ele>
    <time>2024-09-04T17:55:34Z</time>
   </trkpt>
   <trkpt lat="49.3760160" lon="-123.2717680">
    <ele>1.1</ele>
    <time>2024-09-04T17:55:35Z</time>
   </trkpt>
   <trkpt lat="49.3760120" lon="-123.2717570">
    <ele>1.1</ele>
    <time>2024-09-04T17:55:36Z</time>
   </trkpt>
   <trkpt lat="49.3760200" lon="-123.2717460">
    <ele>1.3</ele>
    <time>2024-09-04T17:55:37Z</time>
   </trkpt>
   <trkpt lat="49.3760170" lon="-123.2717460">
    <ele>1.3</ele>
    <time>2024-09-04T17:55:38Z</time>
   </trkpt>
   <trkpt lat="49.3760130" lon="-123.2717480">
    <ele>1.3</ele>
    <time>2024-09-04T17:55:39Z</time>
   </trkpt>
   <trkpt lat="49.3760150" lon="-123.2717390">
    <ele>1.3</ele>
    <time>2024-09-04T17:55:40Z</time>
   </trkpt>
   <trkpt lat="49.3759970" lon="-123.2717420">
    <ele>2.3</ele>
    <time>2024-09-04T17:55:41Z</time>
   </trkpt>
   <trkpt lat="49.3759860" lon="-123.2717420">
    <ele>2.3</ele>
    <time>2024-09-04T17:55:42Z</time>
   </trkpt>
   <trkpt lat="49.3759860" lon="-123.2717480">
    <ele>2.3</ele>
    <time>2024-09-04T17:55:51Z</time>
   </trkpt>
   <trkpt lat="49.3759900" lon="-123.2717600">
    <ele>1.4</ele>
    <time>2024-09-04T17:55:52Z</time>
   </trkpt>
   <trkpt lat="49.3759740" lon="-123.2717630">
    <ele>3.4</ele>
    <time>2024-09-04T17:55:53Z</time>
   </trkpt>
   <trkpt lat="49.3759570" lon="-123.2717610">
    <ele>3.4</ele>
    <time>2024-09-04T17:55:54Z</time>
   </trkpt>
   <trkpt lat="49.3759320" lon="-123.2717420">
    <ele>5.9</ele>
    <time>2024-09-04T17:55:55Z</time>
   </trkpt>
   <trkpt lat="49.3759190" lon="-123.2717300">
    <ele>5.9</ele>
    <time>2024-09-04T17:55:56Z</time>
   </trkpt>
   <trkpt lat="49.3759060" lon="-123.2717170">
    <ele>7.0</ele>
    <time>2024-09-04T17:55:57Z</time>
   </trkpt>
   <trkpt lat="49.3758930" lon="-123.2717040">
    <ele>8.3</ele>
    <time>2024-09-04T17:55:58Z</time>
   </trkpt>
   <trkpt lat="49.3758800" lon="-123.2716920">
    <ele>10.0</ele>
    <time>2024-09-04T17:55:59Z</time>
   </trkpt>
   <trkpt lat="49.3758670" lon="-123.2716790">
    <ele>10.0</ele>
    <time>2024-09-04T17:56:00Z</time>
   </trkpt>
   <trkpt lat="49.3758310" lon="-123.2716920">
    <ele>12.7</ele>
    <time>2024-09-04T17:56:01Z</time>
   </trkpt>
   <trkpt lat="49.3758180" lon="-123.2716970">
    <ele>12.7</ele>
    <time>2024-09-04T17:56:02Z</time>
   </trkpt>
   <trkpt lat="49.3758170" lon="-123.2717160">
    <ele>11.1</ele>
    <time>2024-09-04T17:56:03Z</time>
   </trkpt>
   <trkpt lat="49.3758000" lon="-123.2717360">
    <ele>12.3</ele>
    <time>2024-09-04T17:56:04Z</time>
   </trkpt>
   <trkpt lat="49.3757850" lon="-123.2717380">
    <ele>12.2</ele>
    <time>2024-09-04T17:56:05Z</time>
   </trkpt>
   <trkpt lat="49.3757660" lon="-123.2717550">
    <ele>11.7</ele>
    <time>2024-09-04T17:56:06Z</time>
   </trkpt>
   <trkpt lat="49.3757380" lon="-123.2717680">
    <ele>12.9</ele>
    <time>2024-09-04T17:56:07Z</time>
   </trkpt>
   <trkpt lat="49.3757230" lon="-123.2717760">
    <ele>14.2</ele>
    <time>2024-09-04T17:56:08Z</time>
   </trkpt>
   <trkpt lat="49.3757090" lon="-123.2717870">
    <ele>14.1</ele>
    <time>2024-09-04T17:56:09Z</time>
   </trkpt>
   <trkpt lat="49.3757070" lon="-123.2717760">
    <ele>14.1</ele>
    <time>2024-09-04T17:56:10Z</time>
   </trkpt>
   <trkpt lat="49.3757170" lon="-123.2717450">
    <ele>15.2</ele>
    <time>2024-09-04T17:56:11Z</time>
   </trkpt>
   <trkpt lat="49.3756920" lon="-123.2717470">
    <ele>16.1</ele>
    <time>2024-09-04T17:56:13Z</time>
   </trkpt>
   <trkpt lat="49.3756620" lon="-123.2717500">
    <ele>16.9</ele>
    <time>2024-09-04T17:56:14Z</time>
   </trkpt>
   <trkpt lat="49.3756290" lon="-123.2717850">
    <ele>17.3</ele>
    <time>2024-09-04T17:56:15Z</time>
   </trkpt>
   <trkpt lat="49.3755940" lon="-123.2717670">
    <ele>18.0</ele>
    <time>2024-09-04T17:56:16Z</time>
   </trkpt>
   <trkpt lat="49.3755710" lon="-123.2717730">
    <ele>18.7</ele>
    <time>2024-09-04T17:56:17Z</time>
   </trkpt>
   <trkpt lat="49.3755710" lon="-123.2717800">
    <ele>18.7</ele>
    <time>2024-09-04T17:56:18Z</time>
   </trkpt>
   <trkpt lat="49.3755680" lon="-123.2717950">
    <ele>18.9</ele>
    <time>2024-09-04T17:56:19Z</time>
   </trkpt>
   <trkpt lat="49.3755550" lon="-123.2718310">
    <ele>19.6</ele>
    <time>2024-09-04T17:56:20Z</time>
   </trkpt>
   <trkpt lat="49.3755530" lon="-123.2718460">
    <ele>20.0</ele>
    <time>2024-09-04T17:56:21Z</time>
   </trkpt>
   <trkpt lat="49.3755400" lon="-123.2718530">
    <ele>20.0</ele>
    <time>2024-09-04T17:56:22Z</time>
   </trkpt>
   <trkpt lat="49.3755330" lon="-123.2718610">
    <ele>20.0</ele>
    <time>2024-09-04T17:56:23Z</time>
   </trkpt>
   <trkpt lat="49.3755330" lon="-123.2718750">
    <ele>19.9</ele>
    <time>2024-09-04T17:56:24Z</time>
   </trkpt>
   <trkpt lat="49.3755130" lon="-123.2719150">
    <ele>21.0</ele>
    <time>2024-09-04T17:56:25Z</time>
   </trkpt>
   <trkpt lat="49.3755020" lon="-123.2719370">
    <ele>21.3</ele>
    <time>2024-09-04T17:56:26Z</time>
   </trkpt>
   <trkpt lat="49.3754970" lon="-123.2719550">
    <ele>21.7</ele>
    <time>2024-09-04T17:56:27Z</time>
   </trkpt>
   <trkpt lat="49.3754900" lon="-123.2719590">
    <ele>21.7</ele>
    <time>2024-09-04T17:56:28Z</time>
   </trkpt>
   <trkpt lat="49.3754730" lon="-123.2719650">
    <ele>21.7</ele>
    <time>2024-09-04T17:56:29Z</time>
   </trkpt>
   <trkpt lat="49.3754560" lon="-123.2719710">
    <ele>21.8</ele>
    <time>2024-09-04T17:56:30Z</time>
   </trkpt>
   <trkpt lat="49.3754370" lon="-123.2719620">
    <ele>22.2</ele>
    <time>2024-09-04T17:56:31Z</time>
   </trkpt>
   <trkpt lat="49.3754170" lon="-123.2719660">
    <ele>21.9</ele>
    <time>2024-09-04T17:56:32Z</time>
   </trkpt>
   <trkpt lat="49.3754030" lon="-123.2719770">
    <ele>22.1</ele>
    <time>2024-09-04T17:56:33Z</time>
   </trkpt>
   <trkpt lat="49.3753880" lon="-123.2719820">
    <ele>22.1</ele>
    <time>2024-09-04T17:56:34Z</time>
   </trkpt>
   <trkpt lat="49.3753740" lon="-123.2719880">
    <ele>22.1</ele>
    <time>2024-09-04T17:56:35Z</time>
   </trkpt>
   <trkpt lat="49.3753450" lon="-123.2720030">
    <ele>22.2</ele>
    <time>2024-09-04T17:56:36Z</time>
   </trkpt>
   <trkpt lat="49.3753370" lon="-123.2720090">
    <ele>21.3</ele>
    <time>2024-09-04T17:56:37Z</time>
   </trkpt>
   <trkpt lat="49.3753090" lon="-123.2720200">
    <ele>21.3</ele>
    <time>2024-09-04T17:56:38Z</time>
   </trkpt>
   <trkpt lat="49.3752990" lon="-123.2720250">
    <ele>21.3</ele>
    <time>2024-09-04T17:56:39Z</time>
   </trkpt>
   <trkpt lat="49.3752750" lon="-123.2720330">
    <ele>21.1</ele>
    <time>2024-09-04T17:56:40Z</time>
   </trkpt>
   <trkpt lat="49.3752670" lon="-123.2720300">
    <ele>21.1</ele>
    <time>2024-09-04T17:56:41Z</time>
   </trkpt>
   <trkpt lat="49.3752590" lon="-123.2720260">
    <ele>21.1</ele>
    <time>2024-09-04T17:56:42Z</time>
   </trkpt>
   <trkpt lat="49.3752280" lon="-123.2720140">
    <ele>20.9</ele>
    <time>2024-09-04T17:56:43Z</time>
   </trkpt>
   <trkpt lat="49.3752140" lon="-123.2720110">
    <ele>20.6</ele>
    <time>2024-09-04T17:56:44Z</time>
   </trkpt>
   <trkpt lat="49.3751850" lon="-123.2720140">
    <ele>20.2</ele>
    <time>2024-09-04T17:56:45Z</time>
   </trkpt>
   <trkpt lat="49.3751760" lon="-123.2720200">
    <ele>20.2</ele>
    <time>2024-09-04T17:56:46Z</time>
   </trkpt>
   <trkpt lat="49.3751520" lon="-123.2720220">
    <ele>19.7</ele>
    <time>2024-09-04T17:56:47Z</time>
   </trkpt>
   <trkpt lat="49.3751410" lon="-123.2720200">
    <ele>19.7</ele>
    <time>2024-09-04T17:56:48Z</time>
   </trkpt>
   <trkpt lat="49.3751300" lon="-123.2720180">
    <ele>19.0</ele>
    <time>2024-09-04T17:56:49Z</time>
   </trkpt>
   <trkpt lat="49.3751020" lon="-123.2720210">
    <ele>18.2</ele>
    <time>2024-09-04T17:56:50Z</time>
   </trkpt>
   <trkpt lat="49.3750940" lon="-123.2720220">
    <ele>18.2</ele>
    <time>2024-09-04T17:56:51Z</time>
   </trkpt>
   <trkpt lat="49.3750860" lon="-123.2720230">
    <ele>18.1</ele>
    <time>2024-09-04T17:56:52Z</time>
   </trkpt>
   <trkpt lat="49.3750780" lon="-123.2720250">
    <ele>17.2</ele>
    <time>2024-09-04T17:56:53Z</time>
   </trkpt>
   <trkpt lat="49.3750580" lon="-123.2720250">
    <ele>17.1</ele>
    <time>2024-09-04T17:56:54Z</time>
   </trkpt>
   <trkpt lat="49.3750430" lon="-123.2720330">
    <ele>16.1</ele>
    <time>2024-09-04T17:56:55Z</time>
   </trkpt>
   <trkpt lat="49.3750190" lon="-123.2720470">
    <ele>14.7</ele>
    <time>2024-09-04T17:56:56Z</time>
   </trkpt>
   <trkpt lat="49.3750080" lon="-123.2720540">
    <ele>13.5</ele>
    <time>2024-09-04T17:56:57Z</time>
   </trkpt>
   <trkpt lat="49.3749880" lon="-123.2720490">
    <ele>13.2</ele>
    <time>2024-09-04T17:56:58Z</time>
   </trkpt>
   <trkpt lat="49.3749810" lon="-123.2720490">
    <ele>13.2</ele>
    <time>2024-09-04T17:56:59Z</time>
   </trkpt>
   <trkpt lat="49.3749740" lon="-123.2720490">
    <ele>13.2</ele>
    <time>2024-09-04T17:57:00Z</time>
   </trkpt>
   <trkpt lat="49.3749570" lon="-123.2720690">
    <ele>10.4</ele>
    <time>2024-09-04T17:57:01Z</time>
   </trkpt>
   <trkpt lat="49.3749420" lon="-123.2720780">
    <ele>10.3</ele>
    <time>2024-09-04T17:57:02Z</time>
   </trkpt>
   <trkpt lat="49.3749120" lon="-123.2720670">
    <ele>7.2</ele>
    <time>2024-09-04T17:57:03Z</time>
   </trkpt>
   <trkpt lat="49.3748990" lon="-123.2720660">
    <ele>7.2</ele>
    <time>2024-09-04T17:57:04Z</time>
   </trkpt>
   <trkpt lat="49.3748710" lon="-123.2720660">
    <ele>5.7</ele>
    <time>2024-09-04T17:57:05Z</time>
   </trkpt>
   <trkpt lat="49.3748420" lon="-123.2720660">
    <ele>4.6</ele>
    <time>2024-09-04T17:57:06Z</time>
   </trkpt>
   <trkpt lat="49.3748280" lon="-123.2720670">
    <ele>3.7</ele>
    <time>2024-09-04T17:57:07Z</time>
   </trkpt>
   <trkpt lat="49.3747930" lon="-123.2720690">
    <ele>3.3</ele>
    <time>2024-09-04T17:57:08Z</time>
   </trkpt>
   <trkpt lat="49.3747840" lon="-123.2720690">
    <ele>3.3</ele>
    <time>2024-09-04T17:57:09Z</time>
   </trkpt>
   <trkpt lat="49.3747550" lon="-123.2720600">
    <ele>3.3</ele>
    <time>2024-09-04T17:57:10Z</time>
   </trkpt>
   <trkpt lat="49.3747300" lon="-123.2720620">
    <ele>3.8</ele>
    <time>2024-09-04T17:57:11Z</time>
   </trkpt>
   <trkpt lat="49.3747220" lon="-123.2720570">
    <ele>3.8</ele>
    <time>2024-09-04T17:57:12Z</time>
   </trkpt>
   <trkpt lat="49.3747060" lon="-123.2720540">
    <ele>4.6</ele>
    <time>2024-09-04T17:57:13Z</time>
   </trkpt>
   <trkpt lat="49.3746880" lon="-123.2720500">
    <ele>6.7</ele>
    <time>2024-09-04T17:57:14Z</time>
   </trkpt>
   <trkpt lat="49.3746540" lon="-123.2720430">
    <ele>7.8</ele>
    <time>2024-09-04T17:57:15Z</time>
   </trkpt>
   <trkpt lat="49.3746440" lon="-123.2720410">
    <ele>7.8</ele>
    <time>2024-09-04T17:57:16Z</time>
   </trkpt>
   <trkpt lat="49.3746270" lon="-123.2720440">
    <ele>8.9</ele>
    <time>2024-09-04T17:57:17Z</time>
   </trkpt>
   <trkpt lat="49.3746160" lon="-123.2720440">
    <ele>8.9</ele>
    <time>2024-09-04T17:57:18Z</time>
   </trkpt>
   <trkpt lat="49.3745940" lon="-123.2720400">
    <ele>10.0</ele>
    <time>2024-09-04T17:57:19Z</time>
   </trkpt>
   <trkpt lat="49.3745870" lon="-123.2720390">
    <ele>10.0</ele>
    <time>2024-09-04T17:57:20Z</time>
   </trkpt>
   <trkpt lat="49.3745690" lon="-123.2720320">
    <ele>11.1</ele>
    <time>2024-09-04T17:57:21Z</time>
   </trkpt>
   <trkpt lat="49.3745590" lon="-123.2720270">
    <ele>11.1</ele>
    <time>2024-09-04T17:57:22Z</time>
   </trkpt>
   <trkpt lat="49.3745410" lon="-123.2720210">
    <ele>12.1</ele>
    <time>2024-09-04T17:57:23Z</time>
   </trkpt>
   <trkpt lat="49.3745390" lon="-123.2720190">
    <ele>12.1</ele>
    <time>2024-09-04T17:57:24Z</time>
   </trkpt>
   <trkpt lat="49.3745270" lon="-123.2720110">
    <ele>12.1</ele>
    <time>2024-09-04T17:57:25Z</time>
   </trkpt>
   <trkpt lat="49.3745130" lon="-123.2720030">
    <ele>13.4</ele>
    <time>2024-09-04T17:57:26Z</time>
   </trkpt>
   <trkpt lat="49.3745030" lon="-123.2719970">
    <ele>13.3</ele>
    <time>2024-09-04T17:57:27Z</time>
   </trkpt>
   <trkpt lat="49.3744930" lon="-123.2719910">
    <ele>14.0</ele>
    <time>2024-09-04T17:57:28Z</time>
   </trkpt>
   <trkpt lat="49.3744910" lon="-123.2719930">
    <ele>14.0</ele>
    <time>2024-09-04T17:57:29Z</time>
   </trkpt>
   <trkpt lat="49.3744890" lon="-123.2719910">
    <ele>14.0</ele>
    <time>2024-09-04T17:57:30Z</time>
   </trkpt>
   <trkpt lat="49.3744800" lon="-123.2719970">
    <ele>14.0</ele>
    <time>2024-09-04T17:57:31Z</time>
   </trkpt>
   <trkpt lat="49.3744740" lon="-123.2720010">
    <ele>13.9</ele>
    <time>2024-09-04T17:57:32Z</time>
   </trkpt>
   <trkpt lat="49.3744750" lon="-123.2719960">
    <ele>13.9</ele>
    <time>2024-09-04T17:57:33Z</time>
   </trkpt>
   <trkpt lat="49.3744740" lon="-123.2719960">
    <ele>13.9</ele>
    <time>2024-09-04T17:57:34Z</time>
   </trkpt>
   <trkpt lat="49.3744730" lon="-123.2719980">
    <ele>13.9</ele>
    <time>2024-09-04T17:57:35Z</time>
   </trkpt>
   <trkpt lat="49.3744650" lon="-123.2719970">
    <ele>14.5</ele>
    <time>2024-09-04T17:57:36Z</time>
   </trkpt>
   <trkpt lat="49.3744680" lon="-123.2719940">
    <ele>13.8</ele>
    <time>2024-09-04T17:57:37Z</time>
   </trkpt>
   <trkpt lat="49.3744620" lon="-123.2719990">
    <ele>14.5</ele>
    <time>2024-09-04T17:57:38Z</time>
   </trkpt>
   <trkpt lat="49.3744570" lon="-123.2720050">
    <ele>14.5</ele>
    <time>2024-09-04T17:57:39Z</time>
   </trkpt>
   <trkpt lat="49.3744570" lon="-123.2720050">
    <ele>14.4</ele>
    <time>2024-09-04T17:57:40Z</time>
   </trkpt>
   <trkpt lat="49.3744600" lon="-123.2720060">
    <ele>14.4</ele>
    <time>2024-09-04T17:57:41Z</time>
   </trkpt>
   <trkpt lat="49.3744570" lon="-123.2720100">
    <ele>14.0</ele>
    <time>2024-09-04T17:57:42Z</time>
   </trkpt>
   <trkpt lat="49.3743760" lon="-123.2720830">
    <ele>15.3</ele>
    <time>2024-09-04T17:57:57Z</time>
   </trkpt>
   <trkpt lat="49.3743710" lon="-123.2720890">
    <ele>15.3</ele>
    <time>2024-09-04T17:57:58Z</time>
   </trkpt>
   <trkpt lat="49.3743670" lon="-123.2720940">
    <ele>15.3</ele>
    <time>2024-09-04T17:57:59Z</time>
   </trkpt>
   <trkpt lat="49.3743650" lon="-123.2720950">
    <ele>14.9</ele>
    <time>2024-09-04T17:58:00Z</time>
   </trkpt>
   <trkpt lat="49.3743560" lon="-123.2721100">
    <ele>14.9</ele>
    <time>2024-09-04T17:58:01Z</time>
   </trkpt>
   <trkpt lat="49.3743510" lon="-123.2721180">
    <ele>15.3</ele>
    <time>2024-09-04T17:58:02Z</time>
   </trkpt>
   <trkpt lat="49.3743460" lon="-123.2721270">
    <ele>15.3</ele>
    <time>2024-09-04T17:58:03Z</time>
   </trkpt>
   <trkpt lat="49.3743410" lon="-123.2721360">
    <ele>15.2</ele>
    <time>2024-09-04T17:58:04Z</time>
   </trkpt>
   <trkpt lat="49.3743290" lon="-123.2721470">
    <ele>15.0</ele>
    <time>2024-09-04T17:58:05Z</time>
   </trkpt>
   <trkpt lat="49.3743260" lon="-123.2721580">
    <ele>15.0</ele>
    <time>2024-09-04T17:58:06Z</time>
   </trkpt>
   <trkpt lat="49.3743290" lon="-123.2721570">
    <ele>14.9</ele>
    <time>2024-09-04T17:58:07Z</time>
   </trkpt>
   <trkpt lat="49.3743270" lon="-123.2721550">
    <ele>14.9</ele>
    <time>2024-09-04T17:58:08Z</time>
   </trkpt>
   <trkpt lat="49.3743250" lon="-123.2721680">
    <ele>15.3</ele>
    <time>2024-09-04T17:58:09Z</time>
   </trkpt>
   <trkpt lat="49.3743280" lon="-123.2721670">
    <ele>14.9</ele>
    <time>2024-09-04T17:58:10Z</time>
   </trkpt>
   <trkpt lat="49.3743260" lon="-123.2721650">
    <ele>14.8</ele>
    <time>2024-09-04T17:58:11Z</time>
   </trkpt>
   <trkpt lat="49.3743240" lon="-123.2721640">
    <ele>15.2</ele>
    <time>2024-09-04T17:58:12Z</time>
   </trkpt>
   <trkpt lat="49.3743240" lon="-123.2721660">
    <ele>15.2</ele>
    <time>2024-09-04T17:58:13Z</time>
   </trkpt>
   <trkpt lat="49.3743230" lon="-123.2721680">
    <ele>15.2</ele>
    <time>2024-09-04T17:58:14Z</time>
   </trkpt>
   <trkpt lat="49.3743140" lon="-123.2721870">
    <ele>15.0</ele>
    <time>2024-09-04T17:58:15Z</time>
   </trkpt>
   <trkpt lat="49.3743020" lon="-123.2722050">
    <ele>14.9</ele>
    <time>2024-09-04T17:58:16Z</time>
   </trkpt>
   <trkpt lat="49.3742910" lon="-123.2722220">
    <ele>15.3</ele>
    <time>2024-09-04T18:01:15Z</time>
   </trkpt>
   <trkpt lat="49.3742800" lon="-123.2722390">
    <ele>15.1</ele>
    <time>2024-09-04T18:01:16Z</time>
   </trkpt>
   <trkpt lat="49.3742690" lon="-123.2722570">
    <ele>15.5</ele>
    <time>2024-09-04T18:01:17Z</time>
   </trkpt>
   <trkpt lat="49.3742710" lon="-123.2723060">
    <ele>15.5</ele>
    <time>2024-09-04T18:01:18Z</time>
   </trkpt>
   <trkpt lat="49.3742740" lon="-123.2723250">
    <ele>15.4</ele>
    <time>2024-09-04T18:01:19Z</time>
   </trkpt>
   <trkpt lat="49.3742750" lon="-123.2723830">
    <ele>15.4</ele>
    <time>2024-09-04T18:01:20Z</time>
   </trkpt>
   <trkpt lat="49.3742750" lon="-123.2724030">
    <ele>15.4</ele>
    <time>2024-09-04T18:01:21Z</time>
   </trkpt>
   <trkpt lat="49.3742800" lon="-123.2724470">
    <ele>15.4</ele>
    <time>2024-09-04T18:01:22Z</time>
   </trkpt>
   <trkpt lat="49.3742810" lon="-123.2724910">
    <ele>15.3</ele>
    <time>2024-09-04T18:01:23Z</time>
   </trkpt>
   <trkpt lat="49.3742700" lon="-123.2725290">
    <ele>15.3</ele>
    <time>2024-09-04T18:01:24Z</time>
   </trkpt>
   <trkpt lat="49.3742780" lon="-123.2725890">
    <ele>15.3</ele>
    <time>2024-09-04T18:01:25Z</time>
   </trkpt>
   <trkpt lat="49.3742780" lon="-123.2726320">
    <ele>15.3</ele>
    <time>2024-09-04T18:01:26Z</time>
   </trkpt>
   <trkpt lat="49.3742790" lon="-123.2726880">
    <ele>15.3</ele>
    <time>2024-09-04T18:01:27Z</time>
   </trkpt>
   <trkpt lat="49.3742770" lon="-123.2727430">
    <ele>15.3</ele>
    <time>2024-09-04T18:01:28Z</time>
   </trkpt>
   <trkpt lat="49.3742780" lon="-123.2728000">
    <ele>15.2</ele>
    <time>2024-09-04T18:01:29Z</time>
   </trkpt>
   <trkpt lat="49.3742690" lon="-123.2728520">
    <ele>15.2</ele>
    <time>2024-09-04T18:01:30Z</time>
   </trkpt>
   <trkpt lat="49.3742450" lon="-123.2728930">
    <ele>15.4</ele>
    <time>2024-09-04T18:01:31Z</time>
   </trkpt>
   <trkpt lat="49.3742200" lon="-123.2729190">
    <ele>15.5</ele>
    <time>2024-09-04T18:01:32Z</time>
   </trkpt>
   <trkpt lat="49.3741870" lon="-123.2729440">
    <ele>15.6</ele>
    <time>2024-09-04T18:01:33Z</time>
   </trkpt>
   <trkpt lat="49.3741500" lon="-123.2729590">
    <ele>15.7</ele>
    <time>2024-09-04T18:01:34Z</time>
   </trkpt>
   <trkpt lat="49.3741100" lon="-123.2729640">
    <ele>15.9</ele>
    <time>2024-09-04T18:01:35Z</time>
   </trkpt>
   <trkpt lat="49.3740690" lon="-123.2729710">
    <ele>16.0</ele>
    <time>2024-09-04T18:01:36Z</time>
   </trkpt>
   <trkpt lat="49.3740330" lon="-123.2729810">
    <ele>16.1</ele>
    <time>2024-09-04T18:01:37Z</time>
   </trkpt>
   <trkpt lat="49.3739920" lon="-123.2729900">
    <ele>16.2</ele>
    <time>2024-09-04T18:01:38Z</time>
   </trkpt>
   <trkpt lat="49.3739620" lon="-123.2729980">
    <ele>16.3</ele>
    <time>2024-09-04T18:01:39Z</time>
   </trkpt>
   <trkpt lat="49.3739260" lon="-123.2730050">
    <ele>16.5</ele>
    <time>2024-09-04T18:01:40Z</time>
   </trkpt>
   <trkpt lat="49.3738900" lon="-123.2730170">
    <ele>16.6</ele>
    <time>2024-09-04T18:01:41Z</time>
   </trkpt>
   <trkpt lat="49.3738570" lon="-123.2730200">
    <ele>16.7</ele>
    <time>2024-09-04T18:01:42Z</time>
   </trkpt>
   <trkpt lat="49.3738240" lon="-123.2730260">
    <ele>16.9</ele>
    <time>2024-09-04T18:01:43Z</time>
   </trkpt>
   <trkpt lat="49.3737930" lon="-123.2730290">
    <ele>17.1</ele>
    <time>2024-09-04T18:01:44Z</time>
   </trkpt>
   <trkpt lat="49.3737630" lon="-123.2730350">
    <ele>17.2</ele>
    <time>2024-09-04T18:01:45Z</time>
   </trkpt>
   <trkpt lat="49.3737320" lon="-123.2730420">
    <ele>17.4</ele>
    <time>2024-09-04T18:01:46Z</time>
   </trkpt>
   <trkpt lat="49.3737010" lon="-123.2730520">
    <ele>17.5</ele>
    <time>2024-09-04T18:01:47Z</time>
   </trkpt>
   <trkpt lat="49.3736680" lon="-123.2730570">
    <ele>17.6</ele>
    <time>2024-09-04T18:01:48Z</time>
   </trkpt>
   <trkpt lat="49.3736390" lon="-123.2730700">
    <ele>17.7</ele>
    <time>2024-09-04T18:01:49Z</time>
   </trkpt>
   <trkpt lat="49.3736090" lon="-123.2730730">
    <ele>17.8</ele>
    <time>2024-09-04T18:01:50Z</time>
   </trkpt>
   <trkpt lat="49.3735790" lon="-123.2730740">
    <ele>17.9</ele>
    <time>2024-09-04T18:01:51Z</time>
   </trkpt>
   <trkpt lat="49.3735490" lon="-123.2730830">
    <ele>17.9</ele>
    <time>2024-09-04T18:01:52Z</time>
   </trkpt>
   <trkpt lat="49.3735210" lon="-123.2730910">
    <ele>18.0</ele>
    <time>2024-09-04T18:01:53Z</time>
   </trkpt>
   <trkpt lat="49.3734850" lon="-123.2731060">
    <ele>18.0</ele>
    <time>2024-09-04T18:01:54Z</time>
   </trkpt>
   <trkpt lat="49.3734730" lon="-123.2731120">
    <ele>18.0</ele>
    <time>2024-09-04T18:01:55Z</time>
   </trkpt>
   <trkpt lat="49.3734530" lon="-123.2731440">
    <ele>18.0</ele>
    <time>2024-09-04T18:01:56Z</time>
   </trkpt>
   <trkpt lat="49.3734380" lon="-123.2731810">
    <ele>18.0</ele>
    <time>2024-09-04T18:01:57Z</time>
   </trkpt>
   <trkpt lat="49.3734450" lon="-123.2732290">
    <ele>18.0</ele>
    <time>2024-09-04T18:01:58Z</time>
   </trkpt>
   <trkpt lat="49.3734550" lon="-123.2733010">
    <ele>17.9</ele>
    <time>2024-09-04T18:01:59Z</time>
   </trkpt>
   <trkpt lat="49.3734580" lon="-123.2733540">
    <ele>17.8</ele>
    <time>2024-09-04T18:02:00Z</time>
   </trkpt>
   <trkpt lat="49.3734620" lon="-123.2734120">
    <ele>17.7</ele>
    <time>2024-09-04T18:02:01Z</time>
   </trkpt>
   <trkpt lat="49.3734620" lon="-123.2734750">
    <ele>17.7</ele>
    <time>2024-09-04T18:02:02Z</time>
   </trkpt>
   <trkpt lat="49.3734610" lon="-123.2734980">
    <ele>17.7</ele>
    <time>2024-09-04T18:02:03Z</time>
   </trkpt>
   <trkpt lat="49.3734580" lon="-123.2735530">
    <ele>17.6</ele>
    <time>2024-09-04T18:02:04Z</time>
   </trkpt>
   <trkpt lat="49.3734570" lon="-123.2735740">
    <ele>17.6</ele>
    <time>2024-09-04T18:02:05Z</time>
   </trkpt>
   <trkpt lat="49.3734720" lon="-123.2737110">
    <ele>17.5</ele>
    <time>2024-09-04T18:02:06Z</time>
   </trkpt>
   <trkpt lat="49.3734890" lon="-123.2737600">
    <ele>17.5</ele>
    <time>2024-09-04T18:02:07Z</time>
   </trkpt>
   <trkpt lat="49.3734990" lon="-123.2738130">
    <ele>17.5</ele>
    <time>2024-09-04T18:02:08Z</time>
   </trkpt>
   <trkpt lat="49.3735060" lon="-123.2738630">
    <ele>17.4</ele>
    <time>2024-09-04T18:02:09Z</time>
   </trkpt>
   <trkpt lat="49.3735120" lon="-123.2739140">
    <ele>17.4</ele>
    <time>2024-09-04T18:02:10Z</time>
   </trkpt>
   <trkpt lat="49.3735090" lon="-123.2739640">
    <ele>17.4</ele>
    <time>2024-09-04T18:02:11Z</time>
   </trkpt>
   <trkpt lat="49.3735190" lon="-123.2740340">
    <ele>17.3</ele>
    <time>2024-09-04T18:02:12Z</time>
   </trkpt>
   <trkpt lat="49.3735230" lon="-123.2741090">
    <ele>17.3</ele>
    <time>2024-09-04T18:02:13Z</time>
   </trkpt>
   <trkpt lat="49.3735280" lon="-123.2741760">
    <ele>17.2</ele>
    <time>2024-09-04T18:02:14Z</time>
   </trkpt>
   <trkpt lat="49.3735260" lon="-123.2742360">
    <ele>17.2</ele>
    <time>2024-09-04T18:02:15Z</time>
   </trkpt>
   <trkpt lat="49.3735330" lon="-123.2742850">
    <ele>17.2</ele>
    <time>2024-09-04T18:02:16Z</time>
   </trkpt>
   <trkpt lat="49.3735390" lon="-123.2743470">
    <ele>17.1</ele>
    <time>2024-09-04T18:02:17Z</time>
   </trkpt>
   <trkpt lat="49.3735340" lon="-123.2744160">
    <ele>17.1</ele>
    <time>2024-09-04T18:02:18Z</time>
   </trkpt>
   <trkpt lat="49.3735350" lon="-123.2744860">
    <ele>17.1</ele>
    <time>2024-09-04T18:02:19Z</time>
   </trkpt>
   <trkpt lat="49.3735320" lon="-123.2745440">
    <ele>17.1</ele>
    <time>2024-09-04T18:02:20Z</time>
   </trkpt>
   <trkpt lat="49.3735580" lon="-123.2745930">
    <ele>17.1</ele>
    <time>2024-09-04T18:02:21Z</time>
   </trkpt>
   <trkpt lat="49.3735820" lon="-123.2746480">
    <ele>17.0</ele>
    <time>2024-09-04T18:02:22Z</time>
   </trkpt>
   <trkpt lat="49.3735990" lon="-123.2747020">
    <ele>17.0</ele>
    <time>2024-09-04T18:02:23Z</time>
   </trkpt>
   <trkpt lat="49.3736260" lon="-123.2747580">
    <ele>16.9</ele>
    <time>2024-09-04T18:02:24Z</time>
   </trkpt>
   <trkpt lat="49.3736360" lon="-123.2747840">
    <ele>16.9</ele>
    <time>2024-09-04T18:02:25Z</time>
   </trkpt>
   <trkpt lat="49.3736610" lon="-123.2748190">
    <ele>16.9</ele>
    <time>2024-09-04T18:02:26Z</time>
   </trkpt>
   <trkpt lat="49.3736700" lon="-123.2748650">
    <ele>16.8</ele>
    <time>2024-09-04T18:02:27Z</time>
   </trkpt>
   <trkpt lat="49.3736810" lon="-123.2749140">
    <ele>16.8</ele>
    <time>2024-09-04T18:02:28Z</time>
   </trkpt>
   <trkpt lat="49.3736830" lon="-123.2749880">
    <ele>16.8</ele>
    <time>2024-09-04T18:02:29Z</time>
   </trkpt>
   <trkpt lat="49.3736620" lon="-123.2750490">
    <ele>16.9</ele>
    <time>2024-09-04T18:02:31Z</time>
   </trkpt>
   <trkpt lat="49.3736210" lon="-123.2750850">
    <ele>16.9</ele>
    <time>2024-09-04T18:02:32Z</time>
   </trkpt>
   <trkpt lat="49.3735870" lon="-123.2751230">
    <ele>17.0</ele>
    <time>2024-09-04T18:02:33Z</time>
   </trkpt>
   <trkpt lat="49.3735540" lon="-123.2751580">
    <ele>17.0</ele>
    <time>2024-09-04T18:02:34Z</time>
   </trkpt>
   <trkpt lat="49.3735190" lon="-123.2751890">
    <ele>17.0</ele>
    <time>2024-09-04T18:02:35Z</time>
   </trkpt>
   <trkpt lat="49.3734870" lon="-123.2752220">
    <ele>17.0</ele>
    <time>2024-09-04T18:02:36Z</time>
   </trkpt>
   <trkpt lat="49.3734560" lon="-123.2752530">
    <ele>17.0</ele>
    <time>2024-09-04T18:02:37Z</time>
   </trkpt>
   <trkpt lat="49.3734240" lon="-123.2752860">
    <ele>17.0</ele>
    <time>2024-09-04T18:02:38Z</time>
   </trkpt>
   <trkpt lat="49.3733920" lon="-123.2753220">
    <ele>17.0</ele>
    <time>2024-09-04T18:02:39Z</time>
   </trkpt>
   <trkpt lat="49.3733620" lon="-123.2753520">
    <ele>17.0</ele>
    <time>2024-09-04T18:02:40Z</time>
   </trkpt>
   <trkpt lat="49.3733260" lon="-123.2753870">
    <ele>17.1</ele>
    <time>2024-09-04T18:02:41Z</time>
   </trkpt>
   <trkpt lat="49.3732950" lon="-123.2754200">
    <ele>17.2</ele>
    <time>2024-09-04T18:02:42Z</time>
   </trkpt>
   <trkpt lat="49.3732600" lon="-123.2754490">
    <ele>17.3</ele>
    <time>2024-09-04T18:02:43Z</time>
   </trkpt>
   <trkpt lat="49.3732280" lon="-123.2754800">
    <ele>17.3</ele>
    <time>2024-09-04T18:02:44Z</time>
   </trkpt>
   <trkpt lat="49.3731980" lon="-123.2755160">
    <ele>17.4</ele>
    <time>2024-09-04T18:02:45Z</time>
   </trkpt>
   <trkpt lat="49.3731640" lon="-123.2755520">
    <ele>17.5</ele>
    <time>2024-09-04T18:02:46Z</time>
   </trkpt>
   <trkpt lat="49.3731340" lon="-123.2755810">
    <ele>17.6</ele>
    <time>2024-09-04T18:02:47Z</time>
   </trkpt>
   <trkpt lat="49.3730990" lon="-123.2756070">
    <ele>17.8</ele>
    <time>2024-09-04T18:02:48Z</time>
   </trkpt>
   <trkpt lat="49.3730690" lon="-123.2756470">
    <ele>17.9</ele>
    <time>2024-09-04T18:02:49Z</time>
   </trkpt>
   <trkpt lat="49.3730320" lon="-123.2756690">
    <ele>18.0</ele>
    <time>2024-09-04T18:02:50Z</time>
   </trkpt>
   <trkpt lat="49.3730020" lon="-123.2756870">
    <ele>18.2</ele>
    <time>2024-09-04T18:02:51Z</time>
   </trkpt>
   <trkpt lat="49.3729750" lon="-123.2757180">
    <ele>18.4</ele>
    <time>2024-09-04T18:02:52Z</time>
   </trkpt>
   <trkpt lat="49.3729500" lon="-123.2757360">
    <ele>18.6</ele>
    <time>2024-09-04T18:02:53Z</time>
   </trkpt>
   <trkpt lat="49.3729210" lon="-123.2757540">
    <ele>18.8</ele>
    <time>2024-09-04T18:02:54Z</time>
   </trkpt>
   <trkpt lat="49.3728970" lon="-123.2757780">
    <ele>19.0</ele>
    <time>2024-09-04T18:02:55Z</time>
   </trkpt>
   <trkpt lat="49.3728700" lon="-123.2758030">
    <ele>19.2</ele>
    <time>2024-09-04T18:02:56Z</time>
   </trkpt>
   <trkpt lat="49.3728430" lon="-123.2758300">
    <ele>19.4</ele>
    <time>2024-09-04T18:02:57Z</time>
   </trkpt>
   <trkpt lat="49.3728140" lon="-123.2758480">
    <ele>19.6</ele>
    <time>2024-09-04T18:02:58Z</time>
   </trkpt>
   <trkpt lat="49.3727880" lon="-123.2758650">
    <ele>19.8</ele>
    <time>2024-09-04T18:02:59Z</time>
   </trkpt>
   <trkpt lat="49.3727620" lon="-123.2758860">
    <ele>20.0</ele>
    <time>2024-09-04T18:03:00Z</time>
   </trkpt>
   <trkpt lat="49.3727370" lon="-123.2759080">
    <ele>20.2</ele>
    <time>2024-09-04T18:03:01Z</time>
   </trkpt>
   <trkpt lat="49.3727120" lon="-123.2759310">
    <ele>20.4</ele>
    <time>2024-09-04T18:03:02Z</time>
   </trkpt>
   <trkpt lat="49.3726880" lon="-123.2759560">
    <ele>20.6</ele>
    <time>2024-09-04T18:03:03Z</time>
   </trkpt>
   <trkpt lat="49.3726660" lon="-123.2759830">
    <ele>20.8</ele>
    <time>2024-09-04T18:03:04Z</time>
   </trkpt>
   <trkpt lat="49.3726410" lon="-123.2760090">
    <ele>21.0</ele>
    <time>2024-09-04T18:03:05Z</time>
   </trkpt>
   <trkpt lat="49.3726080" lon="-123.2760420">
    <ele>21.3</ele>
    <time>2024-09-04T18:03:06Z</time>
   </trkpt>
   <trkpt lat="49.3725970" lon="-123.2760530">
    <ele>21.4</ele>
    <time>2024-09-04T18:03:07Z</time>
   </trkpt>
   <trkpt lat="49.3725740" lon="-123.2760770">
    <ele>21.6</ele>
    <time>2024-09-04T18:03:08Z</time>
   </trkpt>
   <trkpt lat="49.3725410" lon="-123.2761080">
    <ele>21.9</ele>
    <time>2024-09-04T18:03:09Z</time>
   </trkpt>
   <trkpt lat="49.3725300" lon="-123.2761180">
    <ele>22.0</ele>
    <time>2024-09-04T18:03:10Z</time>
   </trkpt>
   <trkpt lat="49.3724980" lon="-123.2761530">
    <ele>22.3</ele>
    <time>2024-09-04T18:03:11Z</time>
   </trkpt>
   <trkpt lat="49.3724870" lon="-123.2761650">
    <ele>22.5</ele>
    <time>2024-09-04T18:03:12Z</time>
   </trkpt>
   <trkpt lat="49.3724530" lon="-123.2761970">
    <ele>22.8</ele>
    <time>2024-09-04T18:03:13Z</time>
   </trkpt>
   <trkpt lat="49.3724410" lon="-123.2762080">
    <ele>22.9</ele>
    <time>2024-09-04T18:03:14Z</time>
   </trkpt>
   <trkpt lat="49.3724080" lon="-123.2762400">
    <ele>23.3</ele>
    <time>2024-09-04T18:03:15Z</time>
   </trkpt>
   <trkpt lat="49.3723970" lon="-123.2762500">
    <ele>23.4</ele>
    <time>2024-09-04T18:03:16Z</time>
   </trkpt>
   <trkpt lat="49.3723540" lon="-123.2762920">
    <ele>23.8</ele>
    <time>2024-09-04T18:03:17Z</time>
   </trkpt>
   <trkpt lat="49.3723220" lon="-123.2763240">
    <ele>24.2</ele>
    <time>2024-09-04T18:03:18Z</time>
   </trkpt>
   <trkpt lat="49.3723120" lon="-123.2763350">
    <ele>24.3</ele>
    <time>2024-09-04T18:03:19Z</time>
   </trkpt>
   <trkpt lat="49.3722850" lon="-123.2763630">
    <ele>24.6</ele>
    <time>2024-09-04T18:03:20Z</time>
   </trkpt>
   <trkpt lat="49.3722760" lon="-123.2763710">
    <ele>24.7</ele>
    <time>2024-09-04T18:03:21Z</time>
   </trkpt>
   <trkpt lat="49.3722520" lon="-123.2764020">
    <ele>25.0</ele>
    <time>2024-09-04T18:03:22Z</time>
   </trkpt>
   <trkpt lat="49.3722430" lon="-123.2764120">
    <ele>25.1</ele>
    <time>2024-09-04T18:03:23Z</time>
   </trkpt>
   <trkpt lat="49.3722200" lon="-123.2764440">
    <ele>25.4</ele>
    <time>2024-09-04T18:03:24Z</time>
   </trkpt>
   <trkpt lat="49.3722130" lon="-123.2764550">
    <ele>25.5</ele>
    <time>2024-09-04T18:03:25Z</time>
   </trkpt>
   <trkpt lat="49.3721890" lon="-123.2764870">
    <ele>25.7</ele>
    <time>2024-09-04T18:03:26Z</time>
   </trkpt>
   <trkpt lat="49.3721820" lon="-123.2765000">
    <ele>25.8</ele>
    <time>2024-09-04T18:03:27Z</time>
   </trkpt>
   <trkpt lat="49.3721510" lon="-123.2765320">
    <ele>26.1</ele>
    <time>2024-09-04T18:03:28Z</time>
   </trkpt>
   <trkpt lat="49.3721400" lon="-123.2765410">
    <ele>26.2</ele>
    <time>2024-09-04T18:03:29Z</time>
   </trkpt>
   <trkpt lat="49.3721090" lon="-123.2765710">
    <ele>26.5</ele>
    <time>2024-09-04T18:03:30Z</time>
   </trkpt>
   <trkpt lat="49.3721000" lon="-123.2765810">
    <ele>26.6</ele>
    <time>2024-09-04T18:03:31Z</time>
   </trkpt>
   <trkpt lat="49.3720700" lon="-123.2766150">
    <ele>26.9</ele>
    <time>2024-09-04T18:03:32Z</time>
   </trkpt>
   <trkpt lat="49.3720600" lon="-123.2766260">
    <ele>27.0</ele>
    <time>2024-09-04T18:03:33Z</time>
   </trkpt>
   <trkpt lat="49.3720310" lon="-123.2766590">
    <ele>27.3</ele>
    <time>2024-09-04T18:03:34Z</time>
   </trkpt>
   <trkpt lat="49.3720200" lon="-123.2766710">
    <ele>27.5</ele>
    <time>2024-09-04T18:03:35Z</time>
   </trkpt>
   <trkpt lat="49.3719900" lon="-123.2767000">
    <ele>27.8</ele>
    <time>2024-09-04T18:03:36Z</time>
   </trkpt>
   <trkpt lat="49.3719800" lon="-123.2767100">
    <ele>27.9</ele>
    <time>2024-09-04T18:03:37Z</time>
   </trkpt>
   <trkpt lat="49.3719500" lon="-123.2767360">
    <ele>28.3</ele>
    <time>2024-09-04T18:03:38Z</time>
   </trkpt>
   <trkpt lat="49.3719400" lon="-123.2767420">
    <ele>28.4</ele>
    <time>2024-09-04T18:03:39Z</time>
   </trkpt>
   <trkpt lat="49.3719130" lon="-123.2767730">
    <ele>28.7</ele>
    <time>2024-09-04T18:03:40Z</time>
   </trkpt>
   <trkpt lat="49.3719040" lon="-123.2767830">
    <ele>28.8</ele>
    <time>2024-09-04T18:03:41Z</time>
   </trkpt>
   <trkpt lat="49.3718740" lon="-123.2768110">
    <ele>29.1</ele>
    <time>2024-09-04T18:03:42Z</time>
   </trkpt>
   <trkpt lat="49.3718640" lon="-123.2768210">
    <ele>29.3</ele>
    <time>2024-09-04T18:03:43Z</time>
   </trkpt>
   <trkpt lat="49.3718360" lon="-123.2768550">
    <ele>29.6</ele>
    <time>2024-09-04T18:03:44Z</time>
   </trkpt>
   <trkpt lat="49.3718260" lon="-123.2768650">
    <ele>29.7</ele>
    <time>2024-09-04T18:03:45Z</time>
   </trkpt>
   <trkpt lat="49.3717960" lon="-123.2768930">
    <ele>30.1</ele>
    <time>2024-09-04T18:03:46Z</time>
   </trkpt>
   <trkpt lat="49.3717860" lon="-123.2769020">
    <ele>30.2</ele>
    <time>2024-09-04T18:03:47Z</time>
   </trkpt>
   <trkpt lat="49.3717580" lon="-123.2769320">
    <ele>30.6</ele>
    <time>2024-09-04T18:03:48Z</time>
   </trkpt>
   <trkpt lat="49.3717490" lon="-123.2769410">
    <ele>30.7</ele>
    <time>2024-09-04T18:03:49Z</time>
   </trkpt>
   <trkpt lat="49.3717240" lon="-123.2769640">
    <ele>31.0</ele>
    <time>2024-09-04T18:03:50Z</time>
   </trkpt>
   <trkpt lat="49.3717160" lon="-123.2769710">
    <ele>31.1</ele>
    <time>2024-09-04T18:03:51Z</time>
   </trkpt>
   <trkpt lat="49.3716810" lon="-123.2769890">
    <ele>31.5</ele>
    <time>2024-09-04T18:03:52Z</time>
   </trkpt>
   <trkpt lat="49.3716680" lon="-123.2769960">
    <ele>31.6</ele>
    <time>2024-09-04T18:03:53Z</time>
   </trkpt>
   <trkpt lat="49.3716590" lon="-123.2769970">
    <ele>31.7</ele>
    <time>2024-09-04T18:03:54Z</time>
   </trkpt>
   <trkpt lat="49.3716360" lon="-123.2770180">
    <ele>32.0</ele>
    <time>2024-09-04T18:03:55Z</time>
   </trkpt>
   <trkpt lat="49.3716130" lon="-123.2770400">
    <ele>32.4</ele>
    <time>2024-09-04T18:03:56Z</time>
   </trkpt>
   <trkpt lat="49.3716020" lon="-123.2770510">
    <ele>32.5</ele>
    <time>2024-09-04T18:03:57Z</time>
   </trkpt>
   <trkpt lat="49.3715800" lon="-123.2770790">
    <ele>32.8</ele>
    <time>2024-09-04T18:03:58Z</time>
   </trkpt>
   <trkpt lat="49.3715720" lon="-123.2770870">
    <ele>32.9</ele>
    <time>2024-09-04T18:03:59Z</time>
   </trkpt>
   <trkpt lat="49.3715470" lon="-123.2771220">
    <ele>33.3</ele>
    <time>2024-09-04T18:04:00Z</time>
   </trkpt>
   <trkpt lat="49.3715440" lon="-123.2771320">
    <ele>33.4</ele>
    <time>2024-09-04T18:04:01Z</time>
   </trkpt>
   <trkpt lat="49.3715280" lon="-123.2771800">
    <ele>33.8</ele>
    <time>2024-09-04T18:04:02Z</time>
   </trkpt>
   <trkpt lat="49.3715250" lon="-123.2771940">
    <ele>34.0</ele>
    <time>2024-09-04T18:04:03Z</time>
   </trkpt>
   <trkpt lat="49.3715130" lon="-123.2772460">
    <ele>34.5</ele>
    <time>2024-09-04T18:04:04Z</time>
   </trkpt>
   <trkpt lat="49.3715090" lon="-123.2772710">
    <ele>34.6</ele>
    <time>2024-09-04T18:04:05Z</time>
   </trkpt>
   <trkpt lat="49.3715140" lon="-123.2773060">
    <ele>34.8</ele>
    <time>2024-09-04T18:04:06Z</time>
   </trkpt>
   <trkpt lat="49.3715170" lon="-123.2773260">
    <ele>34.9</ele>
    <time>2024-09-04T18:04:07Z</time>
   </trkpt>
   <trkpt lat="49.3715330" lon="-123.2773660">
    <ele>35.2</ele>
    <time>2024-09-04T18:04:08Z</time>
   </trkpt>
   <trkpt lat="49.3715390" lon="-123.2773820">
    <ele>35.3</ele>
    <time>2024-09-04T18:04:09Z</time>
   </trkpt>
   <trkpt lat="49.3715590" lon="-123.2774310">
    <ele>35.7</ele>
    <time>2024-09-04T18:04:10Z</time>
   </trkpt>
   <trkpt lat="49.3715660" lon="-123.2774430">
    <ele>35.8</ele>
    <time>2024-09-04T18:04:11Z</time>
   </trkpt>
   <trkpt lat="49.3715790" lon="-123.2774720">
    <ele>36.0</ele>
    <time>2024-09-04T18:04:12Z</time>
   </trkpt>
   <trkpt lat="49.3715970" lon="-123.2775270">
    <ele>36.4</ele>
    <time>2024-09-04T18:04:13Z</time>
   </trkpt>
   <trkpt lat="49.3716160" lon="-123.2775730">
    <ele>36.7</ele>
    <time>2024-09-04T18:04:14Z</time>
   </trkpt>
   <trkpt lat="49.3716270" lon="-123.2776040">
    <ele>36.9</ele>
    <time>2024-09-04T18:04:15Z</time>
   </trkpt>
   <trkpt lat="49.3716400" lon="-123.2776480">
    <ele>37.2</ele>
    <time>2024-09-04T18:04:16Z</time>
   </trkpt>
   <trkpt lat="49.3716570" lon="-123.2776910">
    <ele>37.5</ele>
    <time>2024-09-04T18:04:17Z</time>
   </trkpt>
   <trkpt lat="49.3716640" lon="-123.2777080">
    <ele>37.7</ele>
    <time>2024-09-04T18:04:18Z</time>
   </trkpt>
   <trkpt lat="49.3716820" lon="-123.2777540">
    <ele>38.0</ele>
    <time>2024-09-04T18:04:19Z</time>
   </trkpt>
   <trkpt lat="49.3716890" lon="-123.2777680">
    <ele>38.2</ele>
    <time>2024-09-04T18:04:20Z</time>
   </trkpt>
   <trkpt lat="49.3717060" lon="-123.2778130">
    <ele>38.5</ele>
    <time>2024-09-04T18:04:21Z</time>
   </trkpt>
   <trkpt lat="49.3717110" lon="-123.2778280">
    <ele>38.6</ele>
    <time>2024-09-04T18:04:22Z</time>
   </trkpt>
   <trkpt lat="49.3717270" lon="-123.2778710">
    <ele>39.0</ele>
    <time>2024-09-04T18:04:23Z</time>
   </trkpt>
   <trkpt lat="49.3717310" lon="-123.2778850">
    <ele>39.1</ele>
    <time>2024-09-04T18:04:24Z</time>
   </trkpt>
   <trkpt lat="49.3717470" lon="-123.2779230">
    <ele>39.5</ele>
    <time>2024-09-04T18:04:25Z</time>
   </trkpt>
   <trkpt lat="49.3717530" lon="-123.2779350">
    <ele>39.6</ele>
    <time>2024-09-04T18:04:26Z</time>
   </trkpt>
   <trkpt lat="49.3717670" lon="-123.2779700">
    <ele>40.0</ele>
    <time>2024-09-04T18:04:27Z</time>
   </trkpt>
   <trkpt lat="49.3717710" lon="-123.2779820">
    <ele>40.1</ele>
    <time>2024-09-04T18:04:28Z</time>
   </trkpt>
   <trkpt lat="49.3717770" lon="-123.2780060">
    <ele>40.1</ele>
    <time>2024-09-04T18:04:29Z</time>
   </trkpt>
   <trkpt lat="49.3717840" lon="-123.2780330">
    <ele>40.1</ele>
    <time>2024-09-04T18:04:30Z</time>
   </trkpt>
   <trkpt lat="49.3717910" lon="-123.2780520">
    <ele>40.1</ele>
    <time>2024-09-04T18:04:31Z</time>
   </trkpt>
   <trkpt lat="49.3717950" lon="-123.2780850">
    <ele>40.2</ele>
    <time>2024-09-04T18:04:32Z</time>
   </trkpt>
   <trkpt lat="49.3717980" lon="-123.2781090">
    <ele>40.2</ele>
    <time>2024-09-04T18:04:33Z</time>
   </trkpt>
   <trkpt lat="49.3717990" lon="-123.2781370">
    <ele>40.4</ele>
    <time>2024-09-04T18:04:34Z</time>
   </trkpt>
   <trkpt lat="49.3717950" lon="-123.2781590">
    <ele>40.5</ele>
    <time>2024-09-04T18:04:35Z</time>
   </trkpt>
   <trkpt lat="49.3717900" lon="-123.2781870">
    <ele>40.7</ele>
    <time>2024-09-04T18:04:37Z</time>
   </trkpt>
   <trkpt lat="49.3717710" lon="-123.2782150">
    <ele>41.0</ele>
    <time>2024-09-04T18:04:38Z</time>
   </trkpt>
   <trkpt lat="49.3717410" lon="-123.2782310">
    <ele>41.3</ele>
    <time>2024-09-04T18:04:39Z</time>
   </trkpt>
   <trkpt lat="49.3717300" lon="-123.2782360">
    <ele>41.4</ele>
    <time>2024-09-04T18:04:40Z</time>
   </trkpt>
   <trkpt lat="49.3717150" lon="-123.2782490">
    <ele>41.6</ele>
    <time>2024-09-04T18:04:41Z</time>
   </trkpt>
   <trkpt lat="49.3717000" lon="-123.2782650">
    <ele>41.8</ele>
    <time>2024-09-04T18:04:42Z</time>
   </trkpt>
   <trkpt lat="49.3716720" lon="-123.2782790">
    <ele>42.1</ele>
    <time>2024-09-04T18:04:43Z</time>
   </trkpt>
   <trkpt lat="49.3716620" lon="-123.2782820">
    <ele>42.2</ele>
    <time>2024-09-04T18:04:44Z</time>
   </trkpt>
   <trkpt lat="49.3716380" lon="-123.2783000">
    <ele>42.4</ele>
    <time>2024-09-04T18:04:45Z</time>
   </trkpt>
   <trkpt lat="49.3716290" lon="-123.2783060">
    <ele>42.5</ele>
    <time>2024-09-04T18:04:46Z</time>
   </trkpt>
   <trkpt lat="49.3716010" lon="-123.2783190">
    <ele>42.8</ele>
    <time>2024-09-04T18:04:47Z</time>
   </trkpt>
   <trkpt lat="49.3715930" lon="-123.2783260">
    <ele>42.9</ele>
    <time>2024-09-04T18:04:48Z</time>
   </trkpt>
   <trkpt lat="49.3715650" lon="-123.2783370">
    <ele>43.1</ele>
    <time>2024-09-04T18:04:49Z</time>
   </trkpt>
   <trkpt lat="49.3715560" lon="-123.2783420">
    <ele>43.2</ele>
    <time>2024-09-04T18:04:50Z</time>
   </trkpt>
   <trkpt lat="49.3715310" lon="-123.2783690">
    <ele>43.5</ele>
    <time>2024-09-04T18:04:51Z</time>
   </trkpt>
   <trkpt lat="49.3715220" lon="-123.2783770">
    <ele>43.6</ele>
    <time>2024-09-04T18:04:52Z</time>
   </trkpt>
   <trkpt lat="49.3714940" lon="-123.2783930">
    <ele>43.9</ele>
    <time>2024-09-04T18:04:53Z</time>
   </trkpt>
   <trkpt lat="49.3714850" lon="-123.2783980">
    <ele>44.0</ele>
    <time>2024-09-04T18:04:54Z</time>
   </trkpt>
   <trkpt lat="49.3714550" lon="-123.2784100">
    <ele>44.3</ele>
    <time>2024-09-04T18:04:55Z</time>
   </trkpt>
   <trkpt lat="49.3714460" lon="-123.2784120">
    <ele>44.4</ele>
    <time>2024-09-04T18:04:56Z</time>
   </trkpt>
   <trkpt lat="49.3714290" lon="-123.2784220">
    <ele>44.5</ele>
    <time>2024-09-04T18:04:57Z</time>
   </trkpt>
   <trkpt lat="49.3714140" lon="-123.2784370">
    <ele>44.7</ele>
    <time>2024-09-04T18:04:58Z</time>
   </trkpt>
   <trkpt lat="49.3714020" lon="-123.2784570">
    <ele>44.9</ele>
    <time>2024-09-04T18:04:59Z</time>
   </trkpt>
   <trkpt lat="49.3713860" lon="-123.2784670">
    <ele>45.0</ele>
    <time>2024-09-04T18:05:00Z</time>
   </trkpt>
   <trkpt lat="49.3713580" lon="-123.2784830">
    <ele>45.3</ele>
    <time>2024-09-04T18:05:01Z</time>
   </trkpt>
   <trkpt lat="49.3713490" lon="-123.2784840">
    <ele>45.4</ele>
    <time>2024-09-04T18:05:02Z</time>
   </trkpt>
   <trkpt lat="49.3713270" lon="-123.2784830">
    <ele>45.6</ele>
    <time>2024-09-04T18:05:03Z</time>
   </trkpt>
   <trkpt lat="49.3713170" lon="-123.2784880">
    <ele>45.8</ele>
    <time>2024-09-04T18:05:04Z</time>
   </trkpt>
   <trkpt lat="49.3712950" lon="-123.2784970">
    <ele>46.0</ele>
    <time>2024-09-04T18:05:05Z</time>
   </trkpt>
   <trkpt lat="49.3712830" lon="-123.2785050">
    <ele>46.1</ele>
    <time>2024-09-04T18:05:06Z</time>
   </trkpt>
   <trkpt lat="49.3712570" lon="-123.2785270">
    <ele>46.4</ele>
    <time>2024-09-04T18:05:07Z</time>
   </trkpt>
   <trkpt lat="49.3712490" lon="-123.2785310">
    <ele>46.5</ele>
    <time>2024-09-04T18:05:08Z</time>
   </trkpt>
   <trkpt lat="49.3712220" lon="-123.2785490">
    <ele>46.8</ele>
    <time>2024-09-04T18:05:09Z</time>
   </trkpt>
   <trkpt lat="49.3712090" lon="-123.2785580">
    <ele>46.9</ele>
    <time>2024-09-04T18:05:10Z</time>
   </trkpt>
   <trkpt lat="49.3712010" lon="-123.2785710">
    <ele>47.1</ele>
    <time>2024-09-04T18:05:11Z</time>
   </trkpt>
   <trkpt lat="49.3711840" lon="-123.2785830">
    <ele>47.2</ele>
    <time>2024-09-04T18:05:12Z</time>
   </trkpt>
   <trkpt lat="49.3711580" lon="-123.2786020">
    <ele>47.5</ele>
    <time>2024-09-04T18:05:13Z</time>
   </trkpt>
   <trkpt lat="49.3711520" lon="-123.2786100">
    <ele>47.6</ele>
    <time>2024-09-04T18:05:14Z</time>
   </trkpt>
   <trkpt lat="49.3711270" lon="-123.2786370">
    <ele>47.9</ele>
    <time>2024-09-04T18:05:15Z</time>
   </trkpt>
   <trkpt lat="49.3711210" lon="-123.2786380">
    <ele>48.0</ele>
    <time>2024-09-04T18:05:16Z</time>
   </trkpt>
   <trkpt lat="49.3710850" lon="-123.2786700">
    <ele>48.4</ele>
    <time>2024-09-04T18:05:17Z</time>
   </trkpt>
   <trkpt lat="49.3710570" lon="-123.2786960">
    <ele>48.8</ele>
    <time>2024-09-04T18:05:18Z</time>
   </trkpt>
   <trkpt lat="49.3710450" lon="-123.2787080">
    <ele>48.9</ele>
    <time>2024-09-04T18:05:19Z</time>
   </trkpt>
   <trkpt lat="49.3710370" lon="-123.2787140">
    <ele>49.0</ele>
    <time>2024-09-04T18:05:20Z</time>
   </trkpt>
   <trkpt lat="49.3710190" lon="-123.2787280">
    <ele>49.2</ele>
    <time>2024-09-04T18:05:21Z</time>
   </trkpt>
   <trkpt lat="49.3709940" lon="-123.2787530">
    <ele>49.6</ele>
    <time>2024-09-04T18:05:22Z</time>
   </trkpt>
   <trkpt lat="49.3709880" lon="-123.2787580">
    <ele>49.7</ele>
    <time>2024-09-04T18:05:23Z</time>
   </trkpt>
   <trkpt lat="49.3709610" lon="-123.2787720">
    <ele>50.0</ele>
    <time>2024-09-04T18:05:24Z</time>
   </trkpt>
   <trkpt lat="49.3709560" lon="-123.2787820">
    <ele>50.1</ele>
    <time>2024-09-04T18:05:25Z</time>
   </trkpt>
   <trkpt lat="49.3709350" lon="-123.2787890">
    <ele>50.4</ele>
    <time>2024-09-04T18:05:26Z</time>
   </trkpt>
   <trkpt lat="49.3709160" lon="-123.2788030">
    <ele>50.7</ele>
    <time>2024-09-04T18:05:27Z</time>
   </trkpt>
   <trkpt lat="49.3709040" lon="-123.2788100">
    <ele>50.8</ele>
    <time>2024-09-04T18:05:28Z</time>
   </trkpt>
   <trkpt lat="49.3708780" lon="-123.2788330">
    <ele>51.2</ele>
    <time>2024-09-04T18:05:29Z</time>
   </trkpt>
   <trkpt lat="49.3708710" lon="-123.2788410">
    <ele>51.3</ele>
    <time>2024-09-04T18:05:30Z</time>
   </trkpt>
   <trkpt lat="49.3708460" lon="-123.2788600">
    <ele>51.7</ele>
    <time>2024-09-04T18:05:31Z</time>
   </trkpt>
   <trkpt lat="49.3708360" lon="-123.2788700">
    <ele>51.9</ele>
    <time>2024-09-04T18:05:32Z</time>
   </trkpt>
   <trkpt lat="49.3708260" lon="-123.2788800">
    <ele>52.0</ele>
    <time>2024-09-04T18:05:33Z</time>
   </trkpt>
   <trkpt lat="49.3708050" lon="-123.2788910">
    <ele>52.3</ele>
    <time>2024-09-04T18:05:34Z</time>
   </trkpt>
   <trkpt lat="49.3707870" lon="-123.2789020">
    <ele>52.6</ele>
    <time>2024-09-04T18:05:35Z</time>
   </trkpt>
   <trkpt lat="49.3707730" lon="-123.2789140">
    <ele>52.8</ele>
    <time>2024-09-04T18:05:36Z</time>
   </trkpt>
   <trkpt lat="49.3707450" lon="-123.2789290">
    <ele>53.2</ele>
    <time>2024-09-04T18:05:37Z</time>
   </trkpt>
   <trkpt lat="49.3707300" lon="-123.2789550">
    <ele>53.5</ele>
    <time>2024-09-04T18:05:38Z</time>
   </trkpt>
   <trkpt lat="49.3707130" lon="-123.2789650">
    <ele>53.8</ele>
    <time>2024-09-04T18:05:39Z</time>
   </trkpt>
   <trkpt lat="49.3707050" lon="-123.2789700">
    <ele>53.9</ele>
    <time>2024-09-04T18:05:40Z</time>
   </trkpt>
   <trkpt lat="49.3706900" lon="-123.2789900">
    <ele>54.2</ele>
    <time>2024-09-04T18:05:41Z</time>
   </trkpt>
   <trkpt lat="49.3706680" lon="-123.2790180">
    <ele>54.6</ele>
    <time>2024-09-04T18:05:42Z</time>
   </trkpt>
   <trkpt lat="49.3706620" lon="-123.2790270">
    <ele>54.7</ele>
    <time>2024-09-04T18:05:43Z</time>
   </trkpt>
   <trkpt lat="49.3706420" lon="-123.2790650">
    <ele>55.1</ele>
    <time>2024-09-04T18:05:44Z</time>
   </trkpt>
   <trkpt lat="49.3706390" lon="-123.2790700">
    <ele>55.1</ele>
    <time>2024-09-04T18:05:45Z</time>
   </trkpt>
   <trkpt lat="49.3706200" lon="-123.2791060">
    <ele>55.5</ele>
    <time>2024-09-04T18:05:46Z</time>
   </trkpt>
   <trkpt lat="49.3706180" lon="-123.2791180">
    <ele>55.6</ele>
    <time>2024-09-04T18:05:47Z</time>
   </trkpt>
   <trkpt lat="49.3706080" lon="-123.2791460">
    <ele>55.9</ele>
    <time>2024-09-04T18:05:48Z</time>
   </trkpt>
   <trkpt lat="49.3705960" lon="-123.2791700">
    <ele>56.2</ele>
    <time>2024-09-04T18:05:49Z</time>
   </trkpt>
   <trkpt lat="49.3705910" lon="-123.2791930">
    <ele>56.4</ele>
    <time>2024-09-04T18:05:50Z</time>
   </trkpt>
   <trkpt lat="49.3705780" lon="-123.2792230">
    <ele>56.7</ele>
    <time>2024-09-04T18:05:51Z</time>
   </trkpt>
   <trkpt lat="49.3705730" lon="-123.2792400">
    <ele>56.8</ele>
    <time>2024-09-04T18:05:52Z</time>
   </trkpt>
   <trkpt lat="49.3705590" lon="-123.2792770">
    <ele>57.2</ele>
    <time>2024-09-04T18:05:53Z</time>
   </trkpt>
   <trkpt lat="49.3705540" lon="-123.2792890">
    <ele>57.3</ele>
    <time>2024-09-04T18:05:54Z</time>
   </trkpt>
   <trkpt lat="49.3705400" lon="-123.2793220">
    <ele>57.6</ele>
    <time>2024-09-04T18:05:55Z</time>
   </trkpt>
   <trkpt lat="49.3705350" lon="-123.2793370">
    <ele>57.7</ele>
    <time>2024-09-04T18:05:56Z</time>
   </trkpt>
   <trkpt lat="49.3705320" lon="-123.2793540">
    <ele>57.8</ele>
    <time>2024-09-04T18:05:57Z</time>
   </trkpt>
   <trkpt lat="49.3705250" lon="-123.2793800">
    <ele>58.1</ele>
    <time>2024-09-04T18:05:58Z</time>
   </trkpt>
   <trkpt lat="49.3705190" lon="-123.2794000">
    <ele>58.2</ele>
    <time>2024-09-04T18:05:59Z</time>
   </trkpt>
   <trkpt lat="49.3705110" lon="-123.2794280">
    <ele>58.4</ele>
    <time>2024-09-04T18:06:00Z</time>
   </trkpt>
   <trkpt lat="49.3705060" lon="-123.2794480">
    <ele>58.5</ele>
    <time>2024-09-04T18:06:01Z</time>
   </trkpt>
   <trkpt lat="49.3705000" lon="-123.2794580">
    <ele>58.5</ele>
    <time>2024-09-04T18:06:02Z</time>
   </trkpt>
   <trkpt lat="49.3704920" lon="-123.2794730">
    <ele>58.6</ele>
    <time>2024-09-04T18:06:03Z</time>
   </trkpt>
   <trkpt lat="49.3704870" lon="-123.2794890">
    <ele>58.7</ele>
    <time>2024-09-04T18:06:04Z</time>
   </trkpt>
   <trkpt lat="49.3704840" lon="-123.2795060">
    <ele>58.7</ele>
    <time>2024-09-04T18:06:05Z</time>
   </trkpt>
   <trkpt lat="49.3704790" lon="-123.2795210">
    <ele>58.8</ele>
    <time>2024-09-04T18:06:06Z</time>
   </trkpt>
   <trkpt lat="49.3704710" lon="-123.2795260">
    <ele>58.8</ele>
    <time>2024-09-04T18:06:07Z</time>
   </trkpt>
   <trkpt lat="49.3704650" lon="-123.2795390">
    <ele>58.9</ele>
    <time>2024-09-04T18:06:08Z</time>
   </trkpt>
   <trkpt lat="49.3704640" lon="-123.2795600">
    <ele>58.9</ele>
    <time>2024-09-04T18:06:09Z</time>
   </trkpt>
   <trkpt lat="49.3704640" lon="-123.2795800">
    <ele>59.0</ele>
    <time>2024-09-04T18:06:10Z</time>
   </trkpt>
   <trkpt lat="49.3704590" lon="-123.2795890">
    <ele>59.0</ele>
    <time>2024-09-04T18:06:11Z</time>
   </trkpt>
   <trkpt lat="49.3704500" lon="-123.2796010">
    <ele>59.0</ele>
    <time>2024-09-04T18:06:12Z</time>
   </trkpt>
   <trkpt lat="49.3704450" lon="-123.2796150">
    <ele>59.1</ele>
    <time>2024-09-04T18:06:13Z</time>
   </trkpt>
   <trkpt lat="49.3704430" lon="-123.2796270">
    <ele>59.1</ele>
    <time>2024-09-04T18:06:14Z</time>
   </trkpt>
   <trkpt lat="49.3704450" lon="-123.2796310">
    <ele>59.1</ele>
    <time>2024-09-04T18:06:15Z</time>
   </trkpt>
   <trkpt lat="49.3704430" lon="-123.2796480">
    <ele>59.2</ele>
    <time>2024-09-04T18:06:16Z</time>
   </trkpt>
   <trkpt lat="49.3704410" lon="-123.2796620">
    <ele>59.2</ele>
    <time>2024-09-04T18:06:17Z</time>
   </trkpt>
   <trkpt lat="49.3704410" lon="-123.2796760">
    <ele>59.2</ele>
    <time>2024-09-04T18:06:18Z</time>
   </trkpt>
   <trkpt lat="49.3704400" lon="-123.2796750">
    <ele>59.2</ele>
    <time>2024-09-04T18:06:19Z</time>
   </trkpt>
   <trkpt lat="49.3704410" lon="-123.2796770">
    <ele>59.2</ele>
    <time>2024-09-04T18:06:20Z</time>
   </trkpt>
   <trkpt lat="49.3704410" lon="-123.2796730">
    <ele>59.2</ele>
    <time>2024-09-04T18:06:21Z</time>
   </trkpt>
   <trkpt lat="49.3704430" lon="-123.2796710">
    <ele>59.3</ele>
    <time>2024-09-04T18:06:22Z</time>
   </trkpt>
   <trkpt lat="49.3704420" lon="-123.2796740">
    <ele>59.3</ele>
    <time>2024-09-04T18:06:23Z</time>
   </trkpt>
   <trkpt lat="49.3704430" lon="-123.2796730">
    <ele>59.3</ele>
    <time>2024-09-04T18:06:24Z</time>
   </trkpt>
   <trkpt lat="49.3704430" lon="-123.2796750">
    <ele>59.3</ele>
    <time>2024-09-04T18:06:25Z</time>
   </trkpt>
   <trkpt lat="49.3704430" lon="-123.2796750">
    <ele>59.3</ele>
    <time>2024-09-04T18:06:26Z</time>
   </trkpt>
   <trkpt lat="49.3704430" lon="-123.2796750">
    <ele>59.3</ele>
    <time>2024-09-04T18:06:27Z</time>
   </trkpt>
   <trkpt lat="49.3704420" lon="-123.2796760">
    <ele>59.3</ele>
    <time>2024-09-04T18:06:28Z</time>
   </trkpt>
   <trkpt lat="49.3704440" lon="-123.2796940">
    <ele>59.3</ele>
    <time>2024-09-04T18:07:06Z</time>
   </trkpt>
   <trkpt lat="49.3704390" lon="-123.2797060">
    <ele>59.4</ele>
    <time>2024-09-04T18:07:07Z</time>
   </trkpt>
   <trkpt lat="49.3704240" lon="-123.2797330">
    <ele>59.6</ele>
    <time>2024-09-04T18:07:08Z</time>
   </trkpt>
   <trkpt lat="49.3704030" lon="-123.2797840">
    <ele>60.0</ele>
    <time>2024-09-04T18:07:09Z</time>
   </trkpt>
   <trkpt lat="49.3703970" lon="-123.2798060">
    <ele>60.1</ele>
    <time>2024-09-04T18:07:10Z</time>
   </trkpt>
   <trkpt lat="49.3703840" lon="-123.2798490">
    <ele>60.3</ele>
    <time>2024-09-04T18:07:11Z</time>
   </trkpt>
   <trkpt lat="49.3703650" lon="-123.2798870">
    <ele>60.3</ele>
    <time>2024-09-04T18:07:12Z</time>
   </trkpt>
   <trkpt lat="49.3703420" lon="-123.2799190">
    <ele>60.2</ele>
    <time>2024-09-04T18:07:13Z</time>
   </trkpt>
   <trkpt lat="49.3703170" lon="-123.2799580">
    <ele>60.0</ele>
    <time>2024-09-04T18:07:14Z</time>
   </trkpt>
   <trkpt lat="49.3702890" lon="-123.2800000">
    <ele>59.9</ele>
    <time>2024-09-04T18:07:15Z</time>
   </trkpt>
   <trkpt lat="49.3702620" lon="-123.2800530">
    <ele>59.6</ele>
    <time>2024-09-04T18:07:16Z</time>
   </trkpt>
   <trkpt lat="49.3702430" lon="-123.2801200">
    <ele>59.4</ele>
    <time>2024-09-04T18:07:17Z</time>
   </trkpt>
   <trkpt lat="49.3702370" lon="-123.2801950">
    <ele>59.3</ele>
    <time>2024-09-04T18:07:18Z</time>
   </trkpt>
   <trkpt lat="49.3702510" lon="-123.2802710">
    <ele>59.2</ele>
    <time>2024-09-04T18:07:19Z</time>
   </trkpt>
   <trkpt lat="49.3702600" lon="-123.2804070">
    <ele>59.1</ele>
    <time>2024-09-04T18:07:20Z</time>
   </trkpt>
   <trkpt lat="49.3702530" lon="-123.2804760">
    <ele>59.0</ele>
    <time>2024-09-04T18:07:21Z</time>
   </trkpt>
   <trkpt lat="49.3702510" lon="-123.2805410">
    <ele>59.0</ele>
    <time>2024-09-04T18:07:22Z</time>
   </trkpt>
   <trkpt lat="49.3702540" lon="-123.2805960">
    <ele>58.9</ele>
    <time>2024-09-04T18:07:23Z</time>
   </trkpt>
   <trkpt lat="49.3702620" lon="-123.2806490">
    <ele>58.9</ele>
    <time>2024-09-04T18:07:24Z</time>
   </trkpt>
   <trkpt lat="49.3702700" lon="-123.2807080">
    <ele>58.9</ele>
    <time>2024-09-04T18:07:25Z</time>
   </trkpt>
   <trkpt lat="49.3702780" lon="-123.2807720">
    <ele>58.9</ele>
    <time>2024-09-04T18:07:26Z</time>
   </trkpt>
   <trkpt lat="49.3702810" lon="-123.2808410">
    <ele>58.8</ele>
    <time>2024-09-04T18:07:27Z</time>
   </trkpt>
   <trkpt lat="49.3702920" lon="-123.2809080">
    <ele>58.8</ele>
    <time>2024-09-04T18:07:28Z</time>
   </trkpt>
   <trkpt lat="49.3703020" lon="-123.2809740">
    <ele>58.8</ele>
    <time>2024-09-04T18:07:29Z</time>
   </trkpt>
   <trkpt lat="49.3703080" lon="-123.2810430">
    <ele>58.8</ele>
    <time>2024-09-04T18:07:30Z</time>
   </trkpt>
   <trkpt lat="49.3703110" lon="-123.2811050">
    <ele>58.8</ele>
    <time>2024-09-04T18:07:31Z</time>
   </trkpt>
   <trkpt lat="49.3703190" lon="-123.2811730">
    <ele>58.8</ele>
    <time>2024-09-04T18:07:32Z</time>
   </trkpt>
   <trkpt lat="49.3703220" lon="-123.2812400">
    <ele>58.8</ele>
    <time>2024-09-04T18:07:33Z</time>
   </trkpt>
   <trkpt lat="49.3703230" lon="-123.2813070">
    <ele>58.7</ele>
    <time>2024-09-04T18:07:34Z</time>
   </trkpt>
   <trkpt lat="49.3703220" lon="-123.2813680">
    <ele>58.7</ele>
    <time>2024-09-04T18:07:35Z</time>
   </trkpt>
   <trkpt lat="49.3703230" lon="-123.2814270">
    <ele>58.7</ele>
    <time>2024-09-04T18:07:36Z</time>
   </trkpt>
   <trkpt lat="49.3703260" lon="-123.2814880">
    <ele>58.7</ele>
    <time>2024-09-04T18:07:37Z</time>
   </trkpt>
   <trkpt lat="49.3703330" lon="-123.2815470">
    <ele>58.6</ele>
    <time>2024-09-04T18:07:38Z</time>
   </trkpt>
   <trkpt lat="49.3703380" lon="-123.2816060">
    <ele>58.6</ele>
    <time>2024-09-04T18:07:39Z</time>
   </trkpt>
   <trkpt lat="49.3703410" lon="-123.2816650">
    <ele>58.6</ele>
    <time>2024-09-04T18:07:40Z</time>
   </trkpt>
   <trkpt lat="49.3703450" lon="-123.2817260">
    <ele>58.5</ele>
    <time>2024-09-04T18:07:41Z</time>
   </trkpt>
   <trkpt lat="49.3703520" lon="-123.2817870">
    <ele>58.5</ele>
    <time>2024-09-04T18:07:42Z</time>
   </trkpt>
   <trkpt lat="49.3703570" lon="-123.2818500">
    <ele>58.4</ele>
    <time>2024-09-04T18:07:43Z</time>
   </trkpt>
   <trkpt lat="49.3703610" lon="-123.2819120">
    <ele>58.3</ele>
    <time>2024-09-04T18:07:44Z</time>
   </trkpt>
   <trkpt lat="49.3703670" lon="-123.2819730">
    <ele>58.3</ele>
    <time>2024-09-04T18:07:45Z</time>
   </trkpt>
   <trkpt lat="49.3703710" lon="-123.2820400">
    <ele>58.2</ele>
    <time>2024-09-04T18:07:46Z</time>
   </trkpt>
   <trkpt lat="49.3703740" lon="-123.2821120">
    <ele>58.1</ele>
    <time>2024-09-04T18:07:47Z</time>
   </trkpt>
   <trkpt lat="49.3703770" lon="-123.2821910">
    <ele>58.0</ele>
    <time>2024-09-04T18:07:48Z</time>
   </trkpt>
   <trkpt lat="49.3703830" lon="-123.2822640">
    <ele>57.8</ele>
    <time>2024-09-04T18:07:49Z</time>
   </trkpt>
   <trkpt lat="49.3703890" lon="-123.2823320">
    <ele>57.7</ele>
    <time>2024-09-04T18:07:50Z</time>
   </trkpt>
   <trkpt lat="49.3703980" lon="-123.2824000">
    <ele>57.6</ele>
    <time>2024-09-04T18:07:51Z</time>
   </trkpt>
   <trkpt lat="49.3704100" lon="-123.2824640">
    <ele>57.4</ele>
    <time>2024-09-04T18:07:52Z</time>
   </trkpt>
   <trkpt lat="49.3704250" lon="-123.2825170">
    <ele>57.3</ele>
    <time>2024-09-04T18:07:53Z</time>
   </trkpt>
   <trkpt lat="49.3704410" lon="-123.2825590">
    <ele>57.2</ele>
    <time>2024-09-04T18:07:54Z</time>
   </trkpt>
   <trkpt lat="49.3704480" lon="-123.2825830">
    <ele>57.2</ele>
    <time>2024-09-04T18:07:55Z</time>
   </trkpt>
   <trkpt lat="49.3704570" lon="-123.2826020">
    <ele>57.1</ele>
    <time>2024-09-04T18:07:56Z</time>
   </trkpt>
   <trkpt lat="49.3704690" lon="-123.2826300">
    <ele>57.0</ele>
    <time>2024-09-04T18:07:57Z</time>
   </trkpt>
   <trkpt lat="49.3704760" lon="-123.2826410">
    <ele>57.0</ele>
    <time>2024-09-04T18:07:58Z</time>
   </trkpt>
   <trkpt lat="49.3704820" lon="-123.2826520">
    <ele>57.0</ele>
    <time>2024-09-04T18:07:59Z</time>
   </trkpt>
   <trkpt lat="49.3705020" lon="-123.2826830">
    <ele>56.9</ele>
    <time>2024-09-04T18:08:00Z</time>
   </trkpt>
   <trkpt lat="49.3705080" lon="-123.2826950">
    <ele>56.9</ele>
    <time>2024-09-04T18:08:01Z</time>
   </trkpt>
   <trkpt lat="49.3705270" lon="-123.2827340">
    <ele>56.8</ele>
    <time>2024-09-04T18:08:02Z</time>
   </trkpt>
   <trkpt lat="49.3705310" lon="-123.2827450">
    <ele>56.7</ele>
    <time>2024-09-04T18:08:03Z</time>
   </trkpt>
   <trkpt lat="49.3705410" lon="-123.2827640">
    <ele>56.7</ele>
    <time>2024-09-04T18:08:04Z</time>
   </trkpt>
   <trkpt lat="49.3705500" lon="-123.2827810">
    <ele>56.7</ele>
    <time>2024-09-04T18:08:05Z</time>
   </trkpt>
   <trkpt lat="49.3705600" lon="-123.2827980">
    <ele>56.6</ele>
    <time>2024-09-04T18:08:06Z</time>
   </trkpt>
   <trkpt lat="49.3705650" lon="-123.2828090">
    <ele>56.6</ele>
    <time>2024-09-04T18:08:07Z</time>
   </trkpt>
   <trkpt lat="49.3705670" lon="-123.2828030">
    <ele>56.6</ele>
    <time>2024-09-04T18:08:08Z</time>
   </trkpt>
   <trkpt lat="49.3705720" lon="-123.2828030">
    <ele>56.5</ele>
    <time>2024-09-04T18:08:09Z</time>
   </trkpt>
   <trkpt lat="49.3705760" lon="-123.2828000">
    <ele>56.5</ele>
    <time>2024-09-04T18:08:10Z</time>
   </trkpt>
   <trkpt lat="49.3705710" lon="-123.2827760">
    <ele>56.5</ele>
    <time>2024-09-04T18:08:11Z</time>
   </trkpt>
   <trkpt lat="49.3705590" lon="-123.2827610">
    <ele>56.4</ele>
    <time>2024-09-04T18:08:12Z</time>
   </trkpt>
   <trkpt lat="49.3705470" lon="-123.2827450">
    <ele>56.4</ele>
    <time>2024-09-04T18:08:13Z</time>
   </trkpt>
   <trkpt lat="49.3705350" lon="-123.2827300">
    <ele>56.3</ele>
    <time>2024-09-04T18:08:14Z</time>
   </trkpt>
   <trkpt lat="49.3705230" lon="-123.2827150">
    <ele>56.3</ele>
    <time>2024-09-04T18:08:15Z</time>
   </trkpt>
   <trkpt lat="49.3705110" lon="-123.2826990">
    <ele>56.2</ele>
    <time>2024-09-04T18:08:16Z</time>
   </trkpt>
   <trkpt lat="49.3704990" lon="-123.2826840">
    <ele>56.1</ele>
    <time>2024-09-04T18:08:17Z</time>
   </trkpt>
   <trkpt lat="49.3704870" lon="-123.2826690">
    <ele>56.1</ele>
    <time>2024-09-04T18:08:18Z</time>
   </trkpt>
   <trkpt lat="49.3704750" lon="-123.2826540">
    <ele>56.0</ele>
    <time>2024-09-04T18:08:43Z</time>
   </trkpt>
   <trkpt lat="49.3704630" lon="-123.2826380">
    <ele>56.1</ele>
    <time>2024-09-04T18:08:44Z</time>
   </trkpt>
   <trkpt lat="49.3704510" lon="-123.2825990">
    <ele>56.2</ele>
    <time>2024-09-04T18:08:45Z</time>
   </trkpt>
   <trkpt lat="49.3704360" lon="-123.2825530">
    <ele>56.4</ele>
    <time>2024-09-04T18:08:46Z</time>
   </trkpt>
   <trkpt lat="49.3704330" lon="-123.2825400">
    <ele>56.4</ele>
    <time>2024-09-04T18:08:47Z</time>
   </trkpt>
   <trkpt lat="49.3704280" lon="-123.2825280">
    <ele>56.5</ele>
    <time>2024-09-04T18:08:49Z</time>
   </trkpt>
   <trkpt lat="49.3704260" lon="-123.2825160">
    <ele>56.5</ele>
    <time>2024-09-04T18:08:50Z</time>
   </trkpt>
   <trkpt lat="49.3704210" lon="-123.2825020">
    <ele>56.6</ele>
    <time>2024-09-04T18:08:51Z</time>
   </trkpt>
   <trkpt lat="49.3704130" lon="-123.2824580">
    <ele>56.7</ele>
    <time>2024-09-04T18:08:52Z</time>
   </trkpt>
   <trkpt lat="49.3704090" lon="-123.2824370">
    <ele>56.7</ele>
    <time>2024-09-04T18:08:53Z</time>
   </trkpt>
   <trkpt lat="49.3703970" lon="-123.2823910">
    <ele>56.9</ele>
    <time>2024-09-04T18:08:54Z</time>
   </trkpt>
   <trkpt lat="49.3703830" lon="-123.2823060">
    <ele>57.1</ele>
    <time>2024-09-04T18:08:55Z</time>
   </trkpt>
   <trkpt lat="49.3703680" lon="-123.2822250">
    <ele>57.3</ele>
    <time>2024-09-04T18:08:56Z</time>
   </trkpt>
   <trkpt lat="49.3703630" lon="-123.2821620">
    <ele>57.5</ele>
    <time>2024-09-04T18:08:57Z</time>
   </trkpt>
   <trkpt lat="49.3703620" lon="-123.2821020">
    <ele>57.7</ele>
    <time>2024-09-04T18:08:58Z</time>
   </trkpt>
   <trkpt lat="49.3703550" lon="-123.2820500">
    <ele>57.8</ele>
    <time>2024-09-04T18:08:59Z</time>
   </trkpt>
   <trkpt lat="49.3703490" lon="-123.2820070">
    <ele>57.9</ele>
    <time>2024-09-04T18:09:00Z</time>
   </trkpt>
   <trkpt lat="49.3703430" lon="-123.2819450">
    <ele>58.0</ele>
    <time>2024-09-04T18:09:01Z</time>
   </trkpt>
   <trkpt lat="49.3703410" lon="-123.2819210">
    <ele>58.1</ele>
    <time>2024-09-04T18:09:02Z</time>
   </trkpt>
   <trkpt lat="49.3703430" lon="-123.2818790">
    <ele>58.2</ele>
    <time>2024-09-04T18:09:03Z</time>
   </trkpt>
   <trkpt lat="49.3703400" lon="-123.2818310">
    <ele>58.3</ele>
    <time>2024-09-04T18:09:04Z</time>
   </trkpt>
   <trkpt lat="49.3703370" lon="-123.2817740">
    <ele>58.3</ele>
    <time>2024-09-04T18:09:05Z</time>
   </trkpt>
   <trkpt lat="49.3703310" lon="-123.2817170">
    <ele>58.4</ele>
    <time>2024-09-04T18:09:06Z</time>
   </trkpt>
   <trkpt lat="49.3703250" lon="-123.2816620">
    <ele>58.5</ele>
    <time>2024-09-04T18:09:07Z</time>
   </trkpt>
   <trkpt lat="49.3703200" lon="-123.2816080">
    <ele>58.5</ele>
    <time>2024-09-04T18:09:08Z</time>
   </trkpt>
   <trkpt lat="49.3703180" lon="-123.2815540">
    <ele>58.6</ele>
    <time>2024-09-04T18:09:09Z</time>
   </trkpt>
   <trkpt lat="49.3703150" lon="-123.2815040">
    <ele>58.6</ele>
    <time>2024-09-04T18:09:10Z</time>
   </trkpt>
   <trkpt lat="49.3703130" lon="-123.2814510">
    <ele>58.7</ele>
    <time>2024-09-04T18:09:11Z</time>
   </trkpt>
   <trkpt lat="49.3703090" lon="-123.2813950">
    <ele>58.7</ele>
    <time>2024-09-04T18:09:12Z</time>
   </trkpt>
   <trkpt lat="49.3703010" lon="-123.2813390">
    <ele>58.7</ele>
    <time>2024-09-04T18:09:13Z</time>
   </trkpt>
   <trkpt lat="49.3702940" lon="-123.2812820">
    <ele>58.8</ele>
    <time>2024-09-04T18:09:14Z</time>
   </trkpt>
   <trkpt lat="49.3702910" lon="-123.2812220">
    <ele>58.8</ele>
    <time>2024-09-04T18:09:15Z</time>
   </trkpt>
   <trkpt lat="49.3702880" lon="-123.2811620">
    <ele>58.8</ele>
    <time>2024-09-04T18:09:16Z</time>
   </trkpt>
   <trkpt lat="49.3702860" lon="-123.2810980">
    <ele>58.8</ele>
    <time>2024-09-04T18:09:17Z</time>
   </trkpt>
   <trkpt lat="49.3702840" lon="-123.2810370">
    <ele>58.8</ele>
    <time>2024-09-04T18:09:18Z</time>
   </trkpt>
   <trkpt lat="49.3702830" lon="-123.2809710">
    <ele>58.8</ele>
    <time>2024-09-04T18:09:19Z</time>
   </trkpt>
   <trkpt lat="49.3702730" lon="-123.2808360">
    <ele>58.8</ele>
    <time>2024-09-04T18:09:20Z</time>
   </trkpt>
   <trkpt lat="49.3702660" lon="-123.2807700">
    <ele>58.9</ele>
    <time>2024-09-04T18:09:21Z</time>
   </trkpt>
   <trkpt lat="49.3702630" lon="-123.2807030">
    <ele>58.9</ele>
    <time>2024-09-04T18:09:22Z</time>
   </trkpt>
   <trkpt lat="49.3702600" lon="-123.2806350">
    <ele>58.9</ele>
    <time>2024-09-04T18:09:23Z</time>
   </trkpt>
   <trkpt lat="49.3702580" lon="-123.2805670">
    <ele>58.9</ele>
    <time>2024-09-04T18:09:24Z</time>
   </trkpt>
   <trkpt lat="49.3702510" lon="-123.2805040">
    <ele>59.0</ele>
    <time>2024-09-04T18:09:25Z</time>
   </trkpt>
   <trkpt lat="49.3702470" lon="-123.2804350">
    <ele>59.1</ele>
    <time>2024-09-04T18:09:26Z</time>
   </trkpt>
   <trkpt lat="49.3702420" lon="-123.2803630">
    <ele>59.1</ele>
    <time>2024-09-04T18:09:27Z</time>
   </trkpt>
   <trkpt lat="49.3702350" lon="-123.2802910">
    <ele>59.2</ele>
    <time>2024-09-04T18:09:28Z</time>
   </trkpt>
   <trkpt lat="49.3702290" lon="-123.2802250">
    <ele>59.3</ele>
    <time>2024-09-04T18:09:29Z</time>
   </trkpt>
   <trkpt lat="49.3702230" lon="-123.2801490">
    <ele>59.4</ele>
    <time>2024-09-04T18:09:30Z</time>
   </trkpt>
   <trkpt lat="49.3702160" lon="-123.2800770">
    <ele>59.5</ele>
    <time>2024-09-04T18:09:31Z</time>
   </trkpt>
   <trkpt lat="49.3702060" lon="-123.2800130">
    <ele>59.5</ele>
    <time>2024-09-04T18:09:32Z</time>
   </trkpt>
   <trkpt lat="49.3701920" lon="-123.2799510">
    <ele>59.6</ele>
    <time>2024-09-04T18:09:33Z</time>
   </trkpt>
   <trkpt lat="49.3701740" lon="-123.2798900">
    <ele>59.6</ele>
    <time>2024-09-04T18:09:34Z</time>
   </trkpt>
   <trkpt lat="49.3701670" lon="-123.2798250">
    <ele>59.7</ele>
    <time>2024-09-04T18:09:35Z</time>
   </trkpt>
   <trkpt lat="49.3701700" lon="-123.2797590">
    <ele>59.8</ele>
    <time>2024-09-04T18:09:36Z</time>
   </trkpt>
   <trkpt lat="49.3701730" lon="-123.2796890">
    <ele>60.0</ele>
    <time>2024-09-04T18:09:37Z</time>
   </trkpt>
   <trkpt lat="49.3701780" lon="-123.2796220">
    <ele>60.2</ele>
    <time>2024-09-04T18:09:38Z</time>
   </trkpt>
   <trkpt lat="49.3701790" lon="-123.2795590">
    <ele>60.5</ele>
    <time>2024-09-04T18:09:39Z</time>
   </trkpt>
   <trkpt lat="49.3701770" lon="-123.2794920">
    <ele>60.8</ele>
    <time>2024-09-04T18:09:40Z</time>
   </trkpt>
   <trkpt lat="49.3701740" lon="-123.2794250">
    <ele>61.1</ele>
    <time>2024-09-04T18:09:41Z</time>
   </trkpt>
   <trkpt lat="49.3701650" lon="-123.2793580">
    <ele>61.4</ele>
    <time>2024-09-04T18:09:42Z</time>
   </trkpt>
   <trkpt lat="49.3701560" lon="-123.2792920">
    <ele>61.6</ele>
    <time>2024-09-04T18:09:43Z</time>
   </trkpt>
   <trkpt lat="49.3701450" lon="-123.2792260">
    <ele>61.7</ele>
    <time>2024-09-04T18:09:44Z</time>
   </trkpt>
   <trkpt lat="49.3701340" lon="-123.2791660">
    <ele>61.9</ele>
    <time>2024-09-04T18:09:45Z</time>
   </trkpt>
   <trkpt lat="49.3701290" lon="-123.2791020">
    <ele>62.0</ele>
    <time>2024-09-04T18:09:46Z</time>
   </trkpt>
   <trkpt lat="49.3701270" lon="-123.2790410">
    <ele>62.1</ele>
    <time>2024-09-04T18:09:47Z</time>
   </trkpt>
   <trkpt lat="49.3701260" lon="-123.2789780">
    <ele>62.2</ele>
    <time>2024-09-04T18:09:48Z</time>
   </trkpt>
   <trkpt lat="49.3701230" lon="-123.2789180">
    <ele>62.3</ele>
    <time>2024-09-04T18:09:49Z</time>
   </trkpt>
   <trkpt lat="49.3701250" lon="-123.2788560">
    <ele>62.4</ele>
    <time>2024-09-04T18:09:50Z</time>
   </trkpt>
   <trkpt lat="49.3701340" lon="-123.2787940">
    <ele>62.4</ele>
    <time>2024-09-04T18:09:51Z</time>
   </trkpt>
   <trkpt lat="49.3701380" lon="-123.2787270">
    <ele>62.5</ele>
    <time>2024-09-04T18:09:52Z</time>
   </trkpt>
   <trkpt lat="49.3701450" lon="-123.2786710">
    <ele>62.5</ele>
    <time>2024-09-04T18:09:53Z</time>
   </trkpt>
   <trkpt lat="49.3701530" lon="-123.2786040">
    <ele>62.5</ele>
    <time>2024-09-04T18:09:54Z</time>
   </trkpt>
   <trkpt lat="49.3701600" lon="-123.2785370">
    <ele>62.6</ele>
    <time>2024-09-04T18:09:55Z</time>
   </trkpt>
   <trkpt lat="49.3701700" lon="-123.2784720">
    <ele>62.6</ele>
    <time>2024-09-04T18:09:56Z</time>
   </trkpt>
   <trkpt lat="49.3701840" lon="-123.2784060">
    <ele>62.6</ele>
    <time>2024-09-04T18:09:57Z</time>
   </trkpt>
   <trkpt lat="49.3701940" lon="-123.2783390">
    <ele>62.6</ele>
    <time>2024-09-04T18:09:58Z</time>
   </trkpt>
   <trkpt lat="49.3702020" lon="-123.2782740">
    <ele>62.6</ele>
    <time>2024-09-04T18:09:59Z</time>
   </trkpt>
   <trkpt lat="49.3702190" lon="-123.2782070">
    <ele>62.6</ele>
    <time>2024-09-04T18:10:00Z</time>
   </trkpt>
   <trkpt lat="49.3702380" lon="-123.2781420">
    <ele>62.6</ele>
    <time>2024-09-04T18:10:01Z</time>
   </trkpt>
   <trkpt lat="49.3702590" lon="-123.2780780">
    <ele>62.7</ele>
    <time>2024-09-04T18:10:02Z</time>
   </trkpt>
   <trkpt lat="49.3702810" lon="-123.2780180">
    <ele>62.7</ele>
    <time>2024-09-04T18:10:03Z</time>
   </trkpt>
   <trkpt lat="49.3703030" lon="-123.2779570">
    <ele>62.8</ele>
    <time>2024-09-04T18:10:04Z</time>
   </trkpt>
   <trkpt lat="49.3703240" lon="-123.2778970">
    <ele>62.9</ele>
    <time>2024-09-04T18:10:05Z</time>
   </trkpt>
   <trkpt lat="49.3703420" lon="-123.2778380">
    <ele>63.0</ele>
    <time>2024-09-04T18:10:06Z</time>
   </trkpt>
   <trkpt lat="49.3703580" lon="-123.2777810">
    <ele>63.1</ele>
    <time>2024-09-04T18:10:07Z</time>
   </trkpt>
   <trkpt lat="49.3703700" lon="-123.2777250">
    <ele>63.3</ele>
    <time>2024-09-04T18:10:08Z</time>
   </trkpt>
   <trkpt lat="49.3703760" lon="-123.2776660">
    <ele>63.5</ele>
    <time>2024-09-04T18:10:09Z</time>
   </trkpt>
   <trkpt lat="49.3703790" lon="-123.2776070">
    <ele>63.6</ele>
    <time>2024-09-04T18:10:10Z</time>
   </trkpt>
   <trkpt lat="49.3703830" lon="-123.2775460">
    <ele>63.9</ele>
    <time>2024-09-04T18:10:11Z</time>
   </trkpt>
   <trkpt lat="49.3703810" lon="-123.2774840">
    <ele>64.1</ele>
    <time>2024-09-04T18:10:12Z</time>
   </trkpt>
   <trkpt lat="49.3703750" lon="-123.2774250">
    <ele>64.3</ele>
    <time>2024-09-04T18:10:13Z</time>
   </trkpt>
   <trkpt lat="49.3703690" lon="-123.2773660">
    <ele>64.6</ele>
    <time>2024-09-04T18:10:14Z</time>
   </trkpt>
   <trkpt lat="49.3703620" lon="-123.2773090">
    <ele>64.8</ele>
    <time>2024-09-04T18:10:15Z</time>
   </trkpt>
   <trkpt lat="49.3703520" lon="-123.2772500">
    <ele>65.0</ele>
    <time>2024-09-04T18:10:16Z</time>
   </trkpt>
   <trkpt lat="49.3703350" lon="-123.2771950">
    <ele>65.3</ele>
    <time>2024-09-04T18:10:17Z</time>
   </trkpt>
   <trkpt lat="49.3703180" lon="-123.2771430">
    <ele>65.6</ele>
    <time>2024-09-04T18:10:18Z</time>
   </trkpt>
   <trkpt lat="49.3703010" lon="-123.2770870">
    <ele>65.9</ele>
    <time>2024-09-04T18:10:19Z</time>
   </trkpt>
   <trkpt lat="49.3702830" lon="-123.2770370">
    <ele>66.1</ele>
    <time>2024-09-04T18:10:20Z</time>
   </trkpt>
   <trkpt lat="49.3702650" lon="-123.2769890">
    <ele>66.4</ele>
    <time>2024-09-04T18:10:21Z</time>
   </trkpt>
   <trkpt lat="49.3702460" lon="-123.2769380">
    <ele>66.7</ele>
    <time>2024-09-04T18:10:22Z</time>
   </trkpt>
   <trkpt lat="49.3702250" lon="-123.2768880">
    <ele>67.0</ele>
    <time>2024-09-04T18:10:23Z</time>
   </trkpt>
   <trkpt lat="49.3702030" lon="-123.2768370">
    <ele>67.2</ele>
    <time>2024-09-04T18:10:24Z</time>
   </trkpt>
   <trkpt lat="49.3701800" lon="-123.2767800">
    <ele>67.5</ele>
    <time>2024-09-04T18:10:25Z</time>
   </trkpt>
   <trkpt lat="49.3701520" lon="-123.2767270">
    <ele>67.7</ele>
    <time>2024-09-04T18:10:26Z</time>
   </trkpt>
   <trkpt lat="49.3701310" lon="-123.2766780">
    <ele>67.9</ele>
    <time>2024-09-04T18:10:27Z</time>
   </trkpt>
   <trkpt lat="49.3701130" lon="-123.2766270">
    <ele>68.1</ele>
    <time>2024-09-04T18:10:28Z</time>
   </trkpt>
   <trkpt lat="49.3700880" lon="-123.2765910">
    <ele>68.2</ele>
    <time>2024-09-04T18:10:29Z</time>
   </trkpt>
   <trkpt lat="49.3700670" lon="-123.2765510">
    <ele>68.3</ele>
    <time>2024-09-04T18:10:30Z</time>
   </trkpt>
   <trkpt lat="49.3700420" lon="-123.2765140">
    <ele>68.4</ele>
    <time>2024-09-04T18:10:31Z</time>
   </trkpt>
   <trkpt lat="49.3700200" lon="-123.2764800">
    <ele>68.4</ele>
    <time>2024-09-04T18:10:32Z</time>
   </trkpt>
   <trkpt lat="49.3699920" lon="-123.2764310">
    <ele>68.5</ele>
    <time>2024-09-04T18:10:33Z</time>
   </trkpt>
   <trkpt lat="49.3699790" lon="-123.2764160">
    <ele>68.5</ele>
    <time>2024-09-04T18:10:34Z</time>
   </trkpt>
   <trkpt lat="49.3699470" lon="-123.2763940">
    <ele>68.5</ele>
    <time>2024-09-04T18:10:35Z</time>
   </trkpt>
   <trkpt lat="49.3699140" lon="-123.2763980">
    <ele>68.6</ele>
    <time>2024-09-04T18:10:36Z</time>
   </trkpt>
   <trkpt lat="49.3698730" lon="-123.2764110">
    <ele>68.7</ele>
    <time>2024-09-04T18:10:37Z</time>
   </trkpt>
   <trkpt lat="49.3698590" lon="-123.2764150">
    <ele>68.8</ele>
    <time>2024-09-04T18:10:38Z</time>
   </trkpt>
   <trkpt lat="49.3698230" lon="-123.2764200">
    <ele>68.8</ele>
    <time>2024-09-04T18:10:39Z</time>
   </trkpt>
   <trkpt lat="49.3697930" lon="-123.2764190">
    <ele>68.8</ele>
    <time>2024-09-04T18:10:40Z</time>
   </trkpt>
   <trkpt lat="49.3697640" lon="-123.2764050">
    <ele>68.8</ele>
    <time>2024-09-04T18:10:41Z</time>
   </trkpt>
   <trkpt lat="49.3697340" lon="-123.2763890">
    <ele>68.6</ele>
    <time>2024-09-04T18:10:42Z</time>
   </trkpt>
   <trkpt lat="49.3697040" lon="-123.2763680">
    <ele>68.2</ele>
    <time>2024-09-04T18:10:43Z</time>
   </trkpt>
   <trkpt lat="49.3696680" lon="-123.2763410">
    <ele>67.6</ele>
    <time>2024-09-04T18:10:44Z</time>
   </trkpt>
   <trkpt lat="49.3696270" lon="-123.2763070">
    <ele>67.0</ele>
    <time>2024-09-04T18:10:45Z</time>
   </trkpt>
   <trkpt lat="49.3695750" lon="-123.2762850">
    <ele>66.1</ele>
    <time>2024-09-04T18:10:46Z</time>
   </trkpt>
   <trkpt lat="49.3695170" lon="-123.2762760">
    <ele>65.2</ele>
    <time>2024-09-04T18:10:47Z</time>
   </trkpt>
   <trkpt lat="49.3694500" lon="-123.2762800">
    <ele>64.1</ele>
    <time>2024-09-04T18:10:48Z</time>
   </trkpt>
   <trkpt lat="49.3693800" lon="-123.2762930">
    <ele>63.2</ele>
    <time>2024-09-04T18:10:49Z</time>
   </trkpt>
   <trkpt lat="49.3693120" lon="-123.2763020">
    <ele>62.4</ele>
    <time>2024-09-04T18:10:50Z</time>
   </trkpt>
   <trkpt lat="49.3692390" lon="-123.2763010">
    <ele>61.7</ele>
    <time>2024-09-04T18:10:51Z</time>
   </trkpt>
   <trkpt lat="49.3691670" lon="-123.2763050">
    <ele>61.6</ele>
    <time>2024-09-04T18:10:52Z</time>
   </trkpt>
   <trkpt lat="49.3690940" lon="-123.2763090">
    <ele>63.2</ele>
    <time>2024-09-04T18:10:53Z</time>
   </trkpt>
   <trkpt lat="49.3690180" lon="-123.2763330">
    <ele>62.7</ele>
    <time>2024-09-04T18:10:55Z</time>
   </trkpt>
   <trkpt lat="49.3689420" lon="-123.2763500">
    <ele>62.2</ele>
    <time>2024-09-04T18:10:56Z</time>
   </trkpt>
   <trkpt lat="49.3688670" lon="-123.2763620">
    <ele>61.7</ele>
    <time>2024-09-04T18:10:57Z</time>
   </trkpt>
   <trkpt lat="49.3687910" lon="-123.2763800">
    <ele>61.3</ele>
    <time>2024-09-04T18:10:58Z</time>
   </trkpt>
   <trkpt lat="49.3687180" lon="-123.2764010">
    <ele>61.0</ele>
    <time>2024-09-04T18:10:59Z</time>
   </trkpt>
   <trkpt lat="49.3686470" lon="-123.2764310">
    <ele>60.7</ele>
    <time>2024-09-04T18:11:00Z</time>
   </trkpt>
   <trkpt lat="49.3685790" lon="-123.2764640">
    <ele>60.5</ele>
    <time>2024-09-04T18:11:01Z</time>
   </trkpt>
   <trkpt lat="49.3685180" lon="-123.2765150">
    <ele>60.3</ele>
    <time>2024-09-04T18:11:02Z</time>
   </trkpt>
   <trkpt lat="49.3684610" lon="-123.2765730">
    <ele>60.1</ele>
    <time>2024-09-04T18:11:03Z</time>
   </trkpt>
   <trkpt lat="49.3683960" lon="-123.2766050">
    <ele>59.9</ele>
    <time>2024-09-04T18:11:04Z</time>
   </trkpt>
   <trkpt lat="49.3683350" lon="-123.2766240">
    <ele>59.8</ele>
    <time>2024-09-04T18:11:05Z</time>
   </trkpt>
   <trkpt lat="49.3682710" lon="-123.2766520">
    <ele>59.7</ele>
    <time>2024-09-04T18:11:06Z</time>
   </trkpt>
   <trkpt lat="49.3682090" lon="-123.2766770">
    <ele>59.7</ele>
    <time>2024-09-04T18:11:07Z</time>
   </trkpt>
   <trkpt lat="49.3681480" lon="-123.2766990">
    <ele>59.6</ele>
    <time>2024-09-04T18:11:08Z</time>
   </trkpt>
   <trkpt lat="49.3680890" lon="-123.2767190">
    <ele>59.6</ele>
    <time>2024-09-04T18:11:09Z</time>
   </trkpt>
   <trkpt lat="49.3680300" lon="-123.2767310">
    <ele>59.6</ele>
    <time>2024-09-04T18:11:10Z</time>
   </trkpt>
   <trkpt lat="49.3679680" lon="-123.2767410">
    <ele>59.5</ele>
    <time>2024-09-04T18:11:11Z</time>
   </trkpt>
   <trkpt lat="49.3679070" lon="-123.2767480">
    <ele>59.5</ele>
    <time>2024-09-04T18:11:12Z</time>
   </trkpt>
   <trkpt lat="49.3678440" lon="-123.2767640">
    <ele>59.4</ele>
    <time>2024-09-04T18:11:13Z</time>
   </trkpt>
   <trkpt lat="49.3677860" lon="-123.2767690">
    <ele>59.3</ele>
    <time>2024-09-04T18:11:14Z</time>
   </trkpt>
   <trkpt lat="49.3677230" lon="-123.2767780">
    <ele>59.2</ele>
    <time>2024-09-04T18:11:15Z</time>
   </trkpt>
   <trkpt lat="49.3676590" lon="-123.2767740">
    <ele>59.1</ele>
    <time>2024-09-04T18:11:16Z</time>
   </trkpt>
   <trkpt lat="49.3675970" lon="-123.2767680">
    <ele>59.1</ele>
    <time>2024-09-04T18:11:17Z</time>
   </trkpt>
   <trkpt lat="49.3675360" lon="-123.2767650">
    <ele>59.1</ele>
    <time>2024-09-04T18:11:18Z</time>
   </trkpt>
   <trkpt lat="49.3674740" lon="-123.2767660">
    <ele>59.1</ele>
    <time>2024-09-04T18:11:19Z</time>
   </trkpt>
   <trkpt lat="49.3674140" lon="-123.2767710">
    <ele>59.1</ele>
    <time>2024-09-04T18:11:20Z</time>
   </trkpt>
   <trkpt lat="49.3673530" lon="-123.2767760">
    <ele>59.1</ele>
    <time>2024-09-04T18:11:21Z</time>
   </trkpt>
   <trkpt lat="49.3672920" lon="-123.2767830">
    <ele>59.1</ele>
    <time>2024-09-04T18:11:22Z</time>
   </trkpt>
   <trkpt lat="49.3672340" lon="-123.2767900">
    <ele>59.1</ele>
    <time>2024-09-04T18:11:23Z</time>
   </trkpt>
   <trkpt lat="49.3671780" lon="-123.2768090">
    <ele>59.1</ele>
    <time>2024-09-04T18:11:24Z</time>
   </trkpt>
   <trkpt lat="49.3671280" lon="-123.2768460">
    <ele>59.0</ele>
    <time>2024-09-04T18:11:25Z</time>
   </trkpt>
   <trkpt lat="49.3670820" lon="-123.2768910">
    <ele>58.9</ele>
    <time>2024-09-04T18:11:26Z</time>
   </trkpt>
   <trkpt lat="49.3670320" lon="-123.2769220">
    <ele>58.8</ele>
    <time>2024-09-04T18:11:27Z</time>
   </trkpt>
   <trkpt lat="49.3669810" lon="-123.2769430">
    <ele>58.7</ele>
    <time>2024-09-04T18:11:28Z</time>
   </trkpt>
   <trkpt lat="49.3669240" lon="-123.2769430">
    <ele>58.6</ele>
    <time>2024-09-04T18:11:29Z</time>
   </trkpt>
   <trkpt lat="49.3668720" lon="-123.2769630">
    <ele>58.5</ele>
    <time>2024-09-04T18:11:30Z</time>
   </trkpt>
   <trkpt lat="49.3667610" lon="-123.2770290">
    <ele>58.4</ele>
    <time>2024-09-04T18:11:31Z</time>
   </trkpt>
   <trkpt lat="49.3667100" lon="-123.2770580">
    <ele>58.4</ele>
    <time>2024-09-04T18:11:32Z</time>
   </trkpt>
   <trkpt lat="49.3666600" lon="-123.2770760">
    <ele>58.5</ele>
    <time>2024-09-04T18:11:33Z</time>
   </trkpt>
   <trkpt lat="49.3666130" lon="-123.2770880">
    <ele>58.5</ele>
    <time>2024-09-04T18:11:34Z</time>
   </trkpt>
   <trkpt lat="49.3665760" lon="-123.2771020">
    <ele>58.6</ele>
    <time>2024-09-04T18:11:35Z</time>
   </trkpt>
   <trkpt lat="49.3665410" lon="-123.2771170">
    <ele>58.6</ele>
    <time>2024-09-04T18:11:36Z</time>
   </trkpt>
   <trkpt lat="49.3665080" lon="-123.2771360">
    <ele>58.7</ele>
    <time>2024-09-04T18:11:37Z</time>
   </trkpt>
   <trkpt lat="49.3664720" lon="-123.2771570">
    <ele>58.7</ele>
    <time>2024-09-04T18:11:38Z</time>
   </trkpt>
   <trkpt lat="49.3664320" lon="-123.2771720">
    <ele>58.8</ele>
    <time>2024-09-04T18:11:39Z</time>
   </trkpt>
   <trkpt lat="49.3663940" lon="-123.2771780">
    <ele>58.9</ele>
    <time>2024-09-04T18:11:40Z</time>
   </trkpt>
   <trkpt lat="49.3663570" lon="-123.2771790">
    <ele>58.9</ele>
    <time>2024-09-04T18:11:41Z</time>
   </trkpt>
   <trkpt lat="49.3663230" lon="-123.2771800">
    <ele>59.0</ele>
    <time>2024-09-04T18:11:42Z</time>
   </trkpt>
   <trkpt lat="49.3662880" lon="-123.2771670">
    <ele>59.0</ele>
    <time>2024-09-04T18:11:43Z</time>
   </trkpt>
   <trkpt lat="49.3662800" lon="-123.2771600">
    <ele>59.0</ele>
    <time>2024-09-04T18:11:44Z</time>
   </trkpt>
   <trkpt lat="49.3662630" lon="-123.2771250">
    <ele>59.1</ele>
    <time>2024-09-04T18:11:45Z</time>
   </trkpt>
   <trkpt lat="49.3662570" lon="-123.2771080">
    <ele>59.1</ele>
    <time>2024-09-04T18:11:46Z</time>
   </trkpt>
   <trkpt lat="49.3662420" lon="-123.2770660">
    <ele>59.1</ele>
    <time>2024-09-04T18:11:47Z</time>
   </trkpt>
   <trkpt lat="49.3662200" lon="-123.2770270">
    <ele>59.2</ele>
    <time>2024-09-04T18:11:48Z</time>
   </trkpt>
   <trkpt lat="49.3661850" lon="-123.2770060">
    <ele>59.2</ele>
    <time>2024-09-04T18:11:49Z</time>
   </trkpt>
   <trkpt lat="49.3661470" lon="-123.2769920">
    <ele>59.3</ele>
    <time>2024-09-04T18:11:50Z</time>
   </trkpt>
   <trkpt lat="49.3661230" lon="-123.2769700">
    <ele>59.3</ele>
    <time>2024-09-04T18:11:51Z</time>
   </trkpt>
   <trkpt lat="49.3661090" lon="-123.2769250">
    <ele>59.3</ele>
    <time>2024-09-04T18:11:52Z</time>
   </trkpt>
   <trkpt lat="49.3661000" lon="-123.2768730">
    <ele>59.4</ele>
    <time>2024-09-04T18:11:53Z</time>
   </trkpt>
   <trkpt lat="49.3660920" lon="-123.2768310">
    <ele>59.4</ele>
    <time>2024-09-04T18:11:54Z</time>
   </trkpt>
   <trkpt lat="49.3660530" lon="-123.2768050">
    <ele>59.5</ele>
    <time>2024-09-04T18:11:55Z</time>
   </trkpt>
   <trkpt lat="49.3660330" lon="-123.2768050">
    <ele>59.6</ele>
    <time>2024-09-04T18:11:56Z</time>
   </trkpt>
   <trkpt lat="49.3659920" lon="-123.2768100">
    <ele>59.6</ele>
    <time>2024-09-04T18:11:57Z</time>
   </trkpt>
   <trkpt lat="49.3659510" lon="-123.2768190">
    <ele>59.7</ele>
    <time>2024-09-04T18:11:58Z</time>
   </trkpt>
   <trkpt lat="49.3659130" lon="-123.2768310">
    <ele>59.8</ele>
    <time>2024-09-04T18:11:59Z</time>
   </trkpt>
   <trkpt lat="49.3658730" lon="-123.2768450">
    <ele>59.8</ele>
    <time>2024-09-04T18:12:00Z</time>
   </trkpt>
   <trkpt lat="49.3658330" lon="-123.2768570">
    <ele>59.9</ele>
    <time>2024-09-04T18:12:01Z</time>
   </trkpt>
   <trkpt lat="49.3657930" lon="-123.2768650">
    <ele>60.0</ele>
    <time>2024-09-04T18:12:02Z</time>
   </trkpt>
   <trkpt lat="49.3657520" lon="-123.2768800">
    <ele>60.0</ele>
    <time>2024-09-04T18:12:03Z</time>
   </trkpt>
   <trkpt lat="49.3657090" lon="-123.2768950">
    <ele>60.1</ele>
    <time>2024-09-04T18:12:04Z</time>
   </trkpt>
   <trkpt lat="49.3656670" lon="-123.2769080">
    <ele>60.2</ele>
    <time>2024-09-04T18:12:05Z</time>
   </trkpt>
   <trkpt lat="49.3656240" lon="-123.2769230">
    <ele>60.2</ele>
    <time>2024-09-04T18:12:06Z</time>
   </trkpt>
   <trkpt lat="49.3655830" lon="-123.2769420">
    <ele>60.3</ele>
    <time>2024-09-04T18:12:07Z</time>
   </trkpt>
   <trkpt lat="49.3655420" lon="-123.2769600">
    <ele>60.3</ele>
    <time>2024-09-04T18:12:08Z</time>
   </trkpt>
   <trkpt lat="49.3655010" lon="-123.2769800">
    <ele>60.4</ele>
    <time>2024-09-04T18:12:09Z</time>
   </trkpt>
   <trkpt lat="49.3654580" lon="-123.2769990">
    <ele>60.4</ele>
    <time>2024-09-04T18:12:10Z</time>
   </trkpt>
   <trkpt lat="49.3654160" lon="-123.2770180">
    <ele>60.4</ele>
    <time>2024-09-04T18:12:11Z</time>
   </trkpt>
   <trkpt lat="49.3653720" lon="-123.2770370">
    <ele>60.4</ele>
    <time>2024-09-04T18:12:12Z</time>
   </trkpt>
   <trkpt lat="49.3653270" lon="-123.2770560">
    <ele>60.3</ele>
    <time>2024-09-04T18:12:13Z</time>
   </trkpt>
   <trkpt lat="49.3652840" lon="-123.2770790">
    <ele>60.3</ele>
    <time>2024-09-04T18:12:14Z</time>
   </trkpt>
   <trkpt lat="49.3652370" lon="-123.2770990">
    <ele>60.2</ele>
    <time>2024-09-04T18:12:15Z</time>
   </trkpt>
   <trkpt lat="49.3651870" lon="-123.2771160">
    <ele>60.0</ele>
    <time>2024-09-04T18:12:16Z</time>
   </trkpt>
   <trkpt lat="49.3651310" lon="-123.2771340">
    <ele>59.9</ele>
    <time>2024-09-04T18:12:17Z</time>
   </trkpt>
   <trkpt lat="49.3650760" lon="-123.2771450">
    <ele>59.7</ele>
    <time>2024-09-04T18:12:18Z</time>
   </trkpt>
   <trkpt lat="49.3650210" lon="-123.2771500">
    <ele>59.6</ele>
    <time>2024-09-04T18:12:19Z</time>
   </trkpt>
   <trkpt lat="49.3649650" lon="-123.2771540">
    <ele>59.4</ele>
    <time>2024-09-04T18:12:20Z</time>
   </trkpt>
   <trkpt lat="49.3649050" lon="-123.2771640">
    <ele>59.2</ele>
    <time>2024-09-04T18:12:21Z</time>
   </trkpt>
   <trkpt lat="49.3648430" lon="-123.2771820">
    <ele>59.1</ele>
    <time>2024-09-04T18:12:22Z</time>
   </trkpt>
   <trkpt lat="49.3647850" lon="-123.2772080">
    <ele>59.0</ele>
    <time>2024-09-04T18:12:23Z</time>
   </trkpt>
   <trkpt lat="49.3647260" lon="-123.2772400">
    <ele>58.9</ele>
    <time>2024-09-04T18:12:24Z</time>
   </trkpt>
   <trkpt lat="49.3646660" lon="-123.2772710">
    <ele>58.8</ele>
    <time>2024-09-04T18:12:25Z</time>
   </trkpt>
   <trkpt lat="49.3646080" lon="-123.2773050">
    <ele>58.8</ele>
    <time>2024-09-04T18:12:26Z</time>
   </trkpt>
   <trkpt lat="49.3645510" lon="-123.2773410">
    <ele>58.7</ele>
    <time>2024-09-04T18:12:27Z</time>
   </trkpt>
   <trkpt lat="49.3644940" lon="-123.2773730">
    <ele>58.7</ele>
    <time>2024-09-04T18:12:28Z</time>
   </trkpt>
   <trkpt lat="49.3644380" lon="-123.2774000">
    <ele>58.7</ele>
    <time>2024-09-04T18:12:29Z</time>
   </trkpt>
   <trkpt lat="49.3643810" lon="-123.2774250">
    <ele>58.8</ele>
    <time>2024-09-04T18:12:30Z</time>
   </trkpt>
   <trkpt lat="49.3643250" lon="-123.2774440">
    <ele>58.8</ele>
    <time>2024-09-04T18:12:31Z</time>
   </trkpt>
   <trkpt lat="49.3642700" lon="-123.2774540">
    <ele>58.9</ele>
    <time>2024-09-04T18:12:32Z</time>
   </trkpt>
   <trkpt lat="49.3642160" lon="-123.2774610">
    <ele>59.0</ele>
    <time>2024-09-04T18:12:33Z</time>
   </trkpt>
   <trkpt lat="49.3641610" lon="-123.2774620">
    <ele>59.1</ele>
    <time>2024-09-04T18:12:34Z</time>
   </trkpt>
   <trkpt lat="49.3641090" lon="-123.2774580">
    <ele>59.2</ele>
    <time>2024-09-04T18:12:35Z</time>
   </trkpt>
   <trkpt lat="49.3640550" lon="-123.2774460">
    <ele>59.3</ele>
    <time>2024-09-04T18:12:36Z</time>
   </trkpt>
   <trkpt lat="49.3640000" lon="-123.2774360">
    <ele>59.4</ele>
    <time>2024-09-04T18:12:37Z</time>
   </trkpt>
   <trkpt lat="49.3639470" lon="-123.2774150">
    <ele>59.5</ele>
    <time>2024-09-04T18:12:38Z</time>
   </trkpt>
   <trkpt lat="49.3638940" lon="-123.2773900">
    <ele>59.6</ele>
    <time>2024-09-04T18:12:39Z</time>
   </trkpt>
   <trkpt lat="49.3638410" lon="-123.2773650">
    <ele>59.6</ele>
    <time>2024-09-04T18:12:40Z</time>
   </trkpt>
   <trkpt lat="49.3637880" lon="-123.2773420">
    <ele>59.6</ele>
    <time>2024-09-04T18:12:41Z</time>
   </trkpt>
   <trkpt lat="49.3637330" lon="-123.2773220">
    <ele>59.6</ele>
    <time>2024-09-04T18:12:42Z</time>
   </trkpt>
   <trkpt lat="49.3636760" lon="-123.2773150">
    <ele>59.5</ele>
    <time>2024-09-04T18:12:43Z</time>
   </trkpt>
   <trkpt lat="49.3636200" lon="-123.2773140">
    <ele>59.4</ele>
    <time>2024-09-04T18:12:44Z</time>
   </trkpt>
   <trkpt lat="49.3635630" lon="-123.2773180">
    <ele>59.2</ele>
    <time>2024-09-04T18:12:45Z</time>
   </trkpt>
   <trkpt lat="49.3635040" lon="-123.2773320">
    <ele>59.1</ele>
    <time>2024-09-04T18:12:46Z</time>
   </trkpt>
   <trkpt lat="49.3634430" lon="-123.2773470">
    <ele>58.9</ele>
    <time>2024-09-04T18:12:47Z</time>
   </trkpt>
   <trkpt lat="49.3633830" lon="-123.2773720">
    <ele>58.8</ele>
    <time>2024-09-04T18:12:48Z</time>
   </trkpt>
   <trkpt lat="49.3633190" lon="-123.2773950">
    <ele>58.7</ele>
    <time>2024-09-04T18:12:49Z</time>
   </trkpt>
   <trkpt lat="49.3632540" lon="-123.2774220">
    <ele>58.7</ele>
    <time>2024-09-04T18:12:50Z</time>
   </trkpt>
   <trkpt lat="49.3631880" lon="-123.2774550">
    <ele>58.6</ele>
    <time>2024-09-04T18:12:51Z</time>
   </trkpt>
   <trkpt lat="49.3631210" lon="-123.2774720">
    <ele>58.5</ele>
    <time>2024-09-04T18:12:52Z</time>
   </trkpt>
   <trkpt lat="49.3630540" lon="-123.2774860">
    <ele>58.3</ele>
    <time>2024-09-04T18:12:53Z</time>
   </trkpt>
   <trkpt lat="49.3629870" lon="-123.2774710">
    <ele>58.2</ele>
    <time>2024-09-04T18:12:54Z</time>
   </trkpt>
   <trkpt lat="49.3629210" lon="-123.2774510">
    <ele>58.1</ele>
    <time>2024-09-04T18:12:55Z</time>
   </trkpt>
   <trkpt lat="49.3628530" lon="-123.2774320">
    <ele>58.0</ele>
    <time>2024-09-04T18:12:56Z</time>
   </trkpt>
   <trkpt lat="49.3627850" lon="-123.2774180">
    <ele>57.8</ele>
    <time>2024-09-04T18:12:57Z</time>
   </trkpt>
   <trkpt lat="49.3627170" lon="-123.2774040">
    <ele>57.7</ele>
    <time>2024-09-04T18:12:58Z</time>
   </trkpt>
   <trkpt lat="49.3626500" lon="-123.2773880">
    <ele>57.6</ele>
    <time>2024-09-04T18:13:00Z</time>
   </trkpt>
   <trkpt lat="49.3625840" lon="-123.2773740">
    <ele>57.6</ele>
    <time>2024-09-04T18:13:01Z</time>
   </trkpt>
   <trkpt lat="49.3625160" lon="-123.2773580">
    <ele>57.5</ele>
    <time>2024-09-04T18:13:02Z</time>
   </trkpt>
   <trkpt lat="49.3624510" lon="-123.2773370">
    <ele>57.4</ele>
    <time>2024-09-04T18:13:03Z</time>
   </trkpt>
   <trkpt lat="49.3623850" lon="-123.2773320">
    <ele>57.3</ele>
    <time>2024-09-04T18:13:04Z</time>
   </trkpt>
   <trkpt lat="49.3623180" lon="-123.2773130">
    <ele>57.3</ele>
    <time>2024-09-04T18:13:05Z</time>
   </trkpt>
   <trkpt lat="49.3622520" lon="-123.2772980">
    <ele>57.2</ele>
    <time>2024-09-04T18:13:06Z</time>
   </trkpt>
   <trkpt lat="49.3621860" lon="-123.2772780">
    <ele>57.2</ele>
    <time>2024-09-04T18:13:07Z</time>
   </trkpt>
   <trkpt lat="49.3621190" lon="-123.2772660">
    <ele>57.1</ele>
    <time>2024-09-04T18:13:08Z</time>
   </trkpt>
   <trkpt lat="49.3620530" lon="-123.2772530">
    <ele>57.0</ele>
    <time>2024-09-04T18:13:09Z</time>
   </trkpt>
   <trkpt lat="49.3619850" lon="-123.2772440">
    <ele>56.8</ele>
    <time>2024-09-04T18:13:10Z</time>
   </trkpt>
   <trkpt lat="49.3619160" lon="-123.2772390">
    <ele>56.5</ele>
    <time>2024-09-04T18:13:11Z</time>
   </trkpt>
   <trkpt lat="49.3618470" lon="-123.2772520">
    <ele>56.2</ele>
    <time>2024-09-04T18:13:12Z</time>
   </trkpt>
   <trkpt lat="49.3617820" lon="-123.2772740">
    <ele>55.8</ele>
    <time>2024-09-04T18:13:13Z</time>
   </trkpt>
   <trkpt lat="49.3617150" lon="-123.2773030">
    <ele>55.3</ele>
    <time>2024-09-04T18:13:14Z</time>
   </trkpt>
   <trkpt lat="49.3616480" lon="-123.2773430">
    <ele>54.8</ele>
    <time>2024-09-04T18:13:15Z</time>
   </trkpt>
   <trkpt lat="49.3615800" lon="-123.2773990">
    <ele>54.2</ele>
    <time>2024-09-04T18:13:16Z</time>
   </trkpt>
   <trkpt lat="49.3615110" lon="-123.2774650">
    <ele>53.6</ele>
    <time>2024-09-04T18:13:17Z</time>
   </trkpt>
   <trkpt lat="49.3614410" lon="-123.2775390">
    <ele>52.5</ele>
    <time>2024-09-04T18:13:18Z</time>
   </trkpt>
   <trkpt lat="49.3613740" lon="-123.2776280">
    <ele>51.1</ele>
    <time>2024-09-04T18:13:19Z</time>
   </trkpt>
   <trkpt lat="49.3613010" lon="-123.2777140">
    <ele>49.7</ele>
    <time>2024-09-04T18:13:20Z</time>
   </trkpt>
   <trkpt lat="49.3612140" lon="-123.2777770">
    <ele>48.7</ele>
    <time>2024-09-04T18:13:21Z</time>
   </trkpt>
   <trkpt lat="49.3611200" lon="-123.2778180">
    <ele>47.8</ele>
    <time>2024-09-04T18:13:22Z</time>
   </trkpt>
   <trkpt lat="49.3610230" lon="-123.2778470">
    <ele>47.1</ele>
    <time>2024-09-04T18:13:23Z</time>
   </trkpt>
   <trkpt lat="49.3609270" lon="-123.2778790">
    <ele>46.4</ele>
    <time>2024-09-04T18:13:24Z</time>
   </trkpt>
   <trkpt lat="49.3608330" lon="-123.2779120">
    <ele>45.8</ele>
    <time>2024-09-04T18:13:25Z</time>
   </trkpt>
   <trkpt lat="49.3607380" lon="-123.2779460">
    <ele>45.3</ele>
    <time>2024-09-04T18:13:26Z</time>
   </trkpt>
   <trkpt lat="49.3606420" lon="-123.2779700">
    <ele>45.0</ele>
    <time>2024-09-04T18:13:27Z</time>
   </trkpt>
   <trkpt lat="49.3605530" lon="-123.2780020">
    <ele>44.9</ele>
    <time>2024-09-04T18:13:28Z</time>
   </trkpt>
   <trkpt lat="49.3604670" lon="-123.2780320">
    <ele>44.8</ele>
    <time>2024-09-04T18:13:29Z</time>
   </trkpt>
   <trkpt lat="49.3603860" lon="-123.2780600">
    <ele>44.7</ele>
    <time>2024-09-04T18:13:30Z</time>
   </trkpt>
   <trkpt lat="49.3603070" lon="-123.2780880">
    <ele>44.7</ele>
    <time>2024-09-04T18:13:31Z</time>
   </trkpt>
   <trkpt lat="49.3602300" lon="-123.2781100">
    <ele>44.7</ele>
    <time>2024-09-04T18:13:32Z</time>
   </trkpt>
   <trkpt lat="49.3601540" lon="-123.2781370">
    <ele>44.8</ele>
    <time>2024-09-04T18:13:33Z</time>
   </trkpt>
   <trkpt lat="49.3600790" lon="-123.2781590">
    <ele>44.9</ele>
    <time>2024-09-04T18:13:34Z</time>
   </trkpt>
   <trkpt lat="49.3600030" lon="-123.2781780">
    <ele>44.9</ele>
    <time>2024-09-04T18:13:35Z</time>
   </trkpt>
   <trkpt lat="49.3599310" lon="-123.2781990">
    <ele>44.9</ele>
    <time>2024-09-04T18:13:36Z</time>
   </trkpt>
   <trkpt lat="49.3597830" lon="-123.2782420">
    <ele>44.9</ele>
    <time>2024-09-04T18:13:37Z</time>
   </trkpt>
   <trkpt lat="49.3597090" lon="-123.2782650">
    <ele>44.9</ele>
    <time>2024-09-04T18:13:38Z</time>
   </trkpt>
   <trkpt lat="49.3596370" lon="-123.2782930">
    <ele>44.8</ele>
    <time>2024-09-04T18:13:39Z</time>
   </trkpt>
   <trkpt lat="49.3595640" lon="-123.2783170">
    <ele>44.8</ele>
    <time>2024-09-04T18:13:40Z</time>
   </trkpt>
   <trkpt lat="49.3594920" lon="-123.2783420">
    <ele>44.7</ele>
    <time>2024-09-04T18:13:41Z</time>
   </trkpt>
   <trkpt lat="49.3594200" lon="-123.2783660">
    <ele>44.6</ele>
    <time>2024-09-04T18:13:42Z</time>
   </trkpt>
   <trkpt lat="49.3593480" lon="-123.2783880">
    <ele>44.5</ele>
    <time>2024-09-04T18:13:43Z</time>
   </trkpt>
   <trkpt lat="49.3592760" lon="-123.2784140">
    <ele>44.3</ele>
    <time>2024-09-04T18:13:44Z</time>
   </trkpt>
   <trkpt lat="49.3592050" lon="-123.2784390">
    <ele>44.1</ele>
    <time>2024-09-04T18:13:45Z</time>
   </trkpt>
   <trkpt lat="49.3591300" lon="-123.2784620">
    <ele>43.9</ele>
    <time>2024-09-04T18:13:46Z</time>
   </trkpt>
   <trkpt lat="49.3590550" lon="-123.2784810">
    <ele>43.8</ele>
    <time>2024-09-04T18:13:47Z</time>
   </trkpt>
   <trkpt lat="49.3589810" lon="-123.2785010">
    <ele>43.6</ele>
    <time>2024-09-04T18:13:48Z</time>
   </trkpt>
   <trkpt lat="49.3589090" lon="-123.2785240">
    <ele>43.4</ele>
    <time>2024-09-04T18:13:49Z</time>
   </trkpt>
   <trkpt lat="49.3588370" lon="-123.2785480">
    <ele>43.2</ele>
    <time>2024-09-04T18:13:50Z</time>
   </trkpt>
   <trkpt lat="49.3587650" lon="-123.2785710">
    <ele>43.1</ele>
    <time>2024-09-04T18:13:51Z</time>
   </trkpt>
   <trkpt lat="49.3586940" lon="-123.2785900">
    <ele>42.9</ele>
    <time>2024-09-04T18:13:52Z</time>
   </trkpt>
   <trkpt lat="49.3586220" lon="-123.2786110">
    <ele>42.8</ele>
    <time>2024-09-04T18:13:53Z</time>
   </trkpt>
   <trkpt lat="49.3585510" lon="-123.2786360">
    <ele>42.7</ele>
    <time>2024-09-04T18:13:54Z</time>
   </trkpt>
   <trkpt lat="49.3584780" lon="-123.2786610">
    <ele>42.5</ele>
    <time>2024-09-04T18:13:55Z</time>
   </trkpt>
   <trkpt lat="49.3584050" lon="-123.2786710">
    <ele>42.3</ele>
    <time>2024-09-04T18:13:56Z</time>
   </trkpt>
   <trkpt lat="49.3583350" lon="-123.2786910">
    <ele>42.0</ele>
    <time>2024-09-04T18:13:57Z</time>
   </trkpt>
   <trkpt lat="49.3582650" lon="-123.2787110">
    <ele>41.7</ele>
    <time>2024-09-04T18:13:58Z</time>
   </trkpt>
   <trkpt lat="49.3581930" lon="-123.2787330">
    <ele>41.4</ele>
    <time>2024-09-04T18:13:59Z</time>
   </trkpt>
   <trkpt lat="49.3581220" lon="-123.2787560">
    <ele>41.1</ele>
    <time>2024-09-04T18:14:00Z</time>
   </trkpt>
   <trkpt lat="49.3580480" lon="-123.2787780">
    <ele>40.7</ele>
    <time>2024-09-04T18:14:01Z</time>
   </trkpt>
   <trkpt lat="49.3579770" lon="-123.2788010">
    <ele>40.4</ele>
    <time>2024-09-04T18:14:02Z</time>
   </trkpt>
   <trkpt lat="49.3579060" lon="-123.2788250">
    <ele>40.0</ele>
    <time>2024-09-04T18:14:03Z</time>
   </trkpt>
   <trkpt lat="49.3578370" lon="-123.2788520">
    <ele>39.7</ele>
    <time>2024-09-04T18:14:04Z</time>
   </trkpt>
   <trkpt lat="49.3577690" lon="-123.2788790">
    <ele>39.3</ele>
    <time>2024-09-04T18:14:05Z</time>
   </trkpt>
   <trkpt lat="49.3576970" lon="-123.2789030">
    <ele>38.9</ele>
    <time>2024-09-04T18:14:06Z</time>
   </trkpt>
   <trkpt lat="49.3576280" lon="-123.2789300">
    <ele>38.6</ele>
    <time>2024-09-04T18:14:07Z</time>
   </trkpt>
   <trkpt lat="49.3575550" lon="-123.2789540">
    <ele>38.1</ele>
    <time>2024-09-04T18:14:08Z</time>
   </trkpt>
   <trkpt lat="49.3574780" lon="-123.2789800">
    <ele>37.7</ele>
    <time>2024-09-04T18:14:09Z</time>
   </trkpt>
   <trkpt lat="49.3573990" lon="-123.2790000">
    <ele>37.2</ele>
    <time>2024-09-04T18:14:10Z</time>
   </trkpt>
   <trkpt lat="49.3573200" lon="-123.2790200">
    <ele>36.7</ele>
    <time>2024-09-04T18:14:11Z</time>
   </trkpt>
   <trkpt lat="49.3572410" lon="-123.2790450">
    <ele>36.1</ele>
    <time>2024-09-04T18:14:12Z</time>
   </trkpt>
   <trkpt lat="49.3571640" lon="-123.2790690">
    <ele>35.6</ele>
    <time>2024-09-04T18:14:13Z</time>
   </trkpt>
   <trkpt lat="49.3570810" lon="-123.2790890">
    <ele>35.0</ele>
    <time>2024-09-04T18:14:14Z</time>
   </trkpt>
   <trkpt lat="49.3569970" lon="-123.2791040">
    <ele>34.4</ele>
    <time>2024-09-04T18:14:15Z</time>
   </trkpt>
   <trkpt lat="49.3569070" lon="-123.2791200">
    <ele>33.8</ele>
    <time>2024-09-04T18:14:16Z</time>
   </trkpt>
   <trkpt lat="49.3568420" lon="-123.2791430">
    <ele>33.4</ele>
    <time>2024-09-04T18:14:17Z</time>
   </trkpt>
   <trkpt lat="49.3567560" lon="-123.2791350">
    <ele>32.9</ele>
    <time>2024-09-04T18:14:18Z</time>
   </trkpt>
   <trkpt lat="49.3566670" lon="-123.2791160">
    <ele>32.5</ele>
    <time>2024-09-04T18:14:19Z</time>
   </trkpt>
   <trkpt lat="49.3565810" lon="-123.2790770">
    <ele>32.1</ele>
    <time>2024-09-04T18:14:20Z</time>
   </trkpt>
   <trkpt lat="49.3564990" lon="-123.2790240">
    <ele>31.7</ele>
    <time>2024-09-04T18:14:21Z</time>
   </trkpt>
   <trkpt lat="49.3564190" lon="-123.2789760">
    <ele>31.2</ele>
    <time>2024-09-04T18:14:22Z</time>
   </trkpt>
   <trkpt lat="49.3563450" lon="-123.2789190">
    <ele>30.8</ele>
    <time>2024-09-04T18:14:23Z</time>
   </trkpt>
   <trkpt lat="49.3562710" lon="-123.2788520">
    <ele>30.3</ele>
    <time>2024-09-04T18:14:24Z</time>
   </trkpt>
   <trkpt lat="49.3561980" lon="-123.2787730">
    <ele>29.8</ele>
    <time>2024-09-04T18:14:25Z</time>
   </trkpt>
   <trkpt lat="49.3561350" lon="-123.2786810">
    <ele>29.3</ele>
    <time>2024-09-04T18:14:26Z</time>
   </trkpt>
   <trkpt lat="49.3560800" lon="-123.2785650">
    <ele>28.8</ele>
    <time>2024-09-04T18:14:27Z</time>
   </trkpt>
   <trkpt lat="49.3560340" lon="-123.2784470">
    <ele>28.3</ele>
    <time>2024-09-04T18:14:28Z</time>
   </trkpt>
   <trkpt lat="49.3559910" lon="-123.2783250">
    <ele>27.8</ele>
    <time>2024-09-04T18:14:29Z</time>
   </trkpt>
   <trkpt lat="49.3559530" lon="-123.2782010">
    <ele>27.3</ele>
    <time>2024-09-04T18:14:30Z</time>
   </trkpt>
   <trkpt lat="49.3559090" lon="-123.2780670">
    <ele>26.8</ele>
    <time>2024-09-04T18:14:31Z</time>
   </trkpt>
   <trkpt lat="49.3558700" lon="-123.2779390">
    <ele>26.4</ele>
    <time>2024-09-04T18:14:32Z</time>
   </trkpt>
   <trkpt lat="49.3558410" lon="-123.2778110">
    <ele>25.9</ele>
    <time>2024-09-04T18:14:33Z</time>
   </trkpt>
   <trkpt lat="49.3558210" lon="-123.2776810">
    <ele>25.5</ele>
    <time>2024-09-04T18:14:34Z</time>
   </trkpt>
   <trkpt lat="49.3558030" lon="-123.2775480">
    <ele>25.0</ele>
    <time>2024-09-04T18:14:35Z</time>
   </trkpt>
   <trkpt lat="49.3557790" lon="-123.2774190">
    <ele>24.6</ele>
    <time>2024-09-04T18:14:36Z</time>
   </trkpt>
   <trkpt lat="49.3557470" lon="-123.2772910">
    <ele>24.2</ele>
    <time>2024-09-04T18:14:37Z</time>
   </trkpt>
   <trkpt lat="49.3557190" lon="-123.2771580">
    <ele>23.8</ele>
    <time>2024-09-04T18:14:38Z</time>
   </trkpt>
   <trkpt lat="49.3556960" lon="-123.2770220">
    <ele>23.4</ele>
    <time>2024-09-04T18:14:39Z</time>
   </trkpt>
   <trkpt lat="49.3556590" lon="-123.2768870">
    <ele>23.0</ele>
    <time>2024-09-04T18:14:40Z</time>
   </trkpt>
   <trkpt lat="49.3556240" lon="-123.2767700">
    <ele>22.7</ele>
    <time>2024-09-04T18:14:41Z</time>
   </trkpt>
   <trkpt lat="49.3555920" lon="-123.2766410">
    <ele>22.3</ele>
    <time>2024-09-04T18:14:42Z</time>
   </trkpt>
   <trkpt lat="49.3555790" lon="-123.2765000">
    <ele>21.8</ele>
    <time>2024-09-04T18:14:43Z</time>
   </trkpt>
   <trkpt lat="49.3555480" lon="-123.2763730">
    <ele>21.4</ele>
    <time>2024-09-04T18:14:44Z</time>
   </trkpt>
   <trkpt lat="49.3555480" lon="-123.2762390">
    <ele>20.8</ele>
    <time>2024-09-04T18:14:45Z</time>
   </trkpt>
   <trkpt lat="49.3555630" lon="-123.2761090">
    <ele>20.2</ele>
    <time>2024-09-04T18:14:46Z</time>
   </trkpt>
   <trkpt lat="49.3555960" lon="-123.2759800">
    <ele>19.3</ele>
    <time>2024-09-04T18:14:47Z</time>
   </trkpt>
   <trkpt lat="49.3556530" lon="-123.2758570">
    <ele>18.3</ele>
    <time>2024-09-04T18:14:48Z</time>
   </trkpt>
   <trkpt lat="49.3557170" lon="-123.2757500">
    <ele>17.3</ele>
    <time>2024-09-04T18:14:49Z</time>
   </trkpt>
   <trkpt lat="49.3557890" lon="-123.2756400">
    <ele>16.2</ele>
    <time>2024-09-04T18:14:50Z</time>
   </trkpt>
   <trkpt lat="49.3558690" lon="-123.2755310">
    <ele>15.2</ele>
    <time>2024-09-04T18:14:51Z</time>
   </trkpt>
   <trkpt lat="49.3559530" lon="-123.2754240">
    <ele>14.2</ele>
    <time>2024-09-04T18:14:52Z</time>
   </trkpt>
   <trkpt lat="49.3560330" lon="-123.2753090">
    <ele>13.2</ele>
    <time>2024-09-04T18:14:53Z</time>
   </trkpt>
   <trkpt lat="49.3561050" lon="-123.2751770">
    <ele>12.3</ele>
    <time>2024-09-04T18:14:54Z</time>
   </trkpt>
   <trkpt lat="49.3561610" lon="-123.2750160">
    <ele>11.5</ele>
    <time>2024-09-04T18:14:55Z</time>
   </trkpt>
   <trkpt lat="49.3561930" lon="-123.2748420">
    <ele>10.9</ele>
    <time>2024-09-04T18:14:56Z</time>
   </trkpt>
   <trkpt lat="49.3562360" lon="-123.2746750">
    <ele>10.5</ele>
    <time>2024-09-04T18:14:57Z</time>
   </trkpt>
   <trkpt lat="49.3562730" lon="-123.2745100">
    <ele>10.4</ele>
    <time>2024-09-04T18:14:58Z</time>
   </trkpt>
   <trkpt lat="49.3563330" lon="-123.2743700">
    <ele>10.4</ele>
    <time>2024-09-04T18:14:59Z</time>
   </trkpt>
   <trkpt lat="49.3564100" lon="-123.2742590">
    <ele>10.6</ele>
    <time>2024-09-04T18:15:00Z</time>
   </trkpt>
   <trkpt lat="49.3564860" lon="-123.2741670">
    <ele>10.8</ele>
    <time>2024-09-04T18:15:01Z</time>
   </trkpt>
   <trkpt lat="49.3565650" lon="-123.2740900">
    <ele>11.1</ele>
    <time>2024-09-04T18:15:02Z</time>
   </trkpt>
   <trkpt lat="49.3566360" lon="-123.2740160">
    <ele>11.4</ele>
    <time>2024-09-04T18:15:03Z</time>
   </trkpt>
   <trkpt lat="49.3567040" lon="-123.2739530">
    <ele>11.6</ele>
    <time>2024-09-04T18:15:04Z</time>
   </trkpt>
   <trkpt lat="49.3567650" lon="-123.2738910">
    <ele>11.7</ele>
    <time>2024-09-04T18:15:06Z</time>
   </trkpt>
   <trkpt lat="49.3568250" lon="-123.2738080">
    <ele>11.8</ele>
    <time>2024-09-04T18:15:07Z</time>
   </trkpt>
   <trkpt lat="49.3568690" lon="-123.2737250">
    <ele>11.9</ele>
    <time>2024-09-04T18:15:08Z</time>
   </trkpt>
   <trkpt lat="49.3569180" lon="-123.2736340">
    <ele>11.9</ele>
    <time>2024-09-04T18:15:09Z</time>
   </trkpt>
   <trkpt lat="49.3569630" lon="-123.2735420">
    <ele>11.9</ele>
    <time>2024-09-04T18:15:10Z</time>
   </trkpt>
   <trkpt lat="49.3570020" lon="-123.2734460">
    <ele>11.9</ele>
    <time>2024-09-04T18:15:11Z</time>
   </trkpt>
   <trkpt lat="49.3570430" lon="-123.2733560">
    <ele>11.9</ele>
    <time>2024-09-04T18:15:12Z</time>
   </trkpt>
   <trkpt lat="49.3570830" lon="-123.2732700">
    <ele>11.9</ele>
    <time>2024-09-04T18:15:13Z</time>
   </trkpt>
   <trkpt lat="49.3571230" lon="-123.2731800">
    <ele>11.9</ele>
    <time>2024-09-04T18:15:14Z</time>
   </trkpt>
   <trkpt lat="49.3571640" lon="-123.2731000">
    <ele>11.9</ele>
    <time>2024-09-04T18:15:15Z</time>
   </trkpt>
   <trkpt lat="49.3572000" lon="-123.2730100">
    <ele>11.9</ele>
    <time>2024-09-04T18:15:16Z</time>
   </trkpt>
   <trkpt lat="49.3572390" lon="-123.2729260">
    <ele>11.9</ele>
    <time>2024-09-04T18:15:17Z</time>
   </trkpt>
   <trkpt lat="49.3572770" lon="-123.2728370">
    <ele>11.8</ele>
    <time>2024-09-04T18:15:18Z</time>
   </trkpt>
   <trkpt lat="49.3573180" lon="-123.2727510">
    <ele>11.7</ele>
    <time>2024-09-04T18:15:19Z</time>
   </trkpt>
   <trkpt lat="49.3573560" lon="-123.2726690">
    <ele>11.6</ele>
    <time>2024-09-04T18:15:20Z</time>
   </trkpt>
   <trkpt lat="49.3573950" lon="-123.2725750">
    <ele>11.4</ele>
    <time>2024-09-04T18:15:21Z</time>
   </trkpt>
   <trkpt lat="49.3574300" lon="-123.2724810">
    <ele>11.3</ele>
    <time>2024-09-04T18:15:22Z</time>
   </trkpt>
   <trkpt lat="49.3574630" lon="-123.2723850">
    <ele>11.1</ele>
    <time>2024-09-04T18:15:23Z</time>
   </trkpt>
   <trkpt lat="49.3575020" lon="-123.2722880">
    <ele>10.9</ele>
    <time>2024-09-04T18:15:24Z</time>
   </trkpt>
   <trkpt lat="49.3575330" lon="-123.2721870">
    <ele>10.7</ele>
    <time>2024-09-04T18:15:25Z</time>
   </trkpt>
   <trkpt lat="49.3575590" lon="-123.2720780">
    <ele>10.5</ele>
    <time>2024-09-04T18:15:26Z</time>
   </trkpt>
   <trkpt lat="49.3575920" lon="-123.2719700">
    <ele>10.3</ele>
    <time>2024-09-04T18:15:27Z</time>
   </trkpt>
   <trkpt lat="49.3576180" lon="-123.2718600">
    <ele>10.2</ele>
    <time>2024-09-04T18:15:28Z</time>
   </trkpt>
   <trkpt lat="49.3576460" lon="-123.2717500">
    <ele>10.0</ele>
    <time>2024-09-04T18:15:29Z</time>
   </trkpt>
   <trkpt lat="49.3576690" lon="-123.2716430">
    <ele>9.9</ele>
    <time>2024-09-04T18:15:30Z</time>
   </trkpt>
   <trkpt lat="49.3576970" lon="-123.2715350">
    <ele>9.7</ele>
    <time>2024-09-04T18:15:31Z</time>
   </trkpt>
   <trkpt lat="49.3577250" lon="-123.2714300">
    <ele>9.7</ele>
    <time>2024-09-04T18:15:32Z</time>
   </trkpt>
   <trkpt lat="49.3577500" lon="-123.2713250">
    <ele>9.6</ele>
    <time>2024-09-04T18:15:33Z</time>
   </trkpt>
   <trkpt lat="49.3577750" lon="-123.2712230">
    <ele>9.5</ele>
    <time>2024-09-04T18:15:34Z</time>
   </trkpt>
   <trkpt lat="49.3578020" lon="-123.2711210">
    <ele>9.5</ele>
    <time>2024-09-04T18:15:35Z</time>
   </trkpt>
   <trkpt lat="49.3578260" lon="-123.2710200">
    <ele>9.4</ele>
    <time>2024-09-04T18:15:36Z</time>
   </trkpt>
   <trkpt lat="49.3578530" lon="-123.2709180">
    <ele>9.3</ele>
    <time>2024-09-04T18:15:37Z</time>
   </trkpt>
   <trkpt lat="49.3578770" lon="-123.2708190">
    <ele>9.3</ele>
    <time>2024-09-04T18:15:38Z</time>
   </trkpt>
   <trkpt lat="49.3579040" lon="-123.2707200">
    <ele>9.3</ele>
    <time>2024-09-04T18:15:39Z</time>
   </trkpt>
   <trkpt lat="49.3579260" lon="-123.2706180">
    <ele>9.3</ele>
    <time>2024-09-04T18:15:40Z</time>
   </trkpt>
   <trkpt lat="49.3579510" lon="-123.2705230">
    <ele>9.3</ele>
    <time>2024-09-04T18:15:41Z</time>
   </trkpt>
   <trkpt lat="49.3579740" lon="-123.2704220">
    <ele>9.4</ele>
    <time>2024-09-04T18:15:42Z</time>
   </trkpt>
   <trkpt lat="49.3579980" lon="-123.2703280">
    <ele>9.4</ele>
    <time>2024-09-04T18:15:43Z</time>
   </trkpt>
   <trkpt lat="49.3580220" lon="-123.2702330">
    <ele>9.4</ele>
    <time>2024-09-04T18:15:44Z</time>
   </trkpt>
   <trkpt lat="49.3580690" lon="-123.2700390">
    <ele>9.5</ele>
    <time>2024-09-04T18:15:45Z</time>
   </trkpt>
   <trkpt lat="49.3580950" lon="-123.2699480">
    <ele>9.6</ele>
    <time>2024-09-04T18:15:46Z</time>
   </trkpt>
   <trkpt lat="49.3581190" lon="-123.2698500">
    <ele>9.6</ele>
    <time>2024-09-04T18:15:47Z</time>
   </trkpt>
   <trkpt lat="49.3581410" lon="-123.2697520">
    <ele>9.7</ele>
    <time>2024-09-04T18:15:48Z</time>
   </trkpt>
   <trkpt lat="49.3581660" lon="-123.2696650">
    <ele>9.8</ele>
    <time>2024-09-04T18:15:49Z</time>
   </trkpt>
   <trkpt lat="49.3581910" lon="-123.2695690">
    <ele>9.9</ele>
    <time>2024-09-04T18:15:50Z</time>
   </trkpt>
   <trkpt lat="49.3582140" lon="-123.2694770">
    <ele>10.0</ele>
    <time>2024-09-04T18:15:51Z</time>
   </trkpt>
   <trkpt lat="49.3582360" lon="-123.2693840">
    <ele>10.1</ele>
    <time>2024-09-04T18:15:52Z</time>
   </trkpt>
   <trkpt lat="49.3582620" lon="-123.2692960">
    <ele>10.3</ele>
    <time>2024-09-04T18:15:53Z</time>
   </trkpt>
   <trkpt lat="49.3582830" lon="-123.2692080">
    <ele>10.4</ele>
    <time>2024-09-04T18:15:54Z</time>
   </trkpt>
   <trkpt lat="49.3583050" lon="-123.2691240">
    <ele>10.5</ele>
    <time>2024-09-04T18:15:55Z</time>
   </trkpt>
   <trkpt lat="49.3583260" lon="-123.2690320">
    <ele>10.7</ele>
    <time>2024-09-04T18:15:56Z</time>
   </trkpt>
   <trkpt lat="49.3583440" lon="-123.2689480">
    <ele>10.8</ele>
    <time>2024-09-04T18:15:57Z</time>
   </trkpt>
   <trkpt lat="49.3583660" lon="-123.2688670">
    <ele>10.9</ele>
    <time>2024-09-04T18:15:58Z</time>
   </trkpt>
   <trkpt lat="49.3583940" lon="-123.2687860">
    <ele>11.1</ele>
    <time>2024-09-04T18:15:59Z</time>
   </trkpt>
   <trkpt lat="49.3584210" lon="-123.2687060">
    <ele>11.2</ele>
    <time>2024-09-04T18:16:00Z</time>
   </trkpt>
   <trkpt lat="49.3584610" lon="-123.2686340">
    <ele>11.4</ele>
    <time>2024-09-04T18:16:01Z</time>
   </trkpt>
   <trkpt lat="49.3584870" lon="-123.2685660">
    <ele>11.5</ele>
    <time>2024-09-04T18:16:02Z</time>
   </trkpt>
   <trkpt lat="49.3585170" lon="-123.2684960">
    <ele>11.6</ele>
    <time>2024-09-04T18:16:03Z</time>
   </trkpt>
   <trkpt lat="49.3585520" lon="-123.2684310">
    <ele>11.7</ele>
    <time>2024-09-04T18:16:04Z</time>
   </trkpt>
   <trkpt lat="49.3585880" lon="-123.2683690">
    <ele>11.9</ele>
    <time>2024-09-04T18:16:05Z</time>
   </trkpt>
   <trkpt lat="49.3586170" lon="-123.2683010">
    <ele>12.0</ele>
    <time>2024-09-04T18:16:06Z</time>
   </trkpt>
   <trkpt lat="49.3586490" lon="-123.2682400">
    <ele>12.1</ele>
    <time>2024-09-04T18:16:07Z</time>
   </trkpt>
   <trkpt lat="49.3586810" lon="-123.2681740">
    <ele>12.2</ele>
    <time>2024-09-04T18:16:08Z</time>
   </trkpt>
   <trkpt lat="49.3587110" lon="-123.2681090">
    <ele>12.3</ele>
    <time>2024-09-04T18:16:09Z</time>
   </trkpt>
   <trkpt lat="49.3587340" lon="-123.2680350">
    <ele>12.4</ele>
    <time>2024-09-04T18:16:10Z</time>
   </trkpt>
   <trkpt lat="49.3587570" lon="-123.2679660">
    <ele>12.6</ele>
    <time>2024-09-04T18:16:11Z</time>
   </trkpt>
   <trkpt lat="49.3587740" lon="-123.2678910">
    <ele>12.7</ele>
    <time>2024-09-04T18:16:12Z</time>
   </trkpt>
   <trkpt lat="49.3587870" lon="-123.2678140">
    <ele>12.7</ele>
    <time>2024-09-04T18:16:13Z</time>
   </trkpt>
   <trkpt lat="49.3587940" lon="-123.2677370">
    <ele>12.8</ele>
    <time>2024-09-04T18:16:14Z</time>
   </trkpt>
   <trkpt lat="49.3587960" lon="-123.2676600">
    <ele>12.9</ele>
    <time>2024-09-04T18:16:15Z</time>
   </trkpt>
   <trkpt lat="49.3587950" lon="-123.2675840">
    <ele>13.0</ele>
    <time>2024-09-04T18:16:16Z</time>
   </trkpt>
   <trkpt lat="49.3587870" lon="-123.2675100">
    <ele>13.1</ele>
    <time>2024-09-04T18:16:17Z</time>
   </trkpt>
   <trkpt lat="49.3587650" lon="-123.2674420">
    <ele>13.1</ele>
    <time>2024-09-04T18:16:18Z</time>
   </trkpt>
   <trkpt lat="49.3587470" lon="-123.2673740">
    <ele>13.2</ele>
    <time>2024-09-04T18:16:19Z</time>
   </trkpt>
   <trkpt lat="49.3587300" lon="-123.2673130">
    <ele>13.3</ele>
    <time>2024-09-04T18:16:20Z</time>
   </trkpt>
   <trkpt lat="49.3587010" lon="-123.2672410">
    <ele>13.4</ele>
    <time>2024-09-04T18:16:21Z</time>
   </trkpt>
   <trkpt lat="49.3586770" lon="-123.2671760">
    <ele>13.4</ele>
    <time>2024-09-04T18:16:22Z</time>
   </trkpt>
   <trkpt lat="49.3586430" lon="-123.2671260">
    <ele>13.5</ele>
    <time>2024-09-04T18:16:23Z</time>
   </trkpt>
   <trkpt lat="49.3586150" lon="-123.2670880">
    <ele>13.5</ele>
    <time>2024-09-04T18:16:24Z</time>
   </trkpt>
   <trkpt lat="49.3585710" lon="-123.2670360">
    <ele>13.6</ele>
    <time>2024-09-04T18:16:25Z</time>
   </trkpt>
   <trkpt lat="49.3585280" lon="-123.2669990">
    <ele>13.6</ele>
    <time>2024-09-04T18:16:26Z</time>
   </trkpt>
   <trkpt lat="49.3584850" lon="-123.2669690">
    <ele>13.7</ele>
    <time>2024-09-04T18:16:27Z</time>
   </trkpt>
   <trkpt lat="49.3584420" lon="-123.2669480">
    <ele>13.7</ele>
    <time>2024-09-04T18:16:28Z</time>
   </trkpt>
   <trkpt lat="49.3583900" lon="-123.2669370">
    <ele>13.7</ele>
    <time>2024-09-04T18:16:29Z</time>
   </trkpt>
   <trkpt lat="49.3583390" lon="-123.2669350">
    <ele>13.7</ele>
    <time>2024-09-04T18:16:30Z</time>
   </trkpt>
   <trkpt lat="49.3582940" lon="-123.2669300">
    <ele>13.8</ele>
    <time>2024-09-04T18:16:31Z</time>
   </trkpt>
   <trkpt lat="49.3582450" lon="-123.2669350">
    <ele>13.8</ele>
    <time>2024-09-04T18:16:32Z</time>
   </trkpt>
   <trkpt lat="49.3581960" lon="-123.2669400">
    <ele>13.9</ele>
    <time>2024-09-04T18:16:33Z</time>
   </trkpt>
   <trkpt lat="49.3581460" lon="-123.2669470">
    <ele>13.9</ele>
    <time>2024-09-04T18:16:34Z</time>
   </trkpt>
   <trkpt lat="49.3580960" lon="-123.2669490">
    <ele>14.0</ele>
    <time>2024-09-04T18:16:35Z</time>
   </trkpt>
   <trkpt lat="49.3580470" lon="-123.2669520">
    <ele>14.1</ele>
    <time>2024-09-04T18:16:36Z</time>
   </trkpt>
   <trkpt lat="49.3579950" lon="-123.2669580">
    <ele>14.2</ele>
    <time>2024-09-04T18:16:37Z</time>
   </trkpt>
   <trkpt lat="49.3579460" lon="-123.2669620">
    <ele>14.3</ele>
    <time>2024-09-04T18:16:38Z</time>
   </trkpt>
   <trkpt lat="49.3578950" lon="-123.2669660">
    <ele>14.4</ele>
    <time>2024-09-04T18:16:39Z</time>
   </trkpt>
   <trkpt lat="49.3578480" lon="-123.2669670">
    <ele>14.5</ele>
    <time>2024-09-04T18:16:40Z</time>
   </trkpt>
   <trkpt lat="49.3577960" lon="-123.2669670">
    <ele>14.6</ele>
    <time>2024-09-04T18:16:41Z</time>
   </trkpt>
   <trkpt lat="49.3577490" lon="-123.2669620">
    <ele>14.7</ele>
    <time>2024-09-04T18:16:42Z</time>
   </trkpt>
   <trkpt lat="49.3577010" lon="-123.2669580">
    <ele>14.8</ele>
    <time>2024-09-04T18:16:43Z</time>
   </trkpt>
   <trkpt lat="49.3576530" lon="-123.2669450">
    <ele>14.9</ele>
    <time>2024-09-04T18:16:44Z</time>
   </trkpt>
   <trkpt lat="49.3576060" lon="-123.2669260">
    <ele>15.0</ele>
    <time>2024-09-04T18:16:45Z</time>
   </trkpt>
   <trkpt lat="49.3575600" lon="-123.2668980">
    <ele>15.1</ele>
    <time>2024-09-04T18:16:46Z</time>
   </trkpt>
   <trkpt lat="49.3575190" lon="-123.2668620">
    <ele>15.3</ele>
    <time>2024-09-04T18:16:47Z</time>
   </trkpt>
   <trkpt lat="49.3574750" lon="-123.2668210">
    <ele>15.5</ele>
    <time>2024-09-04T18:16:48Z</time>
   </trkpt>
   <trkpt lat="49.3574390" lon="-123.2667720">
    <ele>15.6</ele>
    <time>2024-09-04T18:16:49Z</time>
   </trkpt>
   <trkpt lat="49.3574070" lon="-123.2667190">
    <ele>15.8</ele>
    <time>2024-09-04T18:16:50Z</time>
   </trkpt>
   <trkpt lat="49.3573810" lon="-123.2666620">
    <ele>15.9</ele>
    <time>2024-09-04T18:16:51Z</time>
   </trkpt>
   <trkpt lat="49.3573540" lon="-123.2665990">
    <ele>16.1</ele>
    <time>2024-09-04T18:16:52Z</time>
   </trkpt>
   <trkpt lat="49.3573340" lon="-123.2665220">
    <ele>16.3</ele>
    <time>2024-09-04T18:16:53Z</time>
   </trkpt>
   <trkpt lat="49.3573100" lon="-123.2664560">
    <ele>16.5</ele>
    <time>2024-09-04T18:16:54Z</time>
   </trkpt>
   <trkpt lat="49.3572880" lon="-123.2663910">
    <ele>16.7</ele>
    <time>2024-09-04T18:16:55Z</time>
   </trkpt>
   <trkpt lat="49.3572670" lon="-123.2663230">
    <ele>17.0</ele>
    <time>2024-09-04T18:16:56Z</time>
   </trkpt>
   <trkpt lat="49.3572510" lon="-123.2662510">
    <ele>17.2</ele>
    <time>2024-09-04T18:16:57Z</time>
   </trkpt>
   <trkpt lat="49.3572290" lon="-123.2661790">
    <ele>17.4</ele>
    <time>2024-09-04T18:16:58Z</time>
   </trkpt>
   <trkpt lat="49.3572090" lon="-123.2661070">
    <ele>17.6</ele>
    <time>2024-09-04T18:16:59Z</time>
   </trkpt>
   <trkpt lat="49.3571890" lon="-123.2660350">
    <ele>17.8</ele>
    <time>2024-09-04T18:17:00Z</time>
   </trkpt>
   <trkpt lat="49.3571690" lon="-123.2659660">
    <ele>18.0</ele>
    <time>2024-09-04T18:17:01Z</time>
   </trkpt>
   <trkpt lat="49.3571490" lon="-123.2658980">
    <ele>18.1</ele>
    <time>2024-09-04T18:17:02Z</time>
   </trkpt>
   <trkpt lat="49.3571390" lon="-123.2658270">
    <ele>18.3</ele>
    <time>2024-09-04T18:17:03Z</time>
   </trkpt>
   <trkpt lat="49.3571190" lon="-123.2657510">
    <ele>18.4</ele>
    <time>2024-09-04T18:17:04Z</time>
   </trkpt>
   <trkpt lat="49.3570940" lon="-123.2656780">
    <ele>18.5</ele>
    <time>2024-09-04T18:17:05Z</time>
   </trkpt>
   <trkpt lat="49.3570690" lon="-123.2656090">
    <ele>18.6</ele>
    <time>2024-09-04T18:17:06Z</time>
   </trkpt>
   <trkpt lat="49.3570460" lon="-123.2655370">
    <ele>18.7</ele>
    <time>2024-09-04T18:17:07Z</time>
   </trkpt>
   <trkpt lat="49.3570230" lon="-123.2654630">
    <ele>18.8</ele>
    <time>2024-09-04T18:17:08Z</time>
   </trkpt>
   <trkpt lat="49.3569990" lon="-123.2653890">
    <ele>19.0</ele>
    <time>2024-09-04T18:17:09Z</time>
   </trkpt>
   <trkpt lat="49.3569730" lon="-123.2653160">
    <ele>19.1</ele>
    <time>2024-09-04T18:17:10Z</time>
   </trkpt>
   <trkpt lat="49.3569480" lon="-123.2652470">
    <ele>19.2</ele>
    <time>2024-09-04T18:17:12Z</time>
   </trkpt>
   <trkpt lat="49.3569230" lon="-123.2651770">
    <ele>19.4</ele>
    <time>2024-09-04T18:17:13Z</time>
   </trkpt>
   <trkpt lat="49.3568950" lon="-123.2651100">
    <ele>19.5</ele>
    <time>2024-09-04T18:17:14Z</time>
   </trkpt>
   <trkpt lat="49.3568780" lon="-123.2650370">
    <ele>19.6</ele>
    <time>2024-09-04T18:17:15Z</time>
   </trkpt>
   <trkpt lat="49.3568600" lon="-123.2649700">
    <ele>19.7</ele>
    <time>2024-09-04T18:17:16Z</time>
   </trkpt>
   <trkpt lat="49.3568360" lon="-123.2648990">
    <ele>19.8</ele>
    <time>2024-09-04T18:17:17Z</time>
   </trkpt>
   <trkpt lat="49.3568110" lon="-123.2648310">
    <ele>19.9</ele>
    <time>2024-09-04T18:17:18Z</time>
   </trkpt>
   <trkpt lat="49.3567840" lon="-123.2647680">
    <ele>20.0</ele>
    <time>2024-09-04T18:17:19Z</time>
   </trkpt>
   <trkpt lat="49.3567590" lon="-123.2647030">
    <ele>20.0</ele>
    <time>2024-09-04T18:17:20Z</time>
   </trkpt>
   <trkpt lat="49.3567340" lon="-123.2646380">
    <ele>20.1</ele>
    <time>2024-09-04T18:17:21Z</time>
   </trkpt>
   <trkpt lat="49.3567100" lon="-123.2645730">
    <ele>20.2</ele>
    <time>2024-09-04T18:17:22Z</time>
   </trkpt>
   <trkpt lat="49.3566870" lon="-123.2645150">
    <ele>20.2</ele>
    <time>2024-09-04T18:17:23Z</time>
   </trkpt>
   <trkpt lat="49.3566640" lon="-123.2644400">
    <ele>20.3</ele>
    <time>2024-09-04T18:17:24Z</time>
   </trkpt>
   <trkpt lat="49.3566370" lon="-123.2643710">
    <ele>20.3</ele>
    <time>2024-09-04T18:17:25Z</time>
   </trkpt>
   <trkpt lat="49.3566100" lon="-123.2643020">
    <ele>20.3</ele>
    <time>2024-09-04T18:17:26Z</time>
   </trkpt>
   <trkpt lat="49.3565880" lon="-123.2642310">
    <ele>20.4</ele>
    <time>2024-09-04T18:17:27Z</time>
   </trkpt>
   <trkpt lat="49.3565650" lon="-123.2641580">
    <ele>20.4</ele>
    <time>2024-09-04T18:17:28Z</time>
   </trkpt>
   <trkpt lat="49.3565370" lon="-123.2640900">
    <ele>20.4</ele>
    <time>2024-09-04T18:17:29Z</time>
   </trkpt>
   <trkpt lat="49.3565120" lon="-123.2640180">
    <ele>20.5</ele>
    <time>2024-09-04T18:17:30Z</time>
   </trkpt>
   <trkpt lat="49.3564920" lon="-123.2639460">
    <ele>20.5</ele>
    <time>2024-09-04T18:17:31Z</time>
   </trkpt>
   <trkpt lat="49.3564700" lon="-123.2638730">
    <ele>20.5</ele>
    <time>2024-09-04T18:17:32Z</time>
   </trkpt>
   <trkpt lat="49.3564420" lon="-123.2638010">
    <ele>20.5</ele>
    <time>2024-09-04T18:17:33Z</time>
   </trkpt>
   <trkpt lat="49.3564240" lon="-123.2637260">
    <ele>20.6</ele>
    <time>2024-09-04T18:17:34Z</time>
   </trkpt>
   <trkpt lat="49.3564010" lon="-123.2636580">
    <ele>20.6</ele>
    <time>2024-09-04T18:17:35Z</time>
   </trkpt>
   <trkpt lat="49.3563770" lon="-123.2635890">
    <ele>20.6</ele>
    <time>2024-09-04T18:17:36Z</time>
   </trkpt>
   <trkpt lat="49.3563510" lon="-123.2635200">
    <ele>20.6</ele>
    <time>2024-09-04T18:17:37Z</time>
   </trkpt>
   <trkpt lat="49.3563310" lon="-123.2634450">
    <ele>20.6</ele>
    <time>2024-09-04T18:17:38Z</time>
   </trkpt>
   <trkpt lat="49.3563140" lon="-123.2633720">
    <ele>20.7</ele>
    <time>2024-09-04T18:17:39Z</time>
   </trkpt>
   <trkpt lat="49.3562870" lon="-123.2632990">
    <ele>20.7</ele>
    <time>2024-09-04T18:17:40Z</time>
   </trkpt>
   <trkpt lat="49.3562550" lon="-123.2632350">
    <ele>20.7</ele>
    <time>2024-09-04T18:17:41Z</time>
   </trkpt>
   <trkpt lat="49.3562250" lon="-123.2631610">
    <ele>20.7</ele>
    <time>2024-09-04T18:17:42Z</time>
   </trkpt>
   <trkpt lat="49.3562010" lon="-123.2630890">
    <ele>20.7</ele>
    <time>2024-09-04T18:17:43Z</time>
   </trkpt>
   <trkpt lat="49.3561730" lon="-123.2630190">
    <ele>20.7</ele>
    <time>2024-09-04T18:17:44Z</time>
   </trkpt>
   <trkpt lat="49.3561380" lon="-123.2629520">
    <ele>20.7</ele>
    <time>2024-09-04T18:17:45Z</time>
   </trkpt>
   <trkpt lat="49.3560940" lon="-123.2628950">
    <ele>20.7</ele>
    <time>2024-09-04T18:17:46Z</time>
   </trkpt>
   <trkpt lat="49.3560500" lon="-123.2628460">
    <ele>20.7</ele>
    <time>2024-09-04T18:17:47Z</time>
   </trkpt>
   <trkpt lat="49.3560030" lon="-123.2628020">
    <ele>20.7</ele>
    <time>2024-09-04T18:17:48Z</time>
   </trkpt>
   <trkpt lat="49.3559520" lon="-123.2627690">
    <ele>20.6</ele>
    <time>2024-09-04T18:17:49Z</time>
   </trkpt>
   <trkpt lat="49.3559000" lon="-123.2627420">
    <ele>20.6</ele>
    <time>2024-09-04T18:17:50Z</time>
   </trkpt>
   <trkpt lat="49.3558450" lon="-123.2627140">
    <ele>20.5</ele>
    <time>2024-09-04T18:17:51Z</time>
   </trkpt>
   <trkpt lat="49.3557890" lon="-123.2627110">
    <ele>20.5</ele>
    <time>2024-09-04T18:17:52Z</time>
   </trkpt>
   <trkpt lat="49.3557260" lon="-123.2627030">
    <ele>20.5</ele>
    <time>2024-09-04T18:17:53Z</time>
   </trkpt>
   <trkpt lat="49.3556150" lon="-123.2627110">
    <ele>20.5</ele>
    <time>2024-09-04T18:17:54Z</time>
   </trkpt>
   <trkpt lat="49.3555570" lon="-123.2627240">
    <ele>20.6</ele>
    <time>2024-09-04T18:17:55Z</time>
   </trkpt>
   <trkpt lat="49.3555030" lon="-123.2627530">
    <ele>20.7</ele>
    <time>2024-09-04T18:17:56Z</time>
   </trkpt>
   <trkpt lat="49.3554530" lon="-123.2627900">
    <ele>20.8</ele>
    <time>2024-09-04T18:17:57Z</time>
   </trkpt>
   <trkpt lat="49.3554030" lon="-123.2628300">
    <ele>21.0</ele>
    <time>2024-09-04T18:17:58Z</time>
   </trkpt>
   <trkpt lat="49.3553600" lon="-123.2628580">
    <ele>21.2</ele>
    <time>2024-09-04T18:17:59Z</time>
   </trkpt>
   <trkpt lat="49.3553170" lon="-123.2628840">
    <ele>21.4</ele>
    <time>2024-09-04T18:18:00Z</time>
   </trkpt>
   <trkpt lat="49.3552690" lon="-123.2629070">
    <ele>21.7</ele>
    <time>2024-09-04T18:18:01Z</time>
   </trkpt>
   <trkpt lat="49.3552270" lon="-123.2629430">
    <ele>22.0</ele>
    <time>2024-09-04T18:18:02Z</time>
   </trkpt>
   <trkpt lat="49.3551850" lon="-123.2629720">
    <ele>22.3</ele>
    <time>2024-09-04T18:18:03Z</time>
   </trkpt>
   <trkpt lat="49.3551430" lon="-123.2630040">
    <ele>22.6</ele>
    <time>2024-09-04T18:18:04Z</time>
   </trkpt>
   <trkpt lat="49.3551080" lon="-123.2630310">
    <ele>22.9</ele>
    <time>2024-09-04T18:18:05Z</time>
   </trkpt>
   <trkpt lat="49.3550660" lon="-123.2630640">
    <ele>23.3</ele>
    <time>2024-09-04T18:18:06Z</time>
   </trkpt>
   <trkpt lat="49.3550250" lon="-123.2630910">
    <ele>23.7</ele>
    <time>2024-09-04T18:18:07Z</time>
   </trkpt>
   <trkpt lat="49.3549880" lon="-123.2631180">
    <ele>24.1</ele>
    <time>2024-09-04T18:18:08Z</time>
   </trkpt>
   <trkpt lat="49.3549450" lon="-123.2631300">
    <ele>24.4</ele>
    <time>2024-09-04T18:18:09Z</time>
   </trkpt>
   <trkpt lat="49.3549070" lon="-123.2631510">
    <ele>24.7</ele>
    <time>2024-09-04T18:18:10Z</time>
   </trkpt>
   <trkpt lat="49.3548690" lon="-123.2631790">
    <ele>25.0</ele>
    <time>2024-09-04T18:18:11Z</time>
   </trkpt>
   <trkpt lat="49.3548290" lon="-123.2631930">
    <ele>25.2</ele>
    <time>2024-09-04T18:18:12Z</time>
   </trkpt>
   <trkpt lat="49.3547870" lon="-123.2632070">
    <ele>25.4</ele>
    <time>2024-09-04T18:18:13Z</time>
   </trkpt>
   <trkpt lat="49.3547490" lon="-123.2632160">
    <ele>25.5</ele>
    <time>2024-09-04T18:18:14Z</time>
   </trkpt>
   <trkpt lat="49.3547110" lon="-123.2632210">
    <ele>25.6</ele>
    <time>2024-09-04T18:18:15Z</time>
   </trkpt>
   <trkpt lat="49.3546720" lon="-123.2632240">
    <ele>25.7</ele>
    <time>2024-09-04T18:18:16Z</time>
   </trkpt>
   <trkpt lat="49.3546330" lon="-123.2632230">
    <ele>25.7</ele>
    <time>2024-09-04T18:18:17Z</time>
   </trkpt>
   <trkpt lat="49.3545920" lon="-123.2632160">
    <ele>25.7</ele>
    <time>2024-09-04T18:18:18Z</time>
   </trkpt>
   <trkpt lat="49.3545520" lon="-123.2632020">
    <ele>25.7</ele>
    <time>2024-09-04T18:18:19Z</time>
   </trkpt>
   <trkpt lat="49.3545110" lon="-123.2631850">
    <ele>25.7</ele>
    <time>2024-09-04T18:18:20Z</time>
   </trkpt>
   <trkpt lat="49.3544660" lon="-123.2631660">
    <ele>25.7</ele>
    <time>2024-09-04T18:18:21Z</time>
   </trkpt>
   <trkpt lat="49.3544230" lon="-123.2631440">
    <ele>25.6</ele>
    <time>2024-09-04T18:18:22Z</time>
   </trkpt>
   <trkpt lat="49.3543810" lon="-123.2631140">
    <ele>25.6</ele>
    <time>2024-09-04T18:18:23Z</time>
   </trkpt>
   <trkpt lat="49.3543420" lon="-123.2630740">
    <ele>25.5</ele>
    <time>2024-09-04T18:18:24Z</time>
   </trkpt>
   <trkpt lat="49.3543050" lon="-123.2630280">
    <ele>25.5</ele>
    <time>2024-09-04T18:18:25Z</time>
   </trkpt>
   <trkpt lat="49.3542620" lon="-123.2629840">
    <ele>25.4</ele>
    <time>2024-09-04T18:18:26Z</time>
   </trkpt>
   <trkpt lat="49.3542230" lon="-123.2629360">
    <ele>25.3</ele>
    <time>2024-09-04T18:18:27Z</time>
   </trkpt>
   <trkpt lat="49.3541780" lon="-123.2628930">
    <ele>25.3</ele>
    <time>2024-09-04T18:18:28Z</time>
   </trkpt>
   <trkpt lat="49.3541300" lon="-123.2628460">
    <ele>25.2</ele>
    <time>2024-09-04T18:18:29Z</time>
   </trkpt>
   <trkpt lat="49.3540850" lon="-123.2627960">
    <ele>25.1</ele>
    <time>2024-09-04T18:18:30Z</time>
   </trkpt>
   <trkpt lat="49.3540430" lon="-123.2627470">
    <ele>25.0</ele>
    <time>2024-09-04T18:18:31Z</time>
   </trkpt>
   <trkpt lat="49.3540040" lon="-123.2626990">
    <ele>24.9</ele>
    <time>2024-09-04T18:18:32Z</time>
   </trkpt>
   <trkpt lat="49.3539540" lon="-123.2626360">
    <ele>24.8</ele>
    <time>2024-09-04T18:18:33Z</time>
   </trkpt>
   <trkpt lat="49.3539070" lon="-123.2625740">
    <ele>24.7</ele>
    <time>2024-09-04T18:18:34Z</time>
   </trkpt>
   <trkpt lat="49.3538670" lon="-123.2625100">
    <ele>24.6</ele>
    <time>2024-09-04T18:18:35Z</time>
   </trkpt>
   <trkpt lat="49.3538250" lon="-123.2624390">
    <ele>24.5</ele>
    <time>2024-09-04T18:18:36Z</time>
   </trkpt>
   <trkpt lat="49.3537870" lon="-123.2623690">
    <ele>24.5</ele>
    <time>2024-09-04T18:18:37Z</time>
   </trkpt>
   <trkpt lat="49.3537550" lon="-123.2622940">
    <ele>24.4</ele>
    <time>2024-09-04T18:18:38Z</time>
   </trkpt>
   <trkpt lat="49.3537270" lon="-123.2622110">
    <ele>24.4</ele>
    <time>2024-09-04T18:18:39Z</time>
   </trkpt>
   <trkpt lat="49.3536970" lon="-123.2621260">
    <ele>24.4</ele>
    <time>2024-09-04T18:18:40Z</time>
   </trkpt>
   <trkpt lat="49.3536780" lon="-123.2620330">
    <ele>24.4</ele>
    <time>2024-09-04T18:18:41Z</time>
   </trkpt>
   <trkpt lat="49.3536580" lon="-123.2619400">
    <ele>24.3</ele>
    <time>2024-09-04T18:18:42Z</time>
   </trkpt>
   <trkpt lat="49.3536330" lon="-123.2618500">
    <ele>24.1</ele>
    <time>2024-09-04T18:18:43Z</time>
   </trkpt>
   <trkpt lat="49.3536060" lon="-123.2617560">
    <ele>24.0</ele>
    <time>2024-09-04T18:18:44Z</time>
   </trkpt>
   <trkpt lat="49.3535850" lon="-123.2616660">
    <ele>23.8</ele>
    <time>2024-09-04T18:18:45Z</time>
   </trkpt>
   <trkpt lat="49.3535620" lon="-123.2615730">
    <ele>23.7</ele>
    <time>2024-09-04T18:18:46Z</time>
   </trkpt>
   <trkpt lat="49.3535380" lon="-123.2614780">
    <ele>23.5</ele>
    <time>2024-09-04T18:18:47Z</time>
   </trkpt>
   <trkpt lat="49.3535120" lon="-123.2613880">
    <ele>23.4</ele>
    <time>2024-09-04T18:18:48Z</time>
   </trkpt>
   <trkpt lat="49.3534830" lon="-123.2612990">
    <ele>23.2</ele>
    <time>2024-09-04T18:18:49Z</time>
   </trkpt>
   <trkpt lat="49.3534490" lon="-123.2612120">
    <ele>23.2</ele>
    <time>2024-09-04T18:18:50Z</time>
   </trkpt>
   <trkpt lat="49.3534210" lon="-123.2611340">
    <ele>23.1</ele>
    <time>2024-09-04T18:18:51Z</time>
   </trkpt>
   <trkpt lat="49.3533750" lon="-123.2610510">
    <ele>23.1</ele>
    <time>2024-09-04T18:18:52Z</time>
   </trkpt>
   <trkpt lat="49.3533330" lon="-123.2609800">
    <ele>23.1</ele>
    <time>2024-09-04T18:18:53Z</time>
   </trkpt>
   <trkpt lat="49.3532860" lon="-123.2609230">
    <ele>23.1</ele>
    <time>2024-09-04T18:18:54Z</time>
   </trkpt>
   <trkpt lat="49.3532390" lon="-123.2608650">
    <ele>23.2</ele>
    <time>2024-09-04T18:18:55Z</time>
   </trkpt>
   <trkpt lat="49.3531880" lon="-123.2608200">
    <ele>23.2</ele>
    <time>2024-09-04T18:18:56Z</time>
   </trkpt>
   <trkpt lat="49.3531340" lon="-123.2607730">
    <ele>23.4</ele>
    <time>2024-09-04T18:18:57Z</time>
   </trkpt>
   <trkpt lat="49.3530830" lon="-123.2607380">
    <ele>23.5</ele>
    <time>2024-09-04T18:18:58Z</time>
   </trkpt>
   <trkpt lat="49.3530250" lon="-123.2607000">
    <ele>23.7</ele>
    <time>2024-09-04T18:18:59Z</time>
   </trkpt>
   <trkpt lat="49.3529630" lon="-123.2606740">
    <ele>23.9</ele>
    <time>2024-09-04T18:19:00Z</time>
   </trkpt>
   <trkpt lat="49.3529050" lon="-123.2606500">
    <ele>24.0</ele>
    <time>2024-09-04T18:19:01Z</time>
   </trkpt>
   <trkpt lat="49.3528540" lon="-123.2606590">
    <ele>24.0</ele>
    <time>2024-09-04T18:19:02Z</time>
   </trkpt>
   <trkpt lat="49.3528050" lon="-123.2606600">
    <ele>24.0</ele>
    <time>2024-09-04T18:19:03Z</time>
   </trkpt>
   <trkpt lat="49.3527590" lon="-123.2606600">
    <ele>24.2</ele>
    <time>2024-09-04T18:19:04Z</time>
   </trkpt>
   <trkpt lat="49.3527130" lon="-123.2606570">
    <ele>24.4</ele>
    <time>2024-09-04T18:19:05Z</time>
   </trkpt>
   <trkpt lat="49.3526640" lon="-123.2606560">
    <ele>24.6</ele>
    <time>2024-09-04T18:19:06Z</time>
   </trkpt>
   <trkpt lat="49.3526160" lon="-123.2606580">
    <ele>24.8</ele>
    <time>2024-09-04T18:19:07Z</time>
   </trkpt>
   <trkpt lat="49.3525710" lon="-123.2606630">
    <ele>25.1</ele>
    <time>2024-09-04T18:19:08Z</time>
   </trkpt>
   <trkpt lat="49.3525250" lon="-123.2606650">
    <ele>25.3</ele>
    <time>2024-09-04T18:19:09Z</time>
   </trkpt>
   <trkpt lat="49.3524800" lon="-123.2606630">
    <ele>25.6</ele>
    <time>2024-09-04T18:19:10Z</time>
   </trkpt>
   <trkpt lat="49.3524350" lon="-123.2606570">
    <ele>25.8</ele>
    <time>2024-09-04T18:19:11Z</time>
   </trkpt>
   <trkpt lat="49.3523940" lon="-123.2606590">
    <ele>26.1</ele>
    <time>2024-09-04T18:19:12Z</time>
   </trkpt>
   <trkpt lat="49.3523540" lon="-123.2606640">
    <ele>26.3</ele>
    <time>2024-09-04T18:19:13Z</time>
   </trkpt>
   <trkpt lat="49.3523130" lon="-123.2606720">
    <ele>26.5</ele>
    <time>2024-09-04T18:19:14Z</time>
   </trkpt>
   <trkpt lat="49.3522710" lon="-123.2606800">
    <ele>26.8</ele>
    <time>2024-09-04T18:19:15Z</time>
   </trkpt>
   <trkpt lat="49.3522310" lon="-123.2606860">
    <ele>27.0</ele>
    <time>2024-09-04T18:19:16Z</time>
   </trkpt>
   <trkpt lat="49.3521930" lon="-123.2606980">
    <ele>27.3</ele>
    <time>2024-09-04T18:19:18Z</time>
   </trkpt>
   <trkpt lat="49.3521570" lon="-123.2607170">
    <ele>27.5</ele>
    <time>2024-09-04T18:19:19Z</time>
   </trkpt>
   <trkpt lat="49.3521210" lon="-123.2607400">
    <ele>27.7</ele>
    <time>2024-09-04T18:19:20Z</time>
   </trkpt>
   <trkpt lat="49.3520820" lon="-123.2607610">
    <ele>28.0</ele>
    <time>2024-09-04T18:19:21Z</time>
   </trkpt>
   <trkpt lat="49.3520460" lon="-123.2607820">
    <ele>28.3</ele>
    <time>2024-09-04T18:19:22Z</time>
   </trkpt>
   <trkpt lat="49.3520190" lon="-123.2608170">
    <ele>28.5</ele>
    <time>2024-09-04T18:19:23Z</time>
   </trkpt>
   <trkpt lat="49.3519880" lon="-123.2608510">
    <ele>28.8</ele>
    <time>2024-09-04T18:19:24Z</time>
   </trkpt>
   <trkpt lat="49.3519600" lon="-123.2608870">
    <ele>29.0</ele>
    <time>2024-09-04T18:19:25Z</time>
   </trkpt>
   <trkpt lat="49.3519350" lon="-123.2609200">
    <ele>29.3</ele>
    <time>2024-09-04T18:19:26Z</time>
   </trkpt>
   <trkpt lat="49.3519080" lon="-123.2609550">
    <ele>29.5</ele>
    <time>2024-09-04T18:19:27Z</time>
   </trkpt>
   <trkpt lat="49.3518840" lon="-123.2609920">
    <ele>29.7</ele>
    <time>2024-09-04T18:19:28Z</time>
   </trkpt>
   <trkpt lat="49.3518590" lon="-123.2610250">
    <ele>30.0</ele>
    <time>2024-09-04T18:19:29Z</time>
   </trkpt>
   <trkpt lat="49.3518390" lon="-123.2610600">
    <ele>30.2</ele>
    <time>2024-09-04T18:19:30Z</time>
   </trkpt>
   <trkpt lat="49.3518170" lon="-123.2610920">
    <ele>30.4</ele>
    <time>2024-09-04T18:19:31Z</time>
   </trkpt>
   <trkpt lat="49.3517960" lon="-123.2611250">
    <ele>30.7</ele>
    <time>2024-09-04T18:19:32Z</time>
   </trkpt>
   <trkpt lat="49.3517810" lon="-123.2611630">
    <ele>30.9</ele>
    <time>2024-09-04T18:19:33Z</time>
   </trkpt>
   <trkpt lat="49.3517630" lon="-123.2611980">
    <ele>31.1</ele>
    <time>2024-09-04T18:19:34Z</time>
   </trkpt>
   <trkpt lat="49.3517480" lon="-123.2612350">
    <ele>31.3</ele>
    <time>2024-09-04T18:19:35Z</time>
   </trkpt>
   <trkpt lat="49.3517330" lon="-123.2612770">
    <ele>31.5</ele>
    <time>2024-09-04T18:19:36Z</time>
   </trkpt>
   <trkpt lat="49.3517140" lon="-123.2613070">
    <ele>31.7</ele>
    <time>2024-09-04T18:19:37Z</time>
   </trkpt>
   <trkpt lat="49.3517010" lon="-123.2613460">
    <ele>31.9</ele>
    <time>2024-09-04T18:19:38Z</time>
   </trkpt>
   <trkpt lat="49.3517000" lon="-123.2613980">
    <ele>32.1</ele>
    <time>2024-09-04T18:19:39Z</time>
   </trkpt>
   <trkpt lat="49.3517040" lon="-123.2614460">
    <ele>32.3</ele>
    <time>2024-09-04T18:19:40Z</time>
   </trkpt>
   <trkpt lat="49.3517070" lon="-123.2614910">
    <ele>32.5</ele>
    <time>2024-09-04T18:19:41Z</time>
   </trkpt>
   <trkpt lat="49.3517190" lon="-123.2615370">
    <ele>32.7</ele>
    <time>2024-09-04T18:19:42Z</time>
   </trkpt>
   <trkpt lat="49.3517280" lon="-123.2615860">
    <ele>32.9</ele>
    <time>2024-09-04T18:19:43Z</time>
   </trkpt>
   <trkpt lat="49.3517350" lon="-123.2616280">
    <ele>33.0</ele>
    <time>2024-09-04T18:19:44Z</time>
   </trkpt>
   <trkpt lat="49.3517460" lon="-123.2616670">
    <ele>33.2</ele>
    <time>2024-09-04T18:19:45Z</time>
   </trkpt>
   <trkpt lat="49.3517600" lon="-123.2617050">
    <ele>33.3</ele>
    <time>2024-09-04T18:19:46Z</time>
   </trkpt>
   <trkpt lat="49.3517770" lon="-123.2617440">
    <ele>33.5</ele>
    <time>2024-09-04T18:19:47Z</time>
   </trkpt>
   <trkpt lat="49.3517890" lon="-123.2617850">
    <ele>33.7</ele>
    <time>2024-09-04T18:19:48Z</time>
   </trkpt>
   <trkpt lat="49.3518040" lon="-123.2618210">
    <ele>33.8</ele>
    <time>2024-09-04T18:19:49Z</time>
   </trkpt>
   <trkpt lat="49.3518160" lon="-123.2618640">
    <ele>34.0</ele>
    <time>2024-09-04T18:19:50Z</time>
   </trkpt>
   <trkpt lat="49.3518300" lon="-123.2619000">
    <ele>34.2</ele>
    <time>2024-09-04T18:19:51Z</time>
   </trkpt>
   <trkpt lat="49.3518400" lon="-123.2619390">
    <ele>34.3</ele>
    <time>2024-09-04T18:19:52Z</time>
   </trkpt>
   <trkpt lat="49.3518550" lon="-123.2619770">
    <ele>34.5</ele>
    <time>2024-09-04T18:19:53Z</time>
   </trkpt>
   <trkpt lat="49.3518710" lon="-123.2620210">
    <ele>34.7</ele>
    <time>2024-09-04T18:19:54Z</time>
   </trkpt>
   <trkpt lat="49.3518990" lon="-123.2620880">
    <ele>35.0</ele>
    <time>2024-09-04T18:19:55Z</time>
   </trkpt>
   <trkpt lat="49.3519140" lon="-123.2621250">
    <ele>35.1</ele>
    <time>2024-09-04T18:19:56Z</time>
   </trkpt>
   <trkpt lat="49.3519290" lon="-123.2621610">
    <ele>35.3</ele>
    <time>2024-09-04T18:19:57Z</time>
   </trkpt>
   <trkpt lat="49.3519440" lon="-123.2622000">
    <ele>35.4</ele>
    <time>2024-09-04T18:19:58Z</time>
   </trkpt>
   <trkpt lat="49.3519570" lon="-123.2622390">
    <ele>35.6</ele>
    <time>2024-09-04T18:19:59Z</time>
   </trkpt>
   <trkpt lat="49.3519700" lon="-123.2622820">
    <ele>35.7</ele>
    <time>2024-09-04T18:20:00Z</time>
   </trkpt>
   <trkpt lat="49.3519910" lon="-123.2623380">
    <ele>35.9</ele>
    <time>2024-09-04T18:20:01Z</time>
   </trkpt>
   <trkpt lat="49.3519990" lon="-123.2623590">
    <ele>36.0</ele>
    <time>2024-09-04T18:20:02Z</time>
   </trkpt>
   <trkpt lat="49.3520240" lon="-123.2624110">
    <ele>36.3</ele>
    <time>2024-09-04T18:20:03Z</time>
   </trkpt>
   <trkpt lat="49.3520370" lon="-123.2624280">
    <ele>36.4</ele>
    <time>2024-09-04T18:20:04Z</time>
   </trkpt>
   <trkpt lat="49.3520440" lon="-123.2624690">
    <ele>36.6</ele>
    <time>2024-09-04T18:20:05Z</time>
   </trkpt>
   <trkpt lat="49.3520740" lon="-123.2624870">
    <ele>36.8</ele>
    <time>2024-09-04T18:20:06Z</time>
   </trkpt>
   <trkpt lat="49.3520750" lon="-123.2625370">
    <ele>37.0</ele>
    <time>2024-09-04T18:20:07Z</time>
   </trkpt>
   <trkpt lat="49.3520920" lon="-123.2625750">
    <ele>37.2</ele>
    <time>2024-09-04T18:20:08Z</time>
   </trkpt>
   <trkpt lat="49.3521120" lon="-123.2626090">
    <ele>37.4</ele>
    <time>2024-09-04T18:20:09Z</time>
   </trkpt>
   <trkpt lat="49.3521250" lon="-123.2626500">
    <ele>37.6</ele>
    <time>2024-09-04T18:20:10Z</time>
   </trkpt>
   <trkpt lat="49.3521440" lon="-123.2626820">
    <ele>37.7</ele>
    <time>2024-09-04T18:20:11Z</time>
   </trkpt>
   <trkpt lat="49.3521610" lon="-123.2627380">
    <ele>38.0</ele>
    <time>2024-09-04T18:20:12Z</time>
   </trkpt>
   <trkpt lat="49.3521660" lon="-123.2627610">
    <ele>38.1</ele>
    <time>2024-09-04T18:20:13Z</time>
   </trkpt>
   <trkpt lat="49.3521900" lon="-123.2628110">
    <ele>38.4</ele>
    <time>2024-09-04T18:20:14Z</time>
   </trkpt>
   <trkpt lat="49.3521990" lon="-123.2628300">
    <ele>38.5</ele>
    <time>2024-09-04T18:20:15Z</time>
   </trkpt>
   <trkpt lat="49.3522200" lon="-123.2628830">
    <ele>38.8</ele>
    <time>2024-09-04T18:20:16Z</time>
   </trkpt>
   <trkpt lat="49.3522260" lon="-123.2629050">
    <ele>38.9</ele>
    <time>2024-09-04T18:20:17Z</time>
   </trkpt>
   <trkpt lat="49.3522430" lon="-123.2629400">
    <ele>39.1</ele>
    <time>2024-09-04T18:20:18Z</time>
   </trkpt>
   <trkpt lat="49.3522520" lon="-123.2629810">
    <ele>39.3</ele>
    <time>2024-09-04T18:20:19Z</time>
   </trkpt>
   <trkpt lat="49.3522710" lon="-123.2630320">
    <ele>39.6</ele>
    <time>2024-09-04T18:20:20Z</time>
   </trkpt>
   <trkpt lat="49.3522770" lon="-123.2630500">
    <ele>39.7</ele>
    <time>2024-09-04T18:20:21Z</time>
   </trkpt>
   <trkpt lat="49.3522890" lon="-123.2630870">
    <ele>39.9</ele>
    <time>2024-09-04T18:20:22Z</time>
   </trkpt>
   <trkpt lat="49.3523070" lon="-123.2631340">
    <ele>40.2</ele>
    <time>2024-09-04T18:20:23Z</time>
   </trkpt>
   <trkpt lat="49.3523140" lon="-123.2631530">
    <ele>40.3</ele>
    <time>2024-09-04T18:20:24Z</time>
   </trkpt>
   <trkpt lat="49.3523310" lon="-123.2632030">
    <ele>40.6</ele>
    <time>2024-09-04T18:20:25Z</time>
   </trkpt>
   <trkpt lat="49.3523380" lon="-123.2632170">
    <ele>40.7</ele>
    <time>2024-09-04T18:20:26Z</time>
   </trkpt>
   <trkpt lat="49.3523580" lon="-123.2632680">
    <ele>41.0</ele>
    <time>2024-09-04T18:20:27Z</time>
   </trkpt>
   <trkpt lat="49.3523670" lon="-123.2632880">
    <ele>41.1</ele>
    <time>2024-09-04T18:20:28Z</time>
   </trkpt>
   <trkpt lat="49.3523820" lon="-123.2633400">
    <ele>41.4</ele>
    <time>2024-09-04T18:20:29Z</time>
   </trkpt>
   <trkpt lat="49.3523870" lon="-123.2633550">
    <ele>41.5</ele>
    <time>2024-09-04T18:20:30Z</time>
   </trkpt>
   <trkpt lat="49.3524040" lon="-123.2634070">
    <ele>41.8</ele>
    <time>2024-09-04T18:20:31Z</time>
   </trkpt>
   <trkpt lat="49.3524100" lon="-123.2634250">
    <ele>42.0</ele>
    <time>2024-09-04T18:20:32Z</time>
   </trkpt>
   <trkpt lat="49.3524230" lon="-123.2634600">
    <ele>42.2</ele>
    <time>2024-09-04T18:20:33Z</time>
   </trkpt>
   <trkpt lat="49.3524380" lon="-123.2635150">
    <ele>42.5</ele>
    <time>2024-09-04T18:20:34Z</time>
   </trkpt>
   <trkpt lat="49.3524430" lon="-123.2635340">
    <ele>42.6</ele>
    <time>2024-09-04T18:20:35Z</time>
   </trkpt>
   <trkpt lat="49.3524550" lon="-123.2635860">
    <ele>42.9</ele>
    <time>2024-09-04T18:20:36Z</time>
   </trkpt>
   <trkpt lat="49.3524560" lon="-123.2636040">
    <ele>43.0</ele>
    <time>2024-09-04T18:20:37Z</time>
   </trkpt>
   <trkpt lat="49.3524610" lon="-123.2636580">
    <ele>43.3</ele>
    <time>2024-09-04T18:20:38Z</time>
   </trkpt>
   <trkpt lat="49.3524610" lon="-123.2636770">
    <ele>43.4</ele>
    <time>2024-09-04T18:20:39Z</time>
   </trkpt>
   <trkpt lat="49.3524660" lon="-123.2637290">
    <ele>43.7</ele>
    <time>2024-09-04T18:20:40Z</time>
   </trkpt>
   <trkpt lat="49.3524660" lon="-123.2637460">
    <ele>43.8</ele>
    <time>2024-09-04T18:20:41Z</time>
   </trkpt>
   <trkpt lat="49.3524640" lon="-123.2637980">
    <ele>44.0</ele>
    <time>2024-09-04T18:20:42Z</time>
   </trkpt>
   <trkpt lat="49.3524630" lon="-123.2638170">
    <ele>44.1</ele>
    <time>2024-09-04T18:20:43Z</time>
   </trkpt>
   <trkpt lat="49.3524570" lon="-123.2638700">
    <ele>44.4</ele>
    <time>2024-09-04T18:20:44Z</time>
   </trkpt>
   <trkpt lat="49.3524550" lon="-123.2638860">
    <ele>44.5</ele>
    <time>2024-09-04T18:20:45Z</time>
   </trkpt>
   <trkpt lat="49.3524480" lon="-123.2639380">
    <ele>44.7</ele>
    <time>2024-09-04T18:20:46Z</time>
   </trkpt>
   <trkpt lat="49.3524460" lon="-123.2639560">
    <ele>44.8</ele>
    <time>2024-09-04T18:20:47Z</time>
   </trkpt>
   <trkpt lat="49.3524330" lon="-123.2639930">
    <ele>45.0</ele>
    <time>2024-09-04T18:20:48Z</time>
   </trkpt>
   <trkpt lat="49.3524270" lon="-123.2640070">
    <ele>45.1</ele>
    <time>2024-09-04T18:20:49Z</time>
   </trkpt>
   <trkpt lat="49.3524110" lon="-123.2640510">
    <ele>45.3</ele>
    <time>2024-09-04T18:20:50Z</time>
   </trkpt>
   <trkpt lat="49.3524080" lon="-123.2640650">
    <ele>45.4</ele>
    <time>2024-09-04T18:20:51Z</time>
   </trkpt>
   <trkpt lat="49.3523920" lon="-123.2641120">
    <ele>45.6</ele>
    <time>2024-09-04T18:20:52Z</time>
   </trkpt>
   <trkpt lat="49.3523850" lon="-123.2641290">
    <ele>45.7</ele>
    <time>2024-09-04T18:20:53Z</time>
   </trkpt>
   <trkpt lat="49.3523640" lon="-123.2641730">
    <ele>45.9</ele>
    <time>2024-09-04T18:20:54Z</time>
   </trkpt>
   <trkpt lat="49.3523580" lon="-123.2641890">
    <ele>46.0</ele>
    <time>2024-09-04T18:20:55Z</time>
   </trkpt>
   <trkpt lat="49.3523350" lon="-123.2642370">
    <ele>46.3</ele>
    <time>2024-09-04T18:20:56Z</time>
   </trkpt>
   <trkpt lat="49.3523270" lon="-123.2642520">
    <ele>46.3</ele>
    <time>2024-09-04T18:20:57Z</time>
   </trkpt>
   <trkpt lat="49.3523070" lon="-123.2643000">
    <ele>46.6</ele>
    <time>2024-09-04T18:20:58Z</time>
   </trkpt>
   <trkpt lat="49.3523000" lon="-123.2643150">
    <ele>46.6</ele>
    <time>2024-09-04T18:20:59Z</time>
   </trkpt>
   <trkpt lat="49.3522840" lon="-123.2643670">
    <ele>46.9</ele>
    <time>2024-09-04T18:21:00Z</time>
   </trkpt>
   <trkpt lat="49.3522780" lon="-123.2643820">
    <ele>46.9</ele>
    <time>2024-09-04T18:21:01Z</time>
   </trkpt>
   <trkpt lat="49.3522590" lon="-123.2644330">
    <ele>47.1</ele>
    <time>2024-09-04T18:21:02Z</time>
   </trkpt>
   <trkpt lat="49.3522520" lon="-123.2644490">
    <ele>47.2</ele>
    <time>2024-09-04T18:21:03Z</time>
   </trkpt>
   <trkpt lat="49.3522340" lon="-123.2644950">
    <ele>47.4</ele>
    <time>2024-09-04T18:21:04Z</time>
   </trkpt>
   <trkpt lat="49.3522280" lon="-123.2645120">
    <ele>47.5</ele>
    <time>2024-09-04T18:21:05Z</time>
   </trkpt>
   <trkpt lat="49.3522170" lon="-123.2645510">
    <ele>47.6</ele>
    <time>2024-09-04T18:21:06Z</time>
   </trkpt>
   <trkpt lat="49.3522000" lon="-123.2645930">
    <ele>47.8</ele>
    <time>2024-09-04T18:21:07Z</time>
   </trkpt>
   <trkpt lat="49.3521950" lon="-123.2646070">
    <ele>47.8</ele>
    <time>2024-09-04T18:21:08Z</time>
   </trkpt>
   <trkpt lat="49.3521800" lon="-123.2646610">
    <ele>48.1</ele>
    <time>2024-09-04T18:21:09Z</time>
   </trkpt>
   <trkpt lat="49.3521730" lon="-123.2646800">
    <ele>48.1</ele>
    <time>2024-09-04T18:21:10Z</time>
   </trkpt>
   <trkpt lat="49.3521640" lon="-123.2647210">
    <ele>48.3</ele>
    <time>2024-09-04T18:21:11Z</time>
   </trkpt>
   <trkpt lat="49.3521560" lon="-123.2647760">
    <ele>48.5</ele>
    <time>2024-09-04T18:21:12Z</time>
   </trkpt>
   <trkpt lat="49.3521540" lon="-123.2647950">
    <ele>48.6</ele>
    <time>2024-09-04T18:21:13Z</time>
   </trkpt>
   <trkpt lat="49.3521470" lon="-123.2648470">
    <ele>48.8</ele>
    <time>2024-09-04T18:21:14Z</time>
   </trkpt>
   <trkpt lat="49.3521440" lon="-123.2648670">
    <ele>48.8</ele>
    <time>2024-09-04T18:21:15Z</time>
   </trkpt>
   <trkpt lat="49.3521310" lon="-123.2649130">
    <ele>49.0</ele>
    <time>2024-09-04T18:21:16Z</time>
   </trkpt>
   <trkpt lat="49.3521290" lon="-123.2649300">
    <ele>49.1</ele>
    <time>2024-09-04T18:21:17Z</time>
   </trkpt>
   <trkpt lat="49.3521410" lon="-123.2649890">
    <ele>49.4</ele>
    <time>2024-09-04T18:21:18Z</time>
   </trkpt>
   <trkpt lat="49.3521440" lon="-123.2650090">
    <ele>49.5</ele>
    <time>2024-09-04T18:21:19Z</time>
   </trkpt>
   <trkpt lat="49.3521410" lon="-123.2650550">
    <ele>49.7</ele>
    <time>2024-09-04T18:21:20Z</time>
   </trkpt>
   <trkpt lat="49.3521400" lon="-123.2650720">
    <ele>49.7</ele>
    <time>2024-09-04T18:21:21Z</time>
   </trkpt>
   <trkpt lat="49.3521390" lon="-123.2651110">
    <ele>49.9</ele>
    <time>2024-09-04T18:21:22Z</time>
   </trkpt>
   <trkpt lat="49.3521400" lon="-123.2651490">
    <ele>50.1</ele>
    <time>2024-09-04T18:21:24Z</time>
   </trkpt>
   <trkpt lat="49.3521360" lon="-123.2652030">
    <ele>50.3</ele>
    <time>2024-09-04T18:21:25Z</time>
   </trkpt>
   <trkpt lat="49.3521330" lon="-123.2652190">
    <ele>50.4</ele>
    <time>2024-09-04T18:21:26Z</time>
   </trkpt>
   <trkpt lat="49.3521320" lon="-123.2652770">
    <ele>50.7</ele>
    <time>2024-09-04T18:21:27Z</time>
   </trkpt>
   <trkpt lat="49.3521310" lon="-123.2652960">
    <ele>50.8</ele>
    <time>2024-09-04T18:21:28Z</time>
   </trkpt>
   <trkpt lat="49.3521220" lon="-123.2653450">
    <ele>51.0</ele>
    <time>2024-09-04T18:21:29Z</time>
   </trkpt>
   <trkpt lat="49.3521190" lon="-123.2653630">
    <ele>51.1</ele>
    <time>2024-09-04T18:21:30Z</time>
   </trkpt>
   <trkpt lat="49.3521100" lon="-123.2654040">
    <ele>51.3</ele>
    <time>2024-09-04T18:21:31Z</time>
   </trkpt>
   <trkpt lat="49.3520980" lon="-123.2654600">
    <ele>51.5</ele>
    <time>2024-09-04T18:21:32Z</time>
   </trkpt>
   <trkpt lat="49.3520930" lon="-123.2654770">
    <ele>51.6</ele>
    <time>2024-09-04T18:21:33Z</time>
   </trkpt>
   <trkpt lat="49.3520750" lon="-123.2655300">
    <ele>51.9</ele>
    <time>2024-09-04T18:21:34Z</time>
   </trkpt>
   <trkpt lat="49.3520690" lon="-123.2655490">
    <ele>52.0</ele>
    <time>2024-09-04T18:21:35Z</time>
   </trkpt>
   <trkpt lat="49.3520490" lon="-123.2655920">
    <ele>52.2</ele>
    <time>2024-09-04T18:21:36Z</time>
   </trkpt>
   <trkpt lat="49.3520430" lon="-123.2656040">
    <ele>52.3</ele>
    <time>2024-09-04T18:21:37Z</time>
   </trkpt>
   <trkpt lat="49.3520200" lon="-123.2656430">
    <ele>52.5</ele>
    <time>2024-09-04T18:21:38Z</time>
   </trkpt>
   <trkpt lat="49.3520110" lon="-123.2656550">
    <ele>52.6</ele>
    <time>2024-09-04T18:21:39Z</time>
   </trkpt>
   <trkpt lat="49.3519830" lon="-123.2656840">
    <ele>52.8</ele>
    <time>2024-09-04T18:21:40Z</time>
   </trkpt>
   <trkpt lat="49.3519740" lon="-123.2656950">
    <ele>52.9</ele>
    <time>2024-09-04T18:21:41Z</time>
   </trkpt>
   <trkpt lat="49.3519420" lon="-123.2657300">
    <ele>53.2</ele>
    <time>2024-09-04T18:21:42Z</time>
   </trkpt>
   <trkpt lat="49.3519320" lon="-123.2657440">
    <ele>53.2</ele>
    <time>2024-09-04T18:21:43Z</time>
   </trkpt>
   <trkpt lat="49.3519020" lon="-123.2657790">
    <ele>53.5</ele>
    <time>2024-09-04T18:21:44Z</time>
   </trkpt>
   <trkpt lat="49.3518930" lon="-123.2657890">
    <ele>53.5</ele>
    <time>2024-09-04T18:21:45Z</time>
   </trkpt>
   <trkpt lat="49.3518650" lon="-123.2658290">
    <ele>53.7</ele>
    <time>2024-09-04T18:21:46Z</time>
   </trkpt>
   <trkpt lat="49.3518540" lon="-123.2658380">
    <ele>53.8</ele>
    <time>2024-09-04T18:21:47Z</time>
   </trkpt>
   <trkpt lat="49.3518210" lon="-123.2658660">
    <ele>54.0</ele>
    <time>2024-09-04T18:21:48Z</time>
   </trkpt>
   <trkpt lat="49.3518100" lon="-123.2658780">
    <ele>54.1</ele>
    <time>2024-09-04T18:21:49Z</time>
   </trkpt>
   <trkpt lat="49.3517880" lon="-123.2659040">
    <ele>54.2</ele>
    <time>2024-09-04T18:21:50Z</time>
   </trkpt>
   <trkpt lat="49.3517550" lon="-123.2659370">
    <ele>54.4</ele>
    <time>2024-09-04T18:21:51Z</time>
   </trkpt>
   <trkpt lat="49.3517440" lon="-123.2659480">
    <ele>54.5</ele>
    <time>2024-09-04T18:21:52Z</time>
   </trkpt>
   <trkpt lat="49.3517250" lon="-123.2659780">
    <ele>54.6</ele>
    <time>2024-09-04T18:21:53Z</time>
   </trkpt>
   <trkpt lat="49.3516920" lon="-123.2660060">
    <ele>54.8</ele>
    <time>2024-09-04T18:21:54Z</time>
   </trkpt>
   <trkpt lat="49.3516820" lon="-123.2660170">
    <ele>54.9</ele>
    <time>2024-09-04T18:21:55Z</time>
   </trkpt>
   <trkpt lat="49.3516480" lon="-123.2660460">
    <ele>55.1</ele>
    <time>2024-09-04T18:21:56Z</time>
   </trkpt>
   <trkpt lat="49.3516360" lon="-123.2660530">
    <ele>55.2</ele>
    <time>2024-09-04T18:21:57Z</time>
   </trkpt>
   <trkpt lat="49.3515970" lon="-123.2660660">
    <ele>55.4</ele>
    <time>2024-09-04T18:21:58Z</time>
   </trkpt>
   <trkpt lat="49.3515840" lon="-123.2660700">
    <ele>55.4</ele>
    <time>2024-09-04T18:21:59Z</time>
   </trkpt>
   <trkpt lat="49.3515570" lon="-123.2660840">
    <ele>55.6</ele>
    <time>2024-09-04T18:22:00Z</time>
   </trkpt>
   <trkpt lat="49.3515300" lon="-123.2660950">
    <ele>55.8</ele>
    <time>2024-09-04T18:22:01Z</time>
   </trkpt>
   <trkpt lat="49.3515030" lon="-123.2661120">
    <ele>55.9</ele>
    <time>2024-09-04T18:22:02Z</time>
   </trkpt>
   <trkpt lat="49.3514420" lon="-123.2661270">
    <ele>56.2</ele>
    <time>2024-09-04T18:22:03Z</time>
   </trkpt>
   <trkpt lat="49.3514170" lon="-123.2661520">
    <ele>56.4</ele>
    <time>2024-09-04T18:22:04Z</time>
   </trkpt>
   <trkpt lat="49.3513880" lon="-123.2661620">
    <ele>56.5</ele>
    <time>2024-09-04T18:22:05Z</time>
   </trkpt>
   <trkpt lat="49.3513590" lon="-123.2661690">
    <ele>56.7</ele>
    <time>2024-09-04T18:22:06Z</time>
   </trkpt>
   <trkpt lat="49.3513300" lon="-123.2661720">
    <ele>56.8</ele>
    <time>2024-09-04T18:22:07Z</time>
   </trkpt>
   <trkpt lat="49.3513020" lon="-123.2661810">
    <ele>56.9</ele>
    <time>2024-09-04T18:22:08Z</time>
   </trkpt>
   <trkpt lat="49.3512750" lon="-123.2661910">
    <ele>57.0</ele>
    <time>2024-09-04T18:22:09Z</time>
   </trkpt>
   <trkpt lat="49.3512460" lon="-123.2662050">
    <ele>57.2</ele>
    <time>2024-09-04T18:22:10Z</time>
   </trkpt>
   <trkpt lat="49.3512190" lon="-123.2662160">
    <ele>57.2</ele>
    <time>2024-09-04T18:22:11Z</time>
   </trkpt>
   <trkpt lat="49.3511910" lon="-123.2662280">
    <ele>57.2</ele>
    <time>2024-09-04T18:22:12Z</time>
   </trkpt>
   <trkpt lat="49.3511510" lon="-123.2662450">
    <ele>57.2</ele>
    <time>2024-09-04T18:22:13Z</time>
   </trkpt>
   <trkpt lat="49.3511370" lon="-123.2662500">
    <ele>57.2</ele>
    <time>2024-09-04T18:22:14Z</time>
   </trkpt>
   <trkpt lat="49.3511090" lon="-123.2662620">
    <ele>57.2</ele>
    <time>2024-09-04T18:22:15Z</time>
   </trkpt>
   <trkpt lat="49.3510940" lon="-123.2662690">
    <ele>57.2</ele>
    <time>2024-09-04T18:22:16Z</time>
   </trkpt>
   <trkpt lat="49.3510490" lon="-123.2662930">
    <ele>57.1</ele>
    <time>2024-09-04T18:22:17Z</time>
   </trkpt>
   <trkpt lat="49.3510230" lon="-123.2663050">
    <ele>57.1</ele>
    <time>2024-09-04T18:22:18Z</time>
   </trkpt>
   <trkpt lat="49.3509730" lon="-123.2663210">
    <ele>57.0</ele>
    <time>2024-09-04T18:22:19Z</time>
   </trkpt>
   <trkpt lat="49.3509460" lon="-123.2663240">
    <ele>56.9</ele>
    <time>2024-09-04T18:22:20Z</time>
   </trkpt>
   <trkpt lat="49.3509150" lon="-123.2663400">
    <ele>56.8</ele>
    <time>2024-09-04T18:22:21Z</time>
   </trkpt>
   <trkpt lat="49.3508790" lon="-123.2663580">
    <ele>56.7</ele>
    <time>2024-09-04T18:22:22Z</time>
   </trkpt>
   <trkpt lat="49.3508400" lon="-123.2663650">
    <ele>56.6</ele>
    <time>2024-09-04T18:22:23Z</time>
   </trkpt>
   <trkpt lat="49.3507970" lon="-123.2663680">
    <ele>56.5</ele>
    <time>2024-09-04T18:22:24Z</time>
   </trkpt>
   <trkpt lat="49.3507520" lon="-123.2663690">
    <ele>56.3</ele>
    <time>2024-09-04T18:22:25Z</time>
   </trkpt>
   <trkpt lat="49.3507080" lon="-123.2663720">
    <ele>56.2</ele>
    <time>2024-09-04T18:22:26Z</time>
   </trkpt>
   <trkpt lat="49.3506630" lon="-123.2663820">
    <ele>56.1</ele>
    <time>2024-09-04T18:22:27Z</time>
   </trkpt>
   <trkpt lat="49.3506190" lon="-123.2663900">
    <ele>56.1</ele>
    <time>2024-09-04T18:22:28Z</time>
   </trkpt>
   <trkpt lat="49.3505770" lon="-123.2663960">
    <ele>56.0</ele>
    <time>2024-09-04T18:22:29Z</time>
   </trkpt>
   <trkpt lat="49.3505320" lon="-123.2663960">
    <ele>56.0</ele>
    <time>2024-09-04T18:22:30Z</time>
   </trkpt>
   <trkpt lat="49.3504840" lon="-123.2663940">
    <ele>55.9</ele>
    <time>2024-09-04T18:22:31Z</time>
   </trkpt>
   <trkpt lat="49.3504320" lon="-123.2663820">
    <ele>55.9</ele>
    <time>2024-09-04T18:22:32Z</time>
   </trkpt>
   <trkpt lat="49.3503850" lon="-123.2663740">
    <ele>55.9</ele>
    <time>2024-09-04T18:22:33Z</time>
   </trkpt>
   <trkpt lat="49.3503450" lon="-123.2663860">
    <ele>55.9</ele>
    <time>2024-09-04T18:22:34Z</time>
   </trkpt>
   <trkpt lat="49.3503010" lon="-123.2663840">
    <ele>56.0</ele>
    <time>2024-09-04T18:22:35Z</time>
   </trkpt>
   <trkpt lat="49.3502560" lon="-123.2663780">
    <ele>56.0</ele>
    <time>2024-09-04T18:22:36Z</time>
   </trkpt>
   <trkpt lat="49.3502110" lon="-123.2663720">
    <ele>56.0</ele>
    <time>2024-09-04T18:22:37Z</time>
   </trkpt>
   <trkpt lat="49.3501700" lon="-123.2663590">
    <ele>56.1</ele>
    <time>2024-09-04T18:22:38Z</time>
   </trkpt>
   <trkpt lat="49.3501270" lon="-123.2663530">
    <ele>56.1</ele>
    <time>2024-09-04T18:22:39Z</time>
   </trkpt>
   <trkpt lat="49.3500830" lon="-123.2663540">
    <ele>56.1</ele>
    <time>2024-09-04T18:22:40Z</time>
   </trkpt>
   <trkpt lat="49.3500290" lon="-123.2663670">
    <ele>56.2</ele>
    <time>2024-09-04T18:22:41Z</time>
   </trkpt>
   <trkpt lat="49.3499860" lon="-123.2663650">
    <ele>56.3</ele>
    <time>2024-09-04T18:22:42Z</time>
   </trkpt>
   <trkpt lat="49.3499390" lon="-123.2663730">
    <ele>56.3</ele>
    <time>2024-09-04T18:22:43Z</time>
   </trkpt>
   <trkpt lat="49.3499020" lon="-123.2663710">
    <ele>56.4</ele>
    <time>2024-09-04T18:22:44Z</time>
   </trkpt>
   <trkpt lat="49.3498540" lon="-123.2663780">
    <ele>56.4</ele>
    <time>2024-09-04T18:22:45Z</time>
   </trkpt>
   <trkpt lat="49.3498140" lon="-123.2663850">
    <ele>56.4</ele>
    <time>2024-09-04T18:22:46Z</time>
   </trkpt>
   <trkpt lat="49.3497620" lon="-123.2663950">
    <ele>56.4</ele>
    <time>2024-09-04T18:22:47Z</time>
   </trkpt>
   <trkpt lat="49.3497190" lon="-123.2664080">
    <ele>56.4</ele>
    <time>2024-09-04T18:22:48Z</time>
   </trkpt>
   <trkpt lat="49.3496700" lon="-123.2664290">
    <ele>56.4</ele>
    <time>2024-09-04T18:22:49Z</time>
   </trkpt>
   <trkpt lat="49.3496180" lon="-123.2664450">
    <ele>56.4</ele>
    <time>2024-09-04T18:22:50Z</time>
   </trkpt>
   <trkpt lat="49.3495680" lon="-123.2664660">
    <ele>56.3</ele>
    <time>2024-09-04T18:22:51Z</time>
   </trkpt>
   <trkpt lat="49.3495170" lon="-123.2664910">
    <ele>56.3</ele>
    <time>2024-09-04T18:22:52Z</time>
   </trkpt>
   <trkpt lat="49.3494650" lon="-123.2665280">
    <ele>56.3</ele>
    <time>2024-09-04T18:22:53Z</time>
   </trkpt>
   <trkpt lat="49.3494170" lon="-123.2665670">
    <ele>56.3</ele>
    <time>2024-09-04T18:22:54Z</time>
   </trkpt>
   <trkpt lat="49.3493690" lon="-123.2666080">
    <ele>56.3</ele>
    <time>2024-09-04T18:22:55Z</time>
   </trkpt>
   <trkpt lat="49.3493220" lon="-123.2666560">
    <ele>56.3</ele>
    <time>2024-09-04T18:22:56Z</time>
   </trkpt>
   <trkpt lat="49.3492780" lon="-123.2666960">
    <ele>56.3</ele>
    <time>2024-09-04T18:22:57Z</time>
   </trkpt>
   <trkpt lat="49.3492280" lon="-123.2667430">
    <ele>56.3</ele>
    <time>2024-09-04T18:22:58Z</time>
   </trkpt>
   <trkpt lat="49.3491830" lon="-123.2667950">
    <ele>56.4</ele>
    <time>2024-09-04T18:22:59Z</time>
   </trkpt>
   <trkpt lat="49.3491390" lon="-123.2668440">
    <ele>56.5</ele>
    <time>2024-09-04T18:23:00Z</time>
   </trkpt>
   <trkpt lat="49.3490940" lon="-123.2668920">
    <ele>56.5</ele>
    <time>2024-09-04T18:23:01Z</time>
   </trkpt>
   <trkpt lat="49.3490560" lon="-123.2669460">
    <ele>56.6</ele>
    <time>2024-09-04T18:23:02Z</time>
   </trkpt>
   <trkpt lat="49.3490170" lon="-123.2669940">
    <ele>56.8</ele>
    <time>2024-09-04T18:23:03Z</time>
   </trkpt>
   <trkpt lat="49.3489800" lon="-123.2670390">
    <ele>57.0</ele>
    <time>2024-09-04T18:23:04Z</time>
   </trkpt>
   <trkpt lat="49.3489450" lon="-123.2670850">
    <ele>57.2</ele>
    <time>2024-09-04T18:23:05Z</time>
   </trkpt>
   <trkpt lat="49.3489080" lon="-123.2671200">
    <ele>57.5</ele>
    <time>2024-09-04T18:23:06Z</time>
   </trkpt>
   <trkpt lat="49.3488700" lon="-123.2671500">
    <ele>57.7</ele>
    <time>2024-09-04T18:23:07Z</time>
   </trkpt>
   <trkpt lat="49.3488330" lon="-123.2671830">
    <ele>57.9</ele>
    <time>2024-09-04T18:23:08Z</time>
   </trkpt>
   <trkpt lat="49.3487980" lon="-123.2672110">
    <ele>58.1</ele>
    <time>2024-09-04T18:23:09Z</time>
   </trkpt>
   <trkpt lat="49.3487650" lon="-123.2672420">
    <ele>58.3</ele>
    <time>2024-09-04T18:23:10Z</time>
   </trkpt>
   <trkpt lat="49.3487320" lon="-123.2672820">
    <ele>58.5</ele>
    <time>2024-09-04T18:23:11Z</time>
   </trkpt>
   <trkpt lat="49.3487010" lon="-123.2673200">
    <ele>58.7</ele>
    <time>2024-09-04T18:23:12Z</time>
   </trkpt>
   <trkpt lat="49.3486710" lon="-123.2673570">
    <ele>58.9</ele>
    <time>2024-09-04T18:23:13Z</time>
   </trkpt>
   <trkpt lat="49.3486370" lon="-123.2673850">
    <ele>59.1</ele>
    <time>2024-09-04T18:23:14Z</time>
   </trkpt>
   <trkpt lat="49.3486050" lon="-123.2674120">
    <ele>59.3</ele>
    <time>2024-09-04T18:23:15Z</time>
   </trkpt>
   <trkpt lat="49.3485720" lon="-123.2674440">
    <ele>59.4</ele>
    <time>2024-09-04T18:23:16Z</time>
   </trkpt>
   <trkpt lat="49.3485390" lon="-123.2674760">
    <ele>59.6</ele>
    <time>2024-09-04T18:23:17Z</time>
   </trkpt>
   <trkpt lat="49.3485030" lon="-123.2675060">
    <ele>59.7</ele>
    <time>2024-09-04T18:23:18Z</time>
   </trkpt>
   <trkpt lat="49.3484690" lon="-123.2675350">
    <ele>59.8</ele>
    <time>2024-09-04T18:23:19Z</time>
   </trkpt>
   <trkpt lat="49.3484360" lon="-123.2675610">
    <ele>59.9</ele>
    <time>2024-09-04T18:23:20Z</time>
   </trkpt>
   <trkpt lat="49.3484010" lon="-123.2675840">
    <ele>60.0</ele>
    <time>2024-09-04T18:23:21Z</time>
   </trkpt>
   <trkpt lat="49.3483630" lon="-123.2676040">
    <ele>60.0</ele>
    <time>2024-09-04T18:23:22Z</time>
   </trkpt>
   <trkpt lat="49.3483260" lon="-123.2676270">
    <ele>60.1</ele>
    <time>2024-09-04T18:23:23Z</time>
   </trkpt>
   <trkpt lat="49.3482910" lon="-123.2676540">
    <ele>60.1</ele>
    <time>2024-09-04T18:23:24Z</time>
   </trkpt>
   <trkpt lat="49.3482520" lon="-123.2676680">
    <ele>60.1</ele>
    <time>2024-09-04T18:23:25Z</time>
   </trkpt>
   <trkpt lat="49.3482100" lon="-123.2676850">
    <ele>60.1</ele>
    <time>2024-09-04T18:23:26Z</time>
   </trkpt>
   <trkpt lat="49.3481680" lon="-123.2676970">
    <ele>60.0</ele>
    <time>2024-09-04T18:23:27Z</time>
   </trkpt>
   <trkpt lat="49.3481220" lon="-123.2677100">
    <ele>60.0</ele>
    <time>2024-09-04T18:23:28Z</time>
   </trkpt>
   <trkpt lat="49.3480800" lon="-123.2677280">
    <ele>59.9</ele>
    <time>2024-09-04T18:23:30Z</time>
   </trkpt>
   <trkpt lat="49.3480340" lon="-123.2677430">
    <ele>59.9</ele>
    <time>2024-09-04T18:23:31Z</time>
   </trkpt>
   <trkpt lat="49.3479870" lon="-123.2677570">
    <ele>59.8</ele>
    <time>2024-09-04T18:23:32Z</time>
   </trkpt>
   <trkpt lat="49.3479410" lon="-123.2677720">
    <ele>59.6</ele>
    <time>2024-09-04T18:23:33Z</time>
   </trkpt>
   <trkpt lat="49.3478980" lon="-123.2677830">
    <ele>59.5</ele>
    <time>2024-09-04T18:23:34Z</time>
   </trkpt>
   <trkpt lat="49.3478490" lon="-123.2677800">
    <ele>59.3</ele>
    <time>2024-09-04T18:23:35Z</time>
   </trkpt>
   <trkpt lat="49.3477980" lon="-123.2677810">
    <ele>59.1</ele>
    <time>2024-09-04T18:23:36Z</time>
   </trkpt>
   <trkpt lat="49.3477530" lon="-123.2677760">
    <ele>58.8</ele>
    <time>2024-09-04T18:23:37Z</time>
   </trkpt>
   <trkpt lat="49.3477030" lon="-123.2677530">
    <ele>58.4</ele>
    <time>2024-09-04T18:23:38Z</time>
   </trkpt>
   <trkpt lat="49.3476520" lon="-123.2677200">
    <ele>58.0</ele>
    <time>2024-09-04T18:23:39Z</time>
   </trkpt>
   <trkpt lat="49.3476010" lon="-123.2676720">
    <ele>57.4</ele>
    <time>2024-09-04T18:23:40Z</time>
   </trkpt>
   <trkpt lat="49.3475510" lon="-123.2676110">
    <ele>56.8</ele>
    <time>2024-09-04T18:23:41Z</time>
   </trkpt>
   <trkpt lat="49.3475030" lon="-123.2675430">
    <ele>56.1</ele>
    <time>2024-09-04T18:23:42Z</time>
   </trkpt>
   <trkpt lat="49.3474470" lon="-123.2674620">
    <ele>55.3</ele>
    <time>2024-09-04T18:23:43Z</time>
   </trkpt>
   <trkpt lat="49.3473910" lon="-123.2673710">
    <ele>54.5</ele>
    <time>2024-09-04T18:23:44Z</time>
   </trkpt>
   <trkpt lat="49.3473300" lon="-123.2672790">
    <ele>53.6</ele>
    <time>2024-09-04T18:23:45Z</time>
   </trkpt>
   <trkpt lat="49.3472690" lon="-123.2671800">
    <ele>52.7</ele>
    <time>2024-09-04T18:23:46Z</time>
   </trkpt>
   <trkpt lat="49.3472020" lon="-123.2670760">
    <ele>51.7</ele>
    <time>2024-09-04T18:23:47Z</time>
   </trkpt>
   <trkpt lat="49.3471310" lon="-123.2669680">
    <ele>50.5</ele>
    <time>2024-09-04T18:23:48Z</time>
   </trkpt>
   <trkpt lat="49.3470550" lon="-123.2668580">
    <ele>49.2</ele>
    <time>2024-09-04T18:23:49Z</time>
   </trkpt>
   <trkpt lat="49.3469790" lon="-123.2667420">
    <ele>47.8</ele>
    <time>2024-09-04T18:23:50Z</time>
   </trkpt>
   <trkpt lat="49.3468990" lon="-123.2666270">
    <ele>46.3</ele>
    <time>2024-09-04T18:23:51Z</time>
   </trkpt>
   <trkpt lat="49.3468190" lon="-123.2665120">
    <ele>44.8</ele>
    <time>2024-09-04T18:23:52Z</time>
   </trkpt>
   <trkpt lat="49.3467300" lon="-123.2664000">
    <ele>43.3</ele>
    <time>2024-09-04T18:23:53Z</time>
   </trkpt>
   <trkpt lat="49.3466320" lon="-123.2662990">
    <ele>42.3</ele>
    <time>2024-09-04T18:23:54Z</time>
   </trkpt>
   <trkpt lat="49.3465280" lon="-123.2662140">
    <ele>41.3</ele>
    <time>2024-09-04T18:23:55Z</time>
   </trkpt>
   <trkpt lat="49.3464220" lon="-123.2661420">
    <ele>40.3</ele>
    <time>2024-09-04T18:23:56Z</time>
   </trkpt>
   <trkpt lat="49.3463070" lon="-123.2660770">
    <ele>39.5</ele>
    <time>2024-09-04T18:23:57Z</time>
   </trkpt>
   <trkpt lat="49.3461910" lon="-123.2660340">
    <ele>38.9</ele>
    <time>2024-09-04T18:23:58Z</time>
   </trkpt>
   <trkpt lat="49.3460740" lon="-123.2660000">
    <ele>38.4</ele>
    <time>2024-09-04T18:23:59Z</time>
   </trkpt>
   <trkpt lat="49.3459590" lon="-123.2659690">
    <ele>38.1</ele>
    <time>2024-09-04T18:24:00Z</time>
   </trkpt>
   <trkpt lat="49.3458430" lon="-123.2659390">
    <ele>37.9</ele>
    <time>2024-09-04T18:24:01Z</time>
   </trkpt>
   <trkpt lat="49.3457290" lon="-123.2659070">
    <ele>37.9</ele>
    <time>2024-09-04T18:24:02Z</time>
   </trkpt>
   <trkpt lat="49.3456260" lon="-123.2658740">
    <ele>38.1</ele>
    <time>2024-09-04T18:24:03Z</time>
   </trkpt>
   <trkpt lat="49.3455220" lon="-123.2658470">
    <ele>38.6</ele>
    <time>2024-09-04T18:24:04Z</time>
   </trkpt>
   <trkpt lat="49.3454220" lon="-123.2658210">
    <ele>39.3</ele>
    <time>2024-09-04T18:24:05Z</time>
   </trkpt>
   <trkpt lat="49.3453290" lon="-123.2658040">
    <ele>40.0</ele>
    <time>2024-09-04T18:24:06Z</time>
   </trkpt>
   <trkpt lat="49.3451690" lon="-123.2658010">
    <ele>41.4</ele>
    <time>2024-09-04T18:24:07Z</time>
   </trkpt>
   <trkpt lat="49.3451000" lon="-123.2658230">
    <ele>42.2</ele>
    <time>2024-09-04T18:24:08Z</time>
   </trkpt>
   <trkpt lat="49.3450370" lon="-123.2658420">
    <ele>42.9</ele>
    <time>2024-09-04T18:24:09Z</time>
   </trkpt>
   <trkpt lat="49.3449780" lon="-123.2658560">
    <ele>43.5</ele>
    <time>2024-09-04T18:24:10Z</time>
   </trkpt>
   <trkpt lat="49.3449250" lon="-123.2658640">
    <ele>44.1</ele>
    <time>2024-09-04T18:24:11Z</time>
   </trkpt>
   <trkpt lat="49.3448730" lon="-123.2658750">
    <ele>44.6</ele>
    <time>2024-09-04T18:24:12Z</time>
   </trkpt>
   <trkpt lat="49.3448240" lon="-123.2658880">
    <ele>45.1</ele>
    <time>2024-09-04T18:24:13Z</time>
   </trkpt>
   <trkpt lat="49.3447790" lon="-123.2658970">
    <ele>45.6</ele>
    <time>2024-09-04T18:24:14Z</time>
   </trkpt>
   <trkpt lat="49.3447360" lon="-123.2659090">
    <ele>46.0</ele>
    <time>2024-09-04T18:24:15Z</time>
   </trkpt>
   <trkpt lat="49.3446970" lon="-123.2659190">
    <ele>46.4</ele>
    <time>2024-09-04T18:24:16Z</time>
   </trkpt>
   <trkpt lat="49.3446570" lon="-123.2659260">
    <ele>46.8</ele>
    <time>2024-09-04T18:24:17Z</time>
   </trkpt>
   <trkpt lat="49.3446160" lon="-123.2659360">
    <ele>47.2</ele>
    <time>2024-09-04T18:24:18Z</time>
   </trkpt>
   <trkpt lat="49.3445780" lon="-123.2659440">
    <ele>47.6</ele>
    <time>2024-09-04T18:24:19Z</time>
   </trkpt>
   <trkpt lat="49.3445420" lon="-123.2659450">
    <ele>48.0</ele>
    <time>2024-09-04T18:24:20Z</time>
   </trkpt>
   <trkpt lat="49.3445100" lon="-123.2659500">
    <ele>48.3</ele>
    <time>2024-09-04T18:24:21Z</time>
   </trkpt>
   <trkpt lat="49.3444790" lon="-123.2659560">
    <ele>48.6</ele>
    <time>2024-09-04T18:24:22Z</time>
   </trkpt>
   <trkpt lat="49.3444470" lon="-123.2659600">
    <ele>48.9</ele>
    <time>2024-09-04T18:24:23Z</time>
   </trkpt>
   <trkpt lat="49.3444180" lon="-123.2659630">
    <ele>49.1</ele>
    <time>2024-09-04T18:24:24Z</time>
   </trkpt>
   <trkpt lat="49.3443860" lon="-123.2659620">
    <ele>49.4</ele>
    <time>2024-09-04T18:24:25Z</time>
   </trkpt>
   <trkpt lat="49.3443560" lon="-123.2659620">
    <ele>49.7</ele>
    <time>2024-09-04T18:24:26Z</time>
   </trkpt>
   <trkpt lat="49.3443260" lon="-123.2659580">
    <ele>50.0</ele>
    <time>2024-09-04T18:24:27Z</time>
   </trkpt>
   <trkpt lat="49.3442960" lon="-123.2659560">
    <ele>50.2</ele>
    <time>2024-09-04T18:24:28Z</time>
   </trkpt>
   <trkpt lat="49.3442640" lon="-123.2659540">
    <ele>50.5</ele>
    <time>2024-09-04T18:24:29Z</time>
   </trkpt>
   <trkpt lat="49.3442330" lon="-123.2659510">
    <ele>50.8</ele>
    <time>2024-09-04T18:24:30Z</time>
   </trkpt>
   <trkpt lat="49.3442020" lon="-123.2659440">
    <ele>51.0</ele>
    <time>2024-09-04T18:24:31Z</time>
   </trkpt>
   <trkpt lat="49.3441710" lon="-123.2659380">
    <ele>51.3</ele>
    <time>2024-09-04T18:24:32Z</time>
   </trkpt>
   <trkpt lat="49.3441400" lon="-123.2659310">
    <ele>51.6</ele>
    <time>2024-09-04T18:24:33Z</time>
   </trkpt>
   <trkpt lat="49.3441130" lon="-123.2659240">
    <ele>51.8</ele>
    <time>2024-09-04T18:24:34Z</time>
   </trkpt>
   <trkpt lat="49.3440810" lon="-123.2659170">
    <ele>52.1</ele>
    <time>2024-09-04T18:24:35Z</time>
   </trkpt>
   <trkpt lat="49.3440490" lon="-123.2659140">
    <ele>52.3</ele>
    <time>2024-09-04T18:24:36Z</time>
   </trkpt>
   <trkpt lat="49.3440190" lon="-123.2659090">
    <ele>52.6</ele>
    <time>2024-09-04T18:24:37Z</time>
   </trkpt>
   <trkpt lat="49.3439910" lon="-123.2659060">
    <ele>52.8</ele>
    <time>2024-09-04T18:24:38Z</time>
   </trkpt>
   <trkpt lat="49.3439640" lon="-123.2659020">
    <ele>53.0</ele>
    <time>2024-09-04T18:24:39Z</time>
   </trkpt>
   <trkpt lat="49.3439360" lon="-123.2658940">
    <ele>53.3</ele>
    <time>2024-09-04T18:24:40Z</time>
   </trkpt>
   <trkpt lat="49.3438970" lon="-123.2658810">
    <ele>53.5</ele>
    <time>2024-09-04T18:24:41Z</time>
   </trkpt>
   <trkpt lat="49.3438840" lon="-123.2658780">
    <ele>53.6</ele>
    <time>2024-09-04T18:24:42Z</time>
   </trkpt>
   <trkpt lat="49.3438570" lon="-123.2658700">
    <ele>53.8</ele>
    <time>2024-09-04T18:24:43Z</time>
   </trkpt>
   <trkpt lat="49.3438340" lon="-123.2658420">
    <ele>54.0</ele>
    <time>2024-09-04T18:24:44Z</time>
   </trkpt>
   <trkpt lat="49.3438030" lon="-123.2658440">
    <ele>54.2</ele>
    <time>2024-09-04T18:24:45Z</time>
   </trkpt>
   <trkpt lat="49.3437690" lon="-123.2658350">
    <ele>54.4</ele>
    <time>2024-09-04T18:24:46Z</time>
   </trkpt>
   <trkpt lat="49.3437320" lon="-123.2658260">
    <ele>54.7</ele>
    <time>2024-09-04T18:24:47Z</time>
   </trkpt>
   <trkpt lat="49.3437190" lon="-123.2658230">
    <ele>54.7</ele>
    <time>2024-09-04T18:24:48Z</time>
   </trkpt>
   <trkpt lat="49.3436830" lon="-123.2658130">
    <ele>54.9</ele>
    <time>2024-09-04T18:24:49Z</time>
   </trkpt>
   <trkpt lat="49.3436700" lon="-123.2658100">
    <ele>55.0</ele>
    <time>2024-09-04T18:24:50Z</time>
   </trkpt>
   <trkpt lat="49.3436340" lon="-123.2658000">
    <ele>55.2</ele>
    <time>2024-09-04T18:24:51Z</time>
   </trkpt>
   <trkpt lat="49.3436210" lon="-123.2657980">
    <ele>55.3</ele>
    <time>2024-09-04T18:24:52Z</time>
   </trkpt>
   <trkpt lat="49.3435870" lon="-123.2657940">
    <ele>55.5</ele>
    <time>2024-09-04T18:24:53Z</time>
   </trkpt>
   <trkpt lat="49.3435770" lon="-123.2657910">
    <ele>55.6</ele>
    <time>2024-09-04T18:24:54Z</time>
   </trkpt>
   <trkpt lat="49.3435490" lon="-123.2657830">
    <ele>55.8</ele>
    <time>2024-09-04T18:24:55Z</time>
   </trkpt>
   <trkpt lat="49.3435160" lon="-123.2657790">
    <ele>56.0</ele>
    <time>2024-09-04T18:24:56Z</time>
   </trkpt>
   <trkpt lat="49.3435040" lon="-123.2657760">
    <ele>56.1</ele>
    <time>2024-09-04T18:24:57Z</time>
   </trkpt>
   <trkpt lat="49.3434700" lon="-123.2657560">
    <ele>56.3</ele>
    <time>2024-09-04T18:24:58Z</time>
   </trkpt>
   <trkpt lat="49.3434590" lon="-123.2657510">
    <ele>56.4</ele>
    <time>2024-09-04T18:24:59Z</time>
   </trkpt>
   <trkpt lat="49.3434220" lon="-123.2657410">
    <ele>56.6</ele>
    <time>2024-09-04T18:25:00Z</time>
   </trkpt>
   <trkpt lat="49.3434090" lon="-123.2657390">
    <ele>56.7</ele>
    <time>2024-09-04T18:25:01Z</time>
   </trkpt>
   <trkpt lat="49.3433730" lon="-123.2657320">
    <ele>57.0</ele>
    <time>2024-09-04T18:25:02Z</time>
   </trkpt>
   <trkpt lat="49.3433610" lon="-123.2657310">
    <ele>57.0</ele>
    <time>2024-09-04T18:25:03Z</time>
   </trkpt>
   <trkpt lat="49.3433250" lon="-123.2657160">
    <ele>57.3</ele>
    <time>2024-09-04T18:25:04Z</time>
   </trkpt>
   <trkpt lat="49.3433140" lon="-123.2657110">
    <ele>57.4</ele>
    <time>2024-09-04T18:25:05Z</time>
   </trkpt>
   <trkpt lat="49.3432790" lon="-123.2657000">
    <ele>57.6</ele>
    <time>2024-09-04T18:25:06Z</time>
   </trkpt>
   <trkpt lat="49.3432670" lon="-123.2656960">
    <ele>57.7</ele>
    <time>2024-09-04T18:25:07Z</time>
   </trkpt>
   <trkpt lat="49.3432350" lon="-123.2656860">
    <ele>58.0</ele>
    <time>2024-09-04T18:25:08Z</time>
   </trkpt>
   <trkpt lat="49.3432240" lon="-123.2656820">
    <ele>58.1</ele>
    <time>2024-09-04T18:25:09Z</time>
   </trkpt>
   <trkpt lat="49.3431970" lon="-123.2656660">
    <ele>58.3</ele>
    <time>2024-09-04T18:25:10Z</time>
   </trkpt>
   <trkpt lat="49.3431910" lon="-123.2656590">
    <ele>58.3</ele>
    <time>2024-09-04T18:25:11Z</time>
   </trkpt>
   <trkpt lat="49.3431520" lon="-123.2656550">
    <ele>58.7</ele>
    <time>2024-09-04T18:25:12Z</time>
   </trkpt>
   <trkpt lat="49.3431400" lon="-123.2656510">
    <ele>58.8</ele>
    <time>2024-09-04T18:25:13Z</time>
   </trkpt>
   <trkpt lat="49.3431110" lon="-123.2656390">
    <ele>59.0</ele>
    <time>2024-09-04T18:25:14Z</time>
   </trkpt>
   <trkpt lat="49.3430990" lon="-123.2656340">
    <ele>59.2</ele>
    <time>2024-09-04T18:25:15Z</time>
   </trkpt>
   <trkpt lat="49.3430710" lon="-123.2656240">
    <ele>59.4</ele>
    <time>2024-09-04T18:25:16Z</time>
   </trkpt>
   <trkpt lat="49.3430370" lon="-123.2656170">
    <ele>59.7</ele>
    <time>2024-09-04T18:25:17Z</time>
   </trkpt>
   <trkpt lat="49.3430240" lon="-123.2656140">
    <ele>59.9</ele>
    <time>2024-09-04T18:25:18Z</time>
   </trkpt>
   <trkpt lat="49.3429960" lon="-123.2656060">
    <ele>60.2</ele>
    <time>2024-09-04T18:25:19Z</time>
   </trkpt>
   <trkpt lat="49.3429850" lon="-123.2656000">
    <ele>60.3</ele>
    <time>2024-09-04T18:25:20Z</time>
   </trkpt>
   <trkpt lat="49.3429480" lon="-123.2655970">
    <ele>60.7</ele>
    <time>2024-09-04T18:25:21Z</time>
   </trkpt>
   <trkpt lat="49.3429360" lon="-123.2655970">
    <ele>60.8</ele>
    <time>2024-09-04T18:25:22Z</time>
   </trkpt>
   <trkpt lat="49.3429070" lon="-123.2655900">
    <ele>61.2</ele>
    <time>2024-09-04T18:25:23Z</time>
   </trkpt>
   <trkpt lat="49.3428960" lon="-123.2655880">
    <ele>61.3</ele>
    <time>2024-09-04T18:25:24Z</time>
   </trkpt>
   <trkpt lat="49.3428680" lon="-123.2655820">
    <ele>61.6</ele>
    <time>2024-09-04T18:25:25Z</time>
   </trkpt>
   <trkpt lat="49.3428580" lon="-123.2655790">
    <ele>61.7</ele>
    <time>2024-09-04T18:25:26Z</time>
   </trkpt>
   <trkpt lat="49.3428410" lon="-123.2655740">
    <ele>61.9</ele>
    <time>2024-09-04T18:25:27Z</time>
   </trkpt>
   <trkpt lat="49.3428230" lon="-123.2655700">
    <ele>62.2</ele>
    <time>2024-09-04T18:25:28Z</time>
   </trkpt>
   <trkpt lat="49.3427940" lon="-123.2655670">
    <ele>62.5</ele>
    <time>2024-09-04T18:25:29Z</time>
   </trkpt>
   <trkpt lat="49.3427840" lon="-123.2655640">
    <ele>62.6</ele>
    <time>2024-09-04T18:25:30Z</time>
   </trkpt>
   <trkpt lat="49.3427550" lon="-123.2655590">
    <ele>62.9</ele>
    <time>2024-09-04T18:25:31Z</time>
   </trkpt>
   <trkpt lat="49.3427450" lon="-123.2655590">
    <ele>63.0</ele>
    <time>2024-09-04T18:25:32Z</time>
   </trkpt>
   <trkpt lat="49.3427180" lon="-123.2655500">
    <ele>63.3</ele>
    <time>2024-09-04T18:25:33Z</time>
   </trkpt>
   <trkpt lat="49.3427090" lon="-123.2655480">
    <ele>63.4</ele>
    <time>2024-09-04T18:25:34Z</time>
   </trkpt>
   <trkpt lat="49.3426780" lon="-123.2655390">
    <ele>63.7</ele>
    <time>2024-09-04T18:25:36Z</time>
   </trkpt>
   <trkpt lat="49.3426670" lon="-123.2655350">
    <ele>63.9</ele>
    <time>2024-09-04T18:25:37Z</time>
   </trkpt>
   <trkpt lat="49.3426360" lon="-123.2655310">
    <ele>64.2</ele>
    <time>2024-09-04T18:25:38Z</time>
   </trkpt>
   <trkpt lat="49.3426250" lon="-123.2655290">
    <ele>64.3</ele>
    <time>2024-09-04T18:25:39Z</time>
   </trkpt>
   <trkpt lat="49.3425920" lon="-123.2655200">
    <ele>64.6</ele>
    <time>2024-09-04T18:25:40Z</time>
   </trkpt>
   <trkpt lat="49.3425820" lon="-123.2655180">
    <ele>64.7</ele>
    <time>2024-09-04T18:25:41Z</time>
   </trkpt>
   <trkpt lat="49.3425490" lon="-123.2655100">
    <ele>65.0</ele>
    <time>2024-09-04T18:25:42Z</time>
   </trkpt>
   <trkpt lat="49.3425380" lon="-123.2655070">
    <ele>65.2</ele>
    <time>2024-09-04T18:25:43Z</time>
   </trkpt>
   <trkpt lat="49.3425070" lon="-123.2654960">
    <ele>65.5</ele>
    <time>2024-09-04T18:25:44Z</time>
   </trkpt>
   <trkpt lat="49.3424960" lon="-123.2654920">
    <ele>65.6</ele>
    <time>2024-09-04T18:25:45Z</time>
   </trkpt>
   <trkpt lat="49.3424620" lon="-123.2654830">
    <ele>65.9</ele>
    <time>2024-09-04T18:25:46Z</time>
   </trkpt>
   <trkpt lat="49.3424520" lon="-123.2654800">
    <ele>66.0</ele>
    <time>2024-09-04T18:25:47Z</time>
   </trkpt>
   <trkpt lat="49.3424180" lon="-123.2654740">
    <ele>66.3</ele>
    <time>2024-09-04T18:25:48Z</time>
   </trkpt>
   <trkpt lat="49.3424070" lon="-123.2654720">
    <ele>66.4</ele>
    <time>2024-09-04T18:25:49Z</time>
   </trkpt>
   <trkpt lat="49.3423900" lon="-123.2654680">
    <ele>66.6</ele>
    <time>2024-09-04T18:25:50Z</time>
   </trkpt>
   <trkpt lat="49.3423720" lon="-123.2654640">
    <ele>66.7</ele>
    <time>2024-09-04T18:25:51Z</time>
   </trkpt>
   <trkpt lat="49.3423430" lon="-123.2654540">
    <ele>67.0</ele>
    <time>2024-09-04T18:25:52Z</time>
   </trkpt>
   <trkpt lat="49.3423340" lon="-123.2654480">
    <ele>67.0</ele>
    <time>2024-09-04T18:25:53Z</time>
   </trkpt>
   <trkpt lat="49.3423040" lon="-123.2654470">
    <ele>67.3</ele>
    <time>2024-09-04T18:25:54Z</time>
   </trkpt>
   <trkpt lat="49.3422940" lon="-123.2654480">
    <ele>67.3</ele>
    <time>2024-09-04T18:25:55Z</time>
   </trkpt>
   <trkpt lat="49.3422760" lon="-123.2654440">
    <ele>67.5</ele>
    <time>2024-09-04T18:25:56Z</time>
   </trkpt>
   <trkpt lat="49.3422600" lon="-123.2654440">
    <ele>67.6</ele>
    <time>2024-09-04T18:25:57Z</time>
   </trkpt>
   <trkpt lat="49.3422410" lon="-123.2654390">
    <ele>67.7</ele>
    <time>2024-09-04T18:25:58Z</time>
   </trkpt>
   <trkpt lat="49.3422260" lon="-123.2654340">
    <ele>67.8</ele>
    <time>2024-09-04T18:25:59Z</time>
   </trkpt>
   <trkpt lat="49.3422080" lon="-123.2654280">
    <ele>67.9</ele>
    <time>2024-09-04T18:26:00Z</time>
   </trkpt>
   <trkpt lat="49.3421930" lon="-123.2654270">
    <ele>67.9</ele>
    <time>2024-09-04T18:26:01Z</time>
   </trkpt>
   <trkpt lat="49.3421660" lon="-123.2654190">
    <ele>68.0</ele>
    <time>2024-09-04T18:26:02Z</time>
   </trkpt>
   <trkpt lat="49.3421560" lon="-123.2654160">
    <ele>68.0</ele>
    <time>2024-09-04T18:26:03Z</time>
   </trkpt>
   <trkpt lat="49.3421430" lon="-123.2654130">
    <ele>68.0</ele>
    <time>2024-09-04T18:26:04Z</time>
   </trkpt>
   <trkpt lat="49.3421320" lon="-123.2654110">
    <ele>68.0</ele>
    <time>2024-09-04T18:26:05Z</time>
   </trkpt>
   <trkpt lat="49.3421220" lon="-123.2654070">
    <ele>68.0</ele>
    <time>2024-09-04T18:26:06Z</time>
   </trkpt>
   <trkpt lat="49.3421030" lon="-123.2653930">
    <ele>68.1</ele>
    <time>2024-09-04T18:26:07Z</time>
   </trkpt>
   <trkpt lat="49.3420920" lon="-123.2653860">
    <ele>68.1</ele>
    <time>2024-09-04T18:26:08Z</time>
   </trkpt>
   <trkpt lat="49.3420820" lon="-123.2653790">
    <ele>68.1</ele>
    <time>2024-09-04T18:26:09Z</time>
   </trkpt>
   <trkpt lat="49.3420460" lon="-123.2653710">
    <ele>68.1</ele>
    <time>2024-09-04T18:26:10Z</time>
   </trkpt>
   <trkpt lat="49.3420350" lon="-123.2653660">
    <ele>68.1</ele>
    <time>2024-09-04T18:26:11Z</time>
   </trkpt>
   <trkpt lat="49.3420010" lon="-123.2653530">
    <ele>68.1</ele>
    <time>2024-09-04T18:26:12Z</time>
   </trkpt>
   <trkpt lat="49.3419890" lon="-123.2653480">
    <ele>68.1</ele>
    <time>2024-09-04T18:26:13Z</time>
   </trkpt>
   <trkpt lat="49.3419270" lon="-123.2653280">
    <ele>68.0</ele>
    <time>2024-09-04T18:26:14Z</time>
   </trkpt>
   <trkpt lat="49.3418940" lon="-123.2653140">
    <ele>67.9</ele>
    <time>2024-09-04T18:26:15Z</time>
   </trkpt>
   <trkpt lat="49.3418640" lon="-123.2653100">
    <ele>67.9</ele>
    <time>2024-09-04T18:26:16Z</time>
   </trkpt>
   <trkpt lat="49.3418370" lon="-123.2653120">
    <ele>67.9</ele>
    <time>2024-09-04T18:26:17Z</time>
   </trkpt>
   <trkpt lat="49.3418150" lon="-123.2653050">
    <ele>67.8</ele>
    <time>2024-09-04T18:26:18Z</time>
   </trkpt>
   <trkpt lat="49.3418090" lon="-123.2652870">
    <ele>67.8</ele>
    <time>2024-09-04T18:26:19Z</time>
   </trkpt>
   <trkpt lat="49.3418210" lon="-123.2652870">
    <ele>67.8</ele>
    <time>2024-09-04T18:26:20Z</time>
   </trkpt>
   <trkpt lat="49.3418240" lon="-123.2652810">
    <ele>67.8</ele>
    <time>2024-09-04T18:26:21Z</time>
   </trkpt>
   <trkpt lat="49.3418280" lon="-123.2652760">
    <ele>67.8</ele>
    <time>2024-09-04T18:26:22Z</time>
   </trkpt>
   <trkpt lat="49.3418310" lon="-123.2652700">
    <ele>67.8</ele>
    <time>2024-09-04T18:26:23Z</time>
   </trkpt>
   <trkpt lat="49.3418340" lon="-123.2652650">
    <ele>67.8</ele>
    <time>2024-09-04T18:26:24Z</time>
   </trkpt>
   <trkpt lat="49.3418370" lon="-123.2652590">
    <ele>67.8</ele>
    <time>2024-09-04T18:26:25Z</time>
   </trkpt>
   <trkpt lat="49.3418400" lon="-123.2652530">
    <ele>67.8</ele>
    <time>2024-09-04T18:26:26Z</time>
   </trkpt>
   <trkpt lat="49.3418430" lon="-123.2652480">
    <ele>67.8</ele>
    <time>2024-09-04T18:26:27Z</time>
   </trkpt>
   <trkpt lat="49.3418470" lon="-123.2652420">
    <ele>67.8</ele>
    <time>2024-09-04T18:26:28Z</time>
   </trkpt>
   <trkpt lat="49.3418500" lon="-123.2652360">
    <ele>67.8</ele>
    <time>2024-09-04T18:26:29Z</time>
   </trkpt>
   <trkpt lat="49.3418530" lon="-123.2652310">
    <ele>67.8</ele>
    <time>2024-09-04T18:26:30Z</time>
   </trkpt>
   <trkpt lat="49.3418560" lon="-123.2652250">
    <ele>67.8</ele>
    <time>2024-09-04T18:26:51Z</time>
   </trkpt>
   <trkpt lat="49.3418590" lon="-123.2652200">
    <ele>67.8</ele>
    <time>2024-09-04T18:26:52Z</time>
   </trkpt>
   <trkpt lat="49.3418900" lon="-123.2652170">
    <ele>67.8</ele>
    <time>2024-09-04T18:26:53Z</time>
   </trkpt>
   <trkpt lat="49.3418990" lon="-123.2652180">
    <ele>67.8</ele>
    <time>2024-09-04T18:26:54Z</time>
   </trkpt>
   <trkpt lat="49.3419160" lon="-123.2652200">
    <ele>67.8</ele>
    <time>2024-09-04T18:26:55Z</time>
   </trkpt>
   <trkpt lat="49.3419270" lon="-123.2652090">
    <ele>67.7</ele>
    <time>2024-09-04T18:26:56Z</time>
   </trkpt>
   <trkpt lat="49.3419410" lon="-123.2652030">
    <ele>67.7</ele>
    <time>2024-09-04T18:26:57Z</time>
   </trkpt>
   <trkpt lat="49.3419450" lon="-123.2652110">
    <ele>67.7</ele>
    <time>2024-09-04T18:26:58Z</time>
   </trkpt>
   <trkpt lat="49.3419510" lon="-123.2652190">
    <ele>67.7</ele>
    <time>2024-09-04T18:26:59Z</time>
   </trkpt>
   <trkpt lat="49.3419480" lon="-123.2652240">
    <ele>67.7</ele>
    <time>2024-09-04T18:27:00Z</time>
   </trkpt>
   <trkpt lat="49.3419440" lon="-123.2652170">
    <ele>67.7</ele>
    <time>2024-09-04T18:27:01Z</time>
   </trkpt>
   <trkpt lat="49.3419400" lon="-123.2652170">
    <ele>67.7</ele>
    <time>2024-09-04T18:27:02Z</time>
   </trkpt>
   <trkpt lat="49.3419420" lon="-123.2652150">
    <ele>67.7</ele>
    <time>2024-09-04T18:27:03Z</time>
   </trkpt>
   <trkpt lat="49.3419430" lon="-123.2652150">
    <ele>67.7</ele>
    <time>2024-09-04T18:27:04Z</time>
   </trkpt>
   <trkpt lat="49.3419460" lon="-123.2652170">
    <ele>67.7</ele>
    <time>2024-09-04T18:27:05Z</time>
   </trkpt>
   <trkpt lat="49.3419480" lon="-123.2652180">
    <ele>67.7</ele>
    <time>2024-09-04T18:27:06Z</time>
   </trkpt>
   <trkpt lat="49.3419530" lon="-123.2652160">
    <ele>67.7</ele>
    <time>2024-09-04T18:27:07Z</time>
   </trkpt>
   <trkpt lat="49.3419450" lon="-123.2652460">
    <ele>67.7</ele>
    <time>2024-09-04T18:27:08Z</time>
   </trkpt>
   <trkpt lat="49.3419340" lon="-123.2652780">
    <ele>67.7</ele>
    <time>2024-09-04T18:27:09Z</time>
   </trkpt>
   <trkpt lat="49.3419230" lon="-123.2653100">
    <ele>67.7</ele>
    <time>2024-09-04T18:29:18Z</time>
   </trkpt>
   <trkpt lat="49.3419110" lon="-123.2653420">
    <ele>67.7</ele>
    <time>2024-09-04T18:29:19Z</time>
   </trkpt>
   <trkpt lat="49.3419000" lon="-123.2653740">
    <ele>67.7</ele>
    <time>2024-09-04T18:29:20Z</time>
   </trkpt>
   <trkpt lat="49.3419050" lon="-123.2654210">
    <ele>67.6</ele>
    <time>2024-09-04T18:29:21Z</time>
   </trkpt>
   <trkpt lat="49.3419070" lon="-123.2654410">
    <ele>67.6</ele>
    <time>2024-09-04T18:29:22Z</time>
   </trkpt>
   <trkpt lat="49.3419090" lon="-123.2654290">
    <ele>67.6</ele>
    <time>2024-09-04T18:29:23Z</time>
   </trkpt>
   <trkpt lat="49.3419100" lon="-123.2654180">
    <ele>67.7</ele>
    <time>2024-09-04T18:29:24Z</time>
   </trkpt>
   <trkpt lat="49.3419110" lon="-123.2654070">
    <ele>67.7</ele>
    <time>2024-09-04T18:29:25Z</time>
   </trkpt>
   <trkpt lat="49.3419130" lon="-123.2653950">
    <ele>67.7</ele>
    <time>2024-09-04T18:29:26Z</time>
   </trkpt>
   <trkpt lat="49.3419140" lon="-123.2653840">
    <ele>67.7</ele>
    <time>2024-09-04T18:29:27Z</time>
   </trkpt>
   <trkpt lat="49.3419160" lon="-123.2653730">
    <ele>67.7</ele>
    <time>2024-09-04T18:29:28Z</time>
   </trkpt>
   <trkpt lat="49.3419170" lon="-123.2653610">
    <ele>67.7</ele>
    <time>2024-09-04T18:29:29Z</time>
   </trkpt>
   <trkpt lat="49.3419180" lon="-123.2653500">
    <ele>67.7</ele>
    <time>2024-09-04T18:29:30Z</time>
   </trkpt>
   <trkpt lat="49.3419200" lon="-123.2653390">
    <ele>67.7</ele>
    <time>2024-09-04T18:29:31Z</time>
   </trkpt>
   <trkpt lat="49.3419320" lon="-123.2653320">
    <ele>67.7</ele>
    <time>2024-09-04T18:29:32Z</time>
   </trkpt>
   <trkpt lat="49.3419320" lon="-123.2653320">
    <ele>67.7</ele>
    <time>2024-09-04T18:29:33Z</time>
   </trkpt>
   <trkpt lat="49.3419520" lon="-123.2653260">
    <ele>67.7</ele>
    <time>2024-09-04T18:29:34Z</time>
   </trkpt>
   <trkpt lat="49.3419520" lon="-123.2653260">
    <ele>67.7</ele>
    <time>2024-09-04T18:29:35Z</time>
   </trkpt>
   <trkpt lat="49.3419530" lon="-123.2653230">
    <ele>67.7</ele>
    <time>2024-09-04T18:29:36Z</time>
   </trkpt>
   <trkpt lat="49.3419530" lon="-123.2653230">
    <ele>67.7</ele>
    <time>2024-09-04T18:29:37Z</time>
   </trkpt>
   <trkpt lat="49.3419530" lon="-123.2653260">
    <ele>67.7</ele>
    <time>2024-09-04T18:29:38Z</time>
   </trkpt>
   <trkpt lat="49.3419540" lon="-123.2653090">
    <ele>67.7</ele>
    <time>2024-09-04T18:29:39Z</time>
   </trkpt>
   <trkpt lat="49.3419560" lon="-123.2653000">
    <ele>67.8</ele>
    <time>2024-09-04T18:29:40Z</time>
   </trkpt>
   <trkpt lat="49.3419580" lon="-123.2652910">
    <ele>67.8</ele>
    <time>2024-09-04T18:29:41Z</time>
   </trkpt>
   <trkpt lat="49.3419610" lon="-123.2652820">
    <ele>67.8</ele>
    <time>2024-09-04T18:29:42Z</time>
   </trkpt>
   <trkpt lat="49.3419630" lon="-123.2652730">
    <ele>67.8</ele>
    <time>2024-09-04T18:29:43Z</time>
   </trkpt>
   <trkpt lat="49.3419660" lon="-123.2652540">
    <ele>67.8</ele>
    <time>2024-09-04T18:29:44Z</time>
   </trkpt>
   <trkpt lat="49.3419690" lon="-123.2652440">
    <ele>67.8</ele>
    <time>2024-09-04T18:29:45Z</time>
   </trkpt>
   <trkpt lat="49.3419670" lon="-123.2652360">
    <ele>67.8</ele>
    <time>2024-09-04T18:29:47Z</time>
   </trkpt>
   <trkpt lat="49.3419690" lon="-123.2652390">
    <ele>67.8</ele>
    <time>2024-09-04T18:29:48Z</time>
   </trkpt>
   <trkpt lat="49.3419700" lon="-123.2652330">
    <ele>67.8</ele>
    <time>2024-09-04T18:29:49Z</time>
   </trkpt>
   <trkpt lat="49.3419700" lon="-123.2652360">
    <ele>67.8</ele>
    <time>2024-09-04T18:29:50Z</time>
   </trkpt>
   <trkpt lat="49.3419700" lon="-123.2652340">
    <ele>67.8</ele>
    <time>2024-09-04T18:29:51Z</time>
   </trkpt>
   <trkpt lat="49.3419700" lon="-123.2652340">
    <ele>67.8</ele>
    <time>2024-09-04T18:29:52Z</time>
   </trkpt>
   <trkpt lat="49.3419700" lon="-123.2652340">
    <ele>67.8</ele>
    <time>2024-09-04T18:29:53Z</time>
   </trkpt>
   <trkpt lat="49.3419730" lon="-123.2652260">
    <ele>67.8</ele>
    <time>2024-09-04T18:29:54Z</time>
   </trkpt>
   <trkpt lat="49.3419650" lon="-123.2652540">
    <ele>67.7</ele>
    <time>2024-09-04T18:29:55Z</time>
   </trkpt>
   <trkpt lat="49.3419700" lon="-123.2652530">
    <ele>67.7</ele>
    <time>2024-09-04T18:29:56Z</time>
   </trkpt>
   <trkpt lat="49.3419390" lon="-123.2652200">
    <ele>67.6</ele>
    <time>2024-09-04T18:29:59Z</time>
   </trkpt>
   <trkpt lat="49.3419330" lon="-123.2652100">
    <ele>67.6</ele>
    <time>2024-09-04T18:30:00Z</time>
   </trkpt>
   <trkpt lat="49.3419300" lon="-123.2652110">
    <ele>67.6</ele>
    <time>2024-09-04T18:30:01Z</time>
   </trkpt>
   <trkpt lat="49.3419260" lon="-123.2652150">
    <ele>67.6</ele>
    <time>2024-09-04T18:30:02Z</time>
   </trkpt>
   <trkpt lat="49.3419210" lon="-123.2652230">
    <ele>67.5</ele>
    <time>2024-09-04T18:30:03Z</time>
   </trkpt>
   <trkpt lat="49.3419220" lon="-123.2652230">
    <ele>67.5</ele>
    <time>2024-09-04T18:30:04Z</time>
   </trkpt>
   <trkpt lat="49.3419220" lon="-123.2652230">
    <ele>67.5</ele>
    <time>2024-09-04T18:30:05Z</time>
   </trkpt>
   <trkpt lat="49.3419220" lon="-123.2652230">
    <ele>67.5</ele>
    <time>2024-09-04T18:30:06Z</time>
   </trkpt>
   <trkpt lat="49.3419220" lon="-123.2652230">
    <ele>67.5</ele>
    <time>2024-09-04T18:30:07Z</time>
   </trkpt>
   <trkpt lat="49.3419220" lon="-123.2652230">
    <ele>67.5</ele>
    <time>2024-09-04T18:30:08Z</time>
   </trkpt>
   <trkpt lat="49.3419220" lon="-123.2652230">
    <ele>67.5</ele>
    <time>2024-09-04T18:30:09Z</time>
   </trkpt>
   <trkpt lat="49.3419220" lon="-123.2652230">
    <ele>67.5</ele>
    <time>2024-09-04T18:30:10Z</time>
   </trkpt>
   <trkpt lat="49.3418930" lon="-123.2652120">
    <ele>67.5</ele>
    <time>2024-09-04T18:30:25Z</time>
   </trkpt>
   <trkpt lat="49.3418980" lon="-123.2651800">
    <ele>67.4</ele>
    <time>2024-09-04T18:30:26Z</time>
   </trkpt>
   <trkpt lat="49.3418850" lon="-123.2651830">
    <ele>67.4</ele>
    <time>2024-09-04T18:30:27Z</time>
   </trkpt>
   <trkpt lat="49.3418740" lon="-123.2651850">
    <ele>67.3</ele>
    <time>2024-09-04T18:30:28Z</time>
   </trkpt>
   <trkpt lat="49.3418620" lon="-123.2651860">
    <ele>67.3</ele>
    <time>2024-09-04T18:30:29Z</time>
   </trkpt>
   <trkpt lat="49.3418430" lon="-123.2651980">
    <ele>67.3</ele>
    <time>2024-09-04T18:30:30Z</time>
   </trkpt>
   <trkpt lat="49.3418300" lon="-123.2652110">
    <ele>67.2</ele>
    <time>2024-09-04T18:30:31Z</time>
   </trkpt>
   <trkpt lat="49.3418000" lon="-123.2652360">
    <ele>67.2</ele>
    <time>2024-09-04T18:30:32Z</time>
   </trkpt>
   <trkpt lat="49.3417650" lon="-123.2652430">
    <ele>67.1</ele>
    <time>2024-09-04T18:30:33Z</time>
   </trkpt>
   <trkpt lat="49.3417230" lon="-123.2652480">
    <ele>67.1</ele>
    <time>2024-09-04T18:30:34Z</time>
   </trkpt>
   <trkpt lat="49.3416820" lon="-123.2652410">
    <ele>67.0</ele>
    <time>2024-09-04T18:30:35Z</time>
   </trkpt>
   <trkpt lat="49.3416340" lon="-123.2652160">
    <ele>67.0</ele>
    <time>2024-09-04T18:30:36Z</time>
   </trkpt>
   <trkpt lat="49.3415890" lon="-123.2651740">
    <ele>67.0</ele>
    <time>2024-09-04T18:30:37Z</time>
   </trkpt>
   <trkpt lat="49.3415480" lon="-123.2651320">
    <ele>67.0</ele>
    <time>2024-09-04T18:30:38Z</time>
   </trkpt>
   <trkpt lat="49.3415050" lon="-123.2651010">
    <ele>67.1</ele>
    <time>2024-09-04T18:30:39Z</time>
   </trkpt>
   <trkpt lat="49.3414530" lon="-123.2650630">
    <ele>67.1</ele>
    <time>2024-09-04T18:30:40Z</time>
   </trkpt>
   <trkpt lat="49.3414070" lon="-123.2650230">
    <ele>67.2</ele>
    <time>2024-09-04T18:30:41Z</time>
   </trkpt>
   <trkpt lat="49.3413640" lon="-123.2649730">
    <ele>67.3</ele>
    <time>2024-09-04T18:30:42Z</time>
   </trkpt>
   <trkpt lat="49.3413230" lon="-123.2649330">
    <ele>67.4</ele>
    <time>2024-09-04T18:30:43Z</time>
   </trkpt>
   <trkpt lat="49.3412720" lon="-123.2648900">
    <ele>67.6</ele>
    <time>2024-09-04T18:30:44Z</time>
   </trkpt>
   <trkpt lat="49.3412310" lon="-123.2648400">
    <ele>67.7</ele>
    <time>2024-09-04T18:30:45Z</time>
   </trkpt>
   <trkpt lat="49.3411940" lon="-123.2647960">
    <ele>67.9</ele>
    <time>2024-09-04T18:30:46Z</time>
   </trkpt>
   <trkpt lat="49.3411580" lon="-123.2647460">
    <ele>68.0</ele>
    <time>2024-09-04T18:30:47Z</time>
   </trkpt>
   <trkpt lat="49.3411220" lon="-123.2646970">
    <ele>68.2</ele>
    <time>2024-09-04T18:30:48Z</time>
   </trkpt>
   <trkpt lat="49.3410870" lon="-123.2646530">
    <ele>68.3</ele>
    <time>2024-09-04T18:30:49Z</time>
   </trkpt>
   <trkpt lat="49.3410540" lon="-123.2646070">
    <ele>68.5</ele>
    <time>2024-09-04T18:30:50Z</time>
   </trkpt>
   <trkpt lat="49.3410130" lon="-123.2645360">
    <ele>68.8</ele>
    <time>2024-09-04T18:30:51Z</time>
   </trkpt>
   <trkpt lat="49.3409850" lon="-123.2644820">
    <ele>68.9</ele>
    <time>2024-09-04T18:30:52Z</time>
   </trkpt>
   <trkpt lat="49.3409580" lon="-123.2644230">
    <ele>69.2</ele>
    <time>2024-09-04T18:30:53Z</time>
   </trkpt>
   <trkpt lat="49.3409350" lon="-123.2643710">
    <ele>69.4</ele>
    <time>2024-09-04T18:30:54Z</time>
   </trkpt>
   <trkpt lat="49.3408990" lon="-123.2643210">
    <ele>69.6</ele>
    <time>2024-09-04T18:30:55Z</time>
   </trkpt>
   <trkpt lat="49.3408790" lon="-123.2642640">
    <ele>69.8</ele>
    <time>2024-09-04T18:30:56Z</time>
   </trkpt>
   <trkpt lat="49.3408570" lon="-123.2642180">
    <ele>70.0</ele>
    <time>2024-09-04T18:30:57Z</time>
   </trkpt>
   <trkpt lat="49.3408330" lon="-123.2641710">
    <ele>70.3</ele>
    <time>2024-09-04T18:30:58Z</time>
   </trkpt>
   <trkpt lat="49.3408170" lon="-123.2641280">
    <ele>70.4</ele>
    <time>2024-09-04T18:30:59Z</time>
   </trkpt>
   <trkpt lat="49.3408110" lon="-123.2640880">
    <ele>70.6</ele>
    <time>2024-09-04T18:31:00Z</time>
   </trkpt>
   <trkpt lat="49.3407900" lon="-123.2640370">
    <ele>70.8</ele>
    <time>2024-09-04T18:31:01Z</time>
   </trkpt>
   <trkpt lat="49.3407810" lon="-123.2639670">
    <ele>71.1</ele>
    <time>2024-09-04T18:31:02Z</time>
   </trkpt>
   <trkpt lat="49.3407560" lon="-123.2639120">
    <ele>71.3</ele>
    <time>2024-09-04T18:31:03Z</time>
   </trkpt>
   <trkpt lat="49.3407500" lon="-123.2638540">
    <ele>71.5</ele>
    <time>2024-09-04T18:31:04Z</time>
   </trkpt>
   <trkpt lat="49.3407340" lon="-123.2637860">
    <ele>71.8</ele>
    <time>2024-09-04T18:31:05Z</time>
   </trkpt>
   <trkpt lat="49.3407260" lon="-123.2637250">
    <ele>72.0</ele>
    <time>2024-09-04T18:31:06Z</time>
   </trkpt>
   <trkpt lat="49.3407170" lon="-123.2636650">
    <ele>72.1</ele>
    <time>2024-09-04T18:31:07Z</time>
   </trkpt>
   <trkpt lat="49.3407090" lon="-123.2636060">
    <ele>72.2</ele>
    <time>2024-09-04T18:31:08Z</time>
   </trkpt>
   <trkpt lat="49.3406980" lon="-123.2635540">
    <ele>72.3</ele>
    <time>2024-09-04T18:31:09Z</time>
   </trkpt>
   <trkpt lat="49.3406940" lon="-123.2635080">
    <ele>72.3</ele>
    <time>2024-09-04T18:31:10Z</time>
   </trkpt>
   <trkpt lat="49.3406850" lon="-123.2634540">
    <ele>72.4</ele>
    <time>2024-09-04T18:31:11Z</time>
   </trkpt>
   <trkpt lat="49.3406810" lon="-123.2633990">
    <ele>72.3</ele>
    <time>2024-09-04T18:31:12Z</time>
   </trkpt>
   <trkpt lat="49.3406750" lon="-123.2633500">
    <ele>72.3</ele>
    <time>2024-09-04T18:31:13Z</time>
   </trkpt>
   <trkpt lat="49.3406640" lon="-123.2632880">
    <ele>72.2</ele>
    <time>2024-09-04T18:31:14Z</time>
   </trkpt>
   <trkpt lat="49.3406510" lon="-123.2632150">
    <ele>72.0</ele>
    <time>2024-09-04T18:31:15Z</time>
   </trkpt>
   <trkpt lat="49.3406460" lon="-123.2631420">
    <ele>71.7</ele>
    <time>2024-09-04T18:31:16Z</time>
   </trkpt>
   <trkpt lat="49.3406500" lon="-123.2630650">
    <ele>71.4</ele>
    <time>2024-09-04T18:31:17Z</time>
   </trkpt>
   <trkpt lat="49.3406540" lon="-123.2629860">
    <ele>71.0</ele>
    <time>2024-09-04T18:31:18Z</time>
   </trkpt>
   <trkpt lat="49.3406480" lon="-123.2628970">
    <ele>70.6</ele>
    <time>2024-09-04T18:31:19Z</time>
   </trkpt>
   <trkpt lat="49.3406510" lon="-123.2628030">
    <ele>70.2</ele>
    <time>2024-09-04T18:31:20Z</time>
   </trkpt>
   <trkpt lat="49.3406560" lon="-123.2627040">
    <ele>69.8</ele>
    <time>2024-09-04T18:31:21Z</time>
   </trkpt>
   <trkpt lat="49.3406590" lon="-123.2625940">
    <ele>69.3</ele>
    <time>2024-09-04T18:31:22Z</time>
   </trkpt>
   <trkpt lat="49.3406590" lon="-123.2624810">
    <ele>68.8</ele>
    <time>2024-09-04T18:31:23Z</time>
   </trkpt>
   <trkpt lat="49.3406500" lon="-123.2623630">
    <ele>68.4</ele>
    <time>2024-09-04T18:31:24Z</time>
   </trkpt>
   <trkpt lat="49.3406420" lon="-123.2622500">
    <ele>67.9</ele>
    <time>2024-09-04T18:31:25Z</time>
   </trkpt>
   <trkpt lat="49.3406380" lon="-123.2621430">
    <ele>67.5</ele>
    <time>2024-09-04T18:31:26Z</time>
   </trkpt>
   <trkpt lat="49.3406320" lon="-123.2620410">
    <ele>67.1</ele>
    <time>2024-09-04T18:31:27Z</time>
   </trkpt>
   <trkpt lat="49.3406230" lon="-123.2619380">
    <ele>66.7</ele>
    <time>2024-09-04T18:31:28Z</time>
   </trkpt>
   <trkpt lat="49.3406200" lon="-123.2618370">
    <ele>66.2</ele>
    <time>2024-09-04T18:31:29Z</time>
   </trkpt>
   <trkpt lat="49.3406160" lon="-123.2617400">
    <ele>65.7</ele>
    <time>2024-09-04T18:31:30Z</time>
   </trkpt>
   <trkpt lat="49.3406030" lon="-123.2616300">
    <ele>65.2</ele>
    <time>2024-09-04T18:31:31Z</time>
   </trkpt>
   <trkpt lat="49.3405880" lon="-123.2615140">
    <ele>64.6</ele>
    <time>2024-09-04T18:31:32Z</time>
   </trkpt>
   <trkpt lat="49.3405610" lon="-123.2613910">
    <ele>64.0</ele>
    <time>2024-09-04T18:31:33Z</time>
   </trkpt>
   <trkpt lat="49.3405260" lon="-123.2612770">
    <ele>63.4</ele>
    <time>2024-09-04T18:31:34Z</time>
   </trkpt>
   <trkpt lat="49.3404840" lon="-123.2611590">
    <ele>62.7</ele>
    <time>2024-09-04T18:31:35Z</time>
   </trkpt>
   <trkpt lat="49.3404390" lon="-123.2610530">
    <ele>62.1</ele>
    <time>2024-09-04T18:31:36Z</time>
   </trkpt>
   <trkpt lat="49.3403900" lon="-123.2609490">
    <ele>61.5</ele>
    <time>2024-09-04T18:31:37Z</time>
   </trkpt>
   <trkpt lat="49.3403520" lon="-123.2608370">
    <ele>60.8</ele>
    <time>2024-09-04T18:31:38Z</time>
   </trkpt>
   <trkpt lat="49.3403270" lon="-123.2607110">
    <ele>60.1</ele>
    <time>2024-09-04T18:31:39Z</time>
   </trkpt>
   <trkpt lat="49.3403120" lon="-123.2605700">
    <ele>59.2</ele>
    <time>2024-09-04T18:31:40Z</time>
   </trkpt>
   <trkpt lat="49.3403020" lon="-123.2604240">
    <ele>58.2</ele>
    <time>2024-09-04T18:31:41Z</time>
   </trkpt>
   <trkpt lat="49.3402990" lon="-123.2602690">
    <ele>57.0</ele>
    <time>2024-09-04T18:31:42Z</time>
   </trkpt>
   <trkpt lat="49.3403050" lon="-123.2601060">
    <ele>55.6</ele>
    <time>2024-09-04T18:31:43Z</time>
   </trkpt>
   <trkpt lat="49.3403340" lon="-123.2599420">
    <ele>54.4</ele>
    <time>2024-09-04T18:31:44Z</time>
   </trkpt>
   <trkpt lat="49.3403750" lon="-123.2597790">
    <ele>53.3</ele>
    <time>2024-09-04T18:31:45Z</time>
   </trkpt>
   <trkpt lat="49.3404380" lon="-123.2596240">
    <ele>52.4</ele>
    <time>2024-09-04T18:31:46Z</time>
   </trkpt>
   <trkpt lat="49.3405180" lon="-123.2594870">
    <ele>51.7</ele>
    <time>2024-09-04T18:31:47Z</time>
   </trkpt>
   <trkpt lat="49.3405960" lon="-123.2593550">
    <ele>51.3</ele>
    <time>2024-09-04T18:31:48Z</time>
   </trkpt>
   <trkpt lat="49.3406730" lon="-123.2592180">
    <ele>51.1</ele>
    <time>2024-09-04T18:31:49Z</time>
   </trkpt>
   <trkpt lat="49.3407410" lon="-123.2590740">
    <ele>50.9</ele>
    <time>2024-09-04T18:31:50Z</time>
   </trkpt>
   <trkpt lat="49.3407980" lon="-123.2589280">
    <ele>50.9</ele>
    <time>2024-09-04T18:31:51Z</time>
   </trkpt>
   <trkpt lat="49.3408420" lon="-123.2587810">
    <ele>50.9</ele>
    <time>2024-09-04T18:31:53Z</time>
   </trkpt>
   <trkpt lat="49.3408780" lon="-123.2586310">
    <ele>50.8</ele>
    <time>2024-09-04T18:31:54Z</time>
   </trkpt>
   <trkpt lat="49.3408910" lon="-123.2584860">
    <ele>50.7</ele>
    <time>2024-09-04T18:31:55Z</time>
   </trkpt>
   <trkpt lat="49.3408840" lon="-123.2583430">
    <ele>50.7</ele>
    <time>2024-09-04T18:31:56Z</time>
   </trkpt>
   <trkpt lat="49.3408750" lon="-123.2582010">
    <ele>50.6</ele>
    <time>2024-09-04T18:31:57Z</time>
   </trkpt>
   <trkpt lat="49.3408500" lon="-123.2580700">
    <ele>50.6</ele>
    <time>2024-09-04T18:31:58Z</time>
   </trkpt>
   <trkpt lat="49.3408110" lon="-123.2579580">
    <ele>50.7</ele>
    <time>2024-09-04T18:31:59Z</time>
   </trkpt>
   <trkpt lat="49.3407820" lon="-123.2578360">
    <ele>50.7</ele>
    <time>2024-09-04T18:32:00Z</time>
   </trkpt>
   <trkpt lat="49.3407410" lon="-123.2577140">
    <ele>50.9</ele>
    <time>2024-09-04T18:32:01Z</time>
   </trkpt>
   <trkpt lat="49.3406930" lon="-123.2576060">
    <ele>51.0</ele>
    <time>2024-09-04T18:32:02Z</time>
   </trkpt>
   <trkpt lat="49.3406530" lon="-123.2575090">
    <ele>51.2</ele>
    <time>2024-09-04T18:32:03Z</time>
   </trkpt>
   <trkpt lat="49.3406170" lon="-123.2574170">
    <ele>51.4</ele>
    <time>2024-09-04T18:32:04Z</time>
   </trkpt>
   <trkpt lat="49.3405690" lon="-123.2573260">
    <ele>51.7</ele>
    <time>2024-09-04T18:32:05Z</time>
   </trkpt>
   <trkpt lat="49.3405310" lon="-123.2572370">
    <ele>52.1</ele>
    <time>2024-09-04T18:32:06Z</time>
   </trkpt>
   <trkpt lat="49.3404950" lon="-123.2571510">
    <ele>52.5</ele>
    <time>2024-09-04T18:32:07Z</time>
   </trkpt>
   <trkpt lat="49.3404590" lon="-123.2570770">
    <ele>52.9</ele>
    <time>2024-09-04T18:32:08Z</time>
   </trkpt>
   <trkpt lat="49.3404360" lon="-123.2569900">
    <ele>53.4</ele>
    <time>2024-09-04T18:32:09Z</time>
   </trkpt>
   <trkpt lat="49.3403990" lon="-123.2569070">
    <ele>53.9</ele>
    <time>2024-09-04T18:32:10Z</time>
   </trkpt>
   <trkpt lat="49.3403670" lon="-123.2568200">
    <ele>54.4</ele>
    <time>2024-09-04T18:32:11Z</time>
   </trkpt>
   <trkpt lat="49.3403430" lon="-123.2567290">
    <ele>54.9</ele>
    <time>2024-09-04T18:32:12Z</time>
   </trkpt>
   <trkpt lat="49.3403280" lon="-123.2566400">
    <ele>55.4</ele>
    <time>2024-09-04T18:32:13Z</time>
   </trkpt>
   <trkpt lat="49.3403140" lon="-123.2565540">
    <ele>55.8</ele>
    <time>2024-09-04T18:32:14Z</time>
   </trkpt>
   <trkpt lat="49.3402980" lon="-123.2564760">
    <ele>56.2</ele>
    <time>2024-09-04T18:32:15Z</time>
   </trkpt>
   <trkpt lat="49.3402890" lon="-123.2563970">
    <ele>56.6</ele>
    <time>2024-09-04T18:32:16Z</time>
   </trkpt>
   <trkpt lat="49.3402870" lon="-123.2563160">
    <ele>57.0</ele>
    <time>2024-09-04T18:32:17Z</time>
   </trkpt>
   <trkpt lat="49.3402770" lon="-123.2562440">
    <ele>57.3</ele>
    <time>2024-09-04T18:32:18Z</time>
   </trkpt>
   <trkpt lat="49.3402680" lon="-123.2561690">
    <ele>57.6</ele>
    <time>2024-09-04T18:32:19Z</time>
   </trkpt>
   <trkpt lat="49.3402640" lon="-123.2560960">
    <ele>57.9</ele>
    <time>2024-09-04T18:32:20Z</time>
   </trkpt>
   <trkpt lat="49.3402610" lon="-123.2560230">
    <ele>58.2</ele>
    <time>2024-09-04T18:32:21Z</time>
   </trkpt>
   <trkpt lat="49.3402630" lon="-123.2559510">
    <ele>58.4</ele>
    <time>2024-09-04T18:32:22Z</time>
   </trkpt>
   <trkpt lat="49.3402640" lon="-123.2558870">
    <ele>58.5</ele>
    <time>2024-09-04T18:32:23Z</time>
   </trkpt>
   <trkpt lat="49.3402660" lon="-123.2558170">
    <ele>58.7</ele>
    <time>2024-09-04T18:32:24Z</time>
   </trkpt>
   <trkpt lat="49.3402720" lon="-123.2556780">
    <ele>58.9</ele>
    <time>2024-09-04T18:32:25Z</time>
   </trkpt>
   <trkpt lat="49.3402810" lon="-123.2556110">
    <ele>59.0</ele>
    <time>2024-09-04T18:32:26Z</time>
   </trkpt>
   <trkpt lat="49.3402900" lon="-123.2555350">
    <ele>59.1</ele>
    <time>2024-09-04T18:32:27Z</time>
   </trkpt>
   <trkpt lat="49.3402950" lon="-123.2554630">
    <ele>59.1</ele>
    <time>2024-09-04T18:32:28Z</time>
   </trkpt>
   <trkpt lat="49.3403100" lon="-123.2553860">
    <ele>59.1</ele>
    <time>2024-09-04T18:32:29Z</time>
   </trkpt>
   <trkpt lat="49.3403200" lon="-123.2553070">
    <ele>59.0</ele>
    <time>2024-09-04T18:32:30Z</time>
   </trkpt>
   <trkpt lat="49.3403340" lon="-123.2552340">
    <ele>59.0</ele>
    <time>2024-09-04T18:32:31Z</time>
   </trkpt>
   <trkpt lat="49.3403510" lon="-123.2551590">
    <ele>58.9</ele>
    <time>2024-09-04T18:32:32Z</time>
   </trkpt>
   <trkpt lat="49.3403680" lon="-123.2550820">
    <ele>58.9</ele>
    <time>2024-09-04T18:32:33Z</time>
   </trkpt>
   <trkpt lat="49.3403890" lon="-123.2550030">
    <ele>58.9</ele>
    <time>2024-09-04T18:32:34Z</time>
   </trkpt>
   <trkpt lat="49.3404070" lon="-123.2549240">
    <ele>58.9</ele>
    <time>2024-09-04T18:32:35Z</time>
   </trkpt>
   <trkpt lat="49.3404280" lon="-123.2548460">
    <ele>58.9</ele>
    <time>2024-09-04T18:32:36Z</time>
   </trkpt>
   <trkpt lat="49.3404500" lon="-123.2547670">
    <ele>58.9</ele>
    <time>2024-09-04T18:32:37Z</time>
   </trkpt>
   <trkpt lat="49.3404740" lon="-123.2546910">
    <ele>58.9</ele>
    <time>2024-09-04T18:32:38Z</time>
   </trkpt>
   <trkpt lat="49.3404950" lon="-123.2546120">
    <ele>59.0</ele>
    <time>2024-09-04T18:32:39Z</time>
   </trkpt>
   <trkpt lat="49.3405090" lon="-123.2545340">
    <ele>59.0</ele>
    <time>2024-09-04T18:32:40Z</time>
   </trkpt>
   <trkpt lat="49.3405320" lon="-123.2544600">
    <ele>59.1</ele>
    <time>2024-09-04T18:32:41Z</time>
   </trkpt>
   <trkpt lat="49.3405500" lon="-123.2543820">
    <ele>59.2</ele>
    <time>2024-09-04T18:32:42Z</time>
   </trkpt>
   <trkpt lat="49.3405710" lon="-123.2543090">
    <ele>59.2</ele>
    <time>2024-09-04T18:32:43Z</time>
   </trkpt>
   <trkpt lat="49.3405930" lon="-123.2542440">
    <ele>59.3</ele>
    <time>2024-09-04T18:32:44Z</time>
   </trkpt>
   <trkpt lat="49.3406070" lon="-123.2541730">
    <ele>59.4</ele>
    <time>2024-09-04T18:32:45Z</time>
   </trkpt>
   <trkpt lat="49.3406190" lon="-123.2541060">
    <ele>59.4</ele>
    <time>2024-09-04T18:32:46Z</time>
   </trkpt>
   <trkpt lat="49.3406320" lon="-123.2540380">
    <ele>59.4</ele>
    <time>2024-09-04T18:32:47Z</time>
   </trkpt>
   <trkpt lat="49.3406440" lon="-123.2539770">
    <ele>59.3</ele>
    <time>2024-09-04T18:32:48Z</time>
   </trkpt>
   <trkpt lat="49.3406540" lon="-123.2539180">
    <ele>59.3</ele>
    <time>2024-09-04T18:32:49Z</time>
   </trkpt>
   <trkpt lat="49.3406670" lon="-123.2538560">
    <ele>59.2</ele>
    <time>2024-09-04T18:32:50Z</time>
   </trkpt>
   <trkpt lat="49.3406770" lon="-123.2537890">
    <ele>59.1</ele>
    <time>2024-09-04T18:32:51Z</time>
   </trkpt>
   <trkpt lat="49.3406910" lon="-123.2537210">
    <ele>59.0</ele>
    <time>2024-09-04T18:32:52Z</time>
   </trkpt>
   <trkpt lat="49.3407000" lon="-123.2536520">
    <ele>58.8</ele>
    <time>2024-09-04T18:32:53Z</time>
   </trkpt>
   <trkpt lat="49.3407100" lon="-123.2535770">
    <ele>58.7</ele>
    <time>2024-09-04T18:32:54Z</time>
   </trkpt>
   <trkpt lat="49.3407180" lon="-123.2535060">
    <ele>58.6</ele>
    <time>2024-09-04T18:32:55Z</time>
   </trkpt>
   <trkpt lat="49.3407260" lon="-123.2534310">
    <ele>58.4</ele>
    <time>2024-09-04T18:32:56Z</time>
   </trkpt>
   <trkpt lat="49.3407360" lon="-123.2533450">
    <ele>58.2</ele>
    <time>2024-09-04T18:32:57Z</time>
   </trkpt>
   <trkpt lat="49.3407500" lon="-123.2532550">
    <ele>58.0</ele>
    <time>2024-09-04T18:32:58Z</time>
   </trkpt>
   <trkpt lat="49.3407620" lon="-123.2531590">
    <ele>57.7</ele>
    <time>2024-09-04T18:32:59Z</time>
   </trkpt>
   <trkpt lat="49.3407770" lon="-123.2530610">
    <ele>57.4</ele>
    <time>2024-09-04T18:33:00Z</time>
   </trkpt>
   <trkpt lat="49.3408050" lon="-123.2529620">
    <ele>57.0</ele>
    <time>2024-09-04T18:33:01Z</time>
   </trkpt>
   <trkpt lat="49.3408300" lon="-123.2528610">
    <ele>56.6</ele>
    <time>2024-09-04T18:33:02Z</time>
   </trkpt>
   <trkpt lat="49.3408620" lon="-123.2527610">
    <ele>56.0</ele>
    <time>2024-09-04T18:33:03Z</time>
   </trkpt>
   <trkpt lat="49.3408910" lon="-123.2526540">
    <ele>55.4</ele>
    <time>2024-09-04T18:33:04Z</time>
   </trkpt>
   <trkpt lat="49.3409150" lon="-123.2525380">
    <ele>54.6</ele>
    <time>2024-09-04T18:33:05Z</time>
   </trkpt>
   <trkpt lat="49.3409410" lon="-123.2524120">
    <ele>53.6</ele>
    <time>2024-09-04T18:33:06Z</time>
   </trkpt>
   <trkpt lat="49.3409710" lon="-123.2522770">
    <ele>52.5</ele>
    <time>2024-09-04T18:33:07Z</time>
   </trkpt>
   <trkpt lat="49.3410000" lon="-123.2521360">
    <ele>51.5</ele>
    <time>2024-09-04T18:33:08Z</time>
   </trkpt>
   <trkpt lat="49.3410350" lon="-123.2519920">
    <ele>50.5</ele>
    <time>2024-09-04T18:33:09Z</time>
   </trkpt>
   <trkpt lat="49.3410700" lon="-123.2518490">
    <ele>49.6</ele>
    <time>2024-09-04T18:33:10Z</time>
   </trkpt>
   <trkpt lat="49.3411010" lon="-123.2516900">
    <ele>48.7</ele>
    <time>2024-09-04T18:33:11Z</time>
   </trkpt>
   <trkpt lat="49.3411160" lon="-123.2515230">
    <ele>48.0</ele>
    <time>2024-09-04T18:33:12Z</time>
   </trkpt>
   <trkpt lat="49.3411190" lon="-123.2513610">
    <ele>47.5</ele>
    <time>2024-09-04T18:33:13Z</time>
   </trkpt>
   <trkpt lat="49.3411200" lon="-123.2512040">
    <ele>47.1</ele>
    <time>2024-09-04T18:33:14Z</time>
   </trkpt>
   <trkpt lat="49.3411190" lon="-123.2510490">
    <ele>46.7</ele>
    <time>2024-09-04T18:33:15Z</time>
   </trkpt>
   <trkpt lat="49.3411140" lon="-123.2508960">
    <ele>46.3</ele>
    <time>2024-09-04T18:33:16Z</time>
   </trkpt>
   <trkpt lat="49.3411080" lon="-123.2507480">
    <ele>45.7</ele>
    <time>2024-09-04T18:33:17Z</time>
   </trkpt>
   <trkpt lat="49.3411150" lon="-123.2505910">
    <ele>45.0</ele>
    <time>2024-09-04T18:33:18Z</time>
   </trkpt>
   <trkpt lat="49.3411260" lon="-123.2504340">
    <ele>44.0</ele>
    <time>2024-09-04T18:33:19Z</time>
   </trkpt>
   <trkpt lat="49.3411440" lon="-123.2502780">
    <ele>43.0</ele>
    <time>2024-09-04T18:33:20Z</time>
   </trkpt>
   <trkpt lat="49.3411710" lon="-123.2501130">
    <ele>41.7</ele>
    <time>2024-09-04T18:33:21Z</time>
   </trkpt>
   <trkpt lat="49.3411980" lon="-123.2499470">
    <ele>40.5</ele>
    <time>2024-09-04T18:33:22Z</time>
   </trkpt>
   <trkpt lat="49.3412190" lon="-123.2497730">
    <ele>39.2</ele>
    <time>2024-09-04T18:33:23Z</time>
   </trkpt>
   <trkpt lat="49.3412250" lon="-123.2495890">
    <ele>37.9</ele>
    <time>2024-09-04T18:33:24Z</time>
   </trkpt>
   <trkpt lat="49.3412100" lon="-123.2494020">
    <ele>36.6</ele>
    <time>2024-09-04T18:33:25Z</time>
   </trkpt>
   <trkpt lat="49.3411850" lon="-123.2492170">
    <ele>35.3</ele>
    <time>2024-09-04T18:33:26Z</time>
   </trkpt>
   <trkpt lat="49.3411510" lon="-123.2490310">
    <ele>33.9</ele>
    <time>2024-09-04T18:33:27Z</time>
   </trkpt>
   <trkpt lat="49.3411170" lon="-123.2488400">
    <ele>32.6</ele>
    <time>2024-09-04T18:33:28Z</time>
   </trkpt>
   <trkpt lat="49.3410830" lon="-123.2486490">
    <ele>31.6</ele>
    <time>2024-09-04T18:33:29Z</time>
   </trkpt>
   <trkpt lat="49.3410520" lon="-123.2484580">
    <ele>30.9</ele>
    <time>2024-09-04T18:33:30Z</time>
   </trkpt>
   <trkpt lat="49.3410250" lon="-123.2482710">
    <ele>30.5</ele>
    <time>2024-09-04T18:33:31Z</time>
   </trkpt>
   <trkpt lat="49.3410130" lon="-123.2480850">
    <ele>30.6</ele>
    <time>2024-09-04T18:33:32Z</time>
   </trkpt>
   <trkpt lat="49.3410130" lon="-123.2479050">
    <ele>30.8</ele>
    <time>2024-09-04T18:33:33Z</time>
   </trkpt>
   <trkpt lat="49.3410190" lon="-123.2477320">
    <ele>31.1</ele>
    <time>2024-09-04T18:33:34Z</time>
   </trkpt>
   <trkpt lat="49.3410270" lon="-123.2475800">
    <ele>31.4</ele>
    <time>2024-09-04T18:33:35Z</time>
   </trkpt>
   <trkpt lat="49.3410330" lon="-123.2474420">
    <ele>31.6</ele>
    <time>2024-09-04T18:33:36Z</time>
   </trkpt>
   <trkpt lat="49.3410210" lon="-123.2473120">
    <ele>31.7</ele>
    <time>2024-09-04T18:33:37Z</time>
   </trkpt>
   <trkpt lat="49.3410040" lon="-123.2471910">
    <ele>31.7</ele>
    <time>2024-09-04T18:33:38Z</time>
   </trkpt>
   <trkpt lat="49.3409860" lon="-123.2470690">
    <ele>31.5</ele>
    <time>2024-09-04T18:33:39Z</time>
   </trkpt>
   <trkpt lat="49.3409760" lon="-123.2469480">
    <ele>31.2</ele>
    <time>2024-09-04T18:33:40Z</time>
   </trkpt>
   <trkpt lat="49.3409620" lon="-123.2468410">
    <ele>30.9</ele>
    <time>2024-09-04T18:33:41Z</time>
   </trkpt>
   <trkpt lat="49.3409510" lon="-123.2467280">
    <ele>30.4</ele>
    <time>2024-09-04T18:33:42Z</time>
   </trkpt>
   <trkpt lat="49.3409470" lon="-123.2466090">
    <ele>29.9</ele>
    <time>2024-09-04T18:33:43Z</time>
   </trkpt>
   <trkpt lat="49.3409500" lon="-123.2464840">
    <ele>29.4</ele>
    <time>2024-09-04T18:33:44Z</time>
   </trkpt>
   <trkpt lat="49.3409530" lon="-123.2463490">
    <ele>28.7</ele>
    <time>2024-09-04T18:33:45Z</time>
   </trkpt>
   <trkpt lat="49.3409640" lon="-123.2462130">
    <ele>28.1</ele>
    <time>2024-09-04T18:33:46Z</time>
   </trkpt>
   <trkpt lat="49.3409910" lon="-123.2460760">
    <ele>27.4</ele>
    <time>2024-09-04T18:33:47Z</time>
   </trkpt>
   <trkpt lat="49.3410270" lon="-123.2459390">
    <ele>26.7</ele>
    <time>2024-09-04T18:33:48Z</time>
   </trkpt>
   <trkpt lat="49.3410730" lon="-123.2458020">
    <ele>25.9</ele>
    <time>2024-09-04T18:33:49Z</time>
   </trkpt>
   <trkpt lat="49.3411270" lon="-123.2456650">
    <ele>25.1</ele>
    <time>2024-09-04T18:33:50Z</time>
   </trkpt>
   <trkpt lat="49.3411830" lon="-123.2455260">
    <ele>24.3</ele>
    <time>2024-09-04T18:33:51Z</time>
   </trkpt>
   <trkpt lat="49.3412330" lon="-123.2453750">
    <ele>23.2</ele>
    <time>2024-09-04T18:33:52Z</time>
   </trkpt>
   <trkpt lat="49.3412730" lon="-123.2452140">
    <ele>22.2</ele>
    <time>2024-09-04T18:33:53Z</time>
   </trkpt>
   <trkpt lat="49.3413050" lon="-123.2450450">
    <ele>21.1</ele>
    <time>2024-09-04T18:33:54Z</time>
   </trkpt>
   <trkpt lat="49.3413210" lon="-123.2448710">
    <ele>20.2</ele>
    <time>2024-09-04T18:33:55Z</time>
   </trkpt>
   <trkpt lat="49.3413210" lon="-123.2446960">
    <ele>19.4</ele>
    <time>2024-09-04T18:33:56Z</time>
   </trkpt>
   <trkpt lat="49.3413150" lon="-123.2445230">
    <ele>18.8</ele>
    <time>2024-09-04T18:33:57Z</time>
   </trkpt>
   <trkpt lat="49.3413100" lon="-123.2443460">
    <ele>18.1</ele>
    <time>2024-09-04T18:33:59Z</time>
   </trkpt>
   <trkpt lat="49.3412970" lon="-123.2441710">
    <ele>17.4</ele>
    <time>2024-09-04T18:34:00Z</time>
   </trkpt>
   <trkpt lat="49.3412830" lon="-123.2439870">
    <ele>16.6</ele>
    <time>2024-09-04T18:34:01Z</time>
   </trkpt>
   <trkpt lat="49.3412550" lon="-123.2438060">
    <ele>15.8</ele>
    <time>2024-09-04T18:34:02Z</time>
   </trkpt>
   <trkpt lat="49.3412320" lon="-123.2436280">
    <ele>15.1</ele>
    <time>2024-09-04T18:34:03Z</time>
   </trkpt>
   <trkpt lat="49.3412090" lon="-123.2434470">
    <ele>14.5</ele>
    <time>2024-09-04T18:34:04Z</time>
   </trkpt>
   <trkpt lat="49.3411870" lon="-123.2432620">
    <ele>13.9</ele>
    <time>2024-09-04T18:34:05Z</time>
   </trkpt>
   <trkpt lat="49.3411640" lon="-123.2430780">
    <ele>13.5</ele>
    <time>2024-09-04T18:34:06Z</time>
   </trkpt>
   <trkpt lat="49.3411390" lon="-123.2428970">
    <ele>13.1</ele>
    <time>2024-09-04T18:34:07Z</time>
   </trkpt>
   <trkpt lat="49.3411170" lon="-123.2427170">
    <ele>12.9</ele>
    <time>2024-09-04T18:34:08Z</time>
   </trkpt>
   <trkpt lat="49.3410960" lon="-123.2425370">
    <ele>12.9</ele>
    <time>2024-09-04T18:34:09Z</time>
   </trkpt>
   <trkpt lat="49.3410750" lon="-123.2423620">
    <ele>13.1</ele>
    <time>2024-09-04T18:34:10Z</time>
   </trkpt>
   <trkpt lat="49.3410550" lon="-123.2421940">
    <ele>13.4</ele>
    <time>2024-09-04T18:34:11Z</time>
   </trkpt>
   <trkpt lat="49.3410360" lon="-123.2420320">
    <ele>13.7</ele>
    <time>2024-09-04T18:34:12Z</time>
   </trkpt>
   <trkpt lat="49.3410190" lon="-123.2418800">
    <ele>14.0</ele>
    <time>2024-09-04T18:34:13Z</time>
   </trkpt>
   <trkpt lat="49.3409990" lon="-123.2417340">
    <ele>14.3</ele>
    <time>2024-09-04T18:34:14Z</time>
   </trkpt>
   <trkpt lat="49.3409790" lon="-123.2415940">
    <ele>14.5</ele>
    <time>2024-09-04T18:34:15Z</time>
   </trkpt>
   <trkpt lat="49.3409600" lon="-123.2414550">
    <ele>14.7</ele>
    <time>2024-09-04T18:34:16Z</time>
   </trkpt>
   <trkpt lat="49.3409440" lon="-123.2413220">
    <ele>14.9</ele>
    <time>2024-09-04T18:34:17Z</time>
   </trkpt>
   <trkpt lat="49.3409270" lon="-123.2411940">
    <ele>15.1</ele>
    <time>2024-09-04T18:34:18Z</time>
   </trkpt>
   <trkpt lat="49.3409110" lon="-123.2410710">
    <ele>15.4</ele>
    <time>2024-09-04T18:34:19Z</time>
   </trkpt>
   <trkpt lat="49.3408980" lon="-123.2409540">
    <ele>15.7</ele>
    <time>2024-09-04T18:34:20Z</time>
   </trkpt>
   <trkpt lat="49.3408840" lon="-123.2408420">
    <ele>16.0</ele>
    <time>2024-09-04T18:34:21Z</time>
   </trkpt>
   <trkpt lat="49.3408730" lon="-123.2407360">
    <ele>16.3</ele>
    <time>2024-09-04T18:34:22Z</time>
   </trkpt>
   <trkpt lat="49.3408650" lon="-123.2406320">
    <ele>16.6</ele>
    <time>2024-09-04T18:34:23Z</time>
   </trkpt>
   <trkpt lat="49.3408540" lon="-123.2405340">
    <ele>16.8</ele>
    <time>2024-09-04T18:34:24Z</time>
   </trkpt>
   <trkpt lat="49.3408420" lon="-123.2404410">
    <ele>17.0</ele>
    <time>2024-09-04T18:34:25Z</time>
   </trkpt>
   <trkpt lat="49.3408320" lon="-123.2403490">
    <ele>17.2</ele>
    <time>2024-09-04T18:34:26Z</time>
   </trkpt>
   <trkpt lat="49.3408140" lon="-123.2402510">
    <ele>17.3</ele>
    <time>2024-09-04T18:34:27Z</time>
   </trkpt>
   <trkpt lat="49.3408020" lon="-123.2401520">
    <ele>17.4</ele>
    <time>2024-09-04T18:34:28Z</time>
   </trkpt>
   <trkpt lat="49.3407910" lon="-123.2400520">
    <ele>17.5</ele>
    <time>2024-09-04T18:34:29Z</time>
   </trkpt>
   <trkpt lat="49.3407640" lon="-123.2399600">
    <ele>17.6</ele>
    <time>2024-09-04T18:34:30Z</time>
   </trkpt>
   <trkpt lat="49.3407340" lon="-123.2397710">
    <ele>17.7</ele>
    <time>2024-09-04T18:34:31Z</time>
   </trkpt>
   <trkpt lat="49.3407220" lon="-123.2396840">
    <ele>17.7</ele>
    <time>2024-09-04T18:34:32Z</time>
   </trkpt>
   <trkpt lat="49.3407180" lon="-123.2395960">
    <ele>17.8</ele>
    <time>2024-09-04T18:34:33Z</time>
   </trkpt>
   <trkpt lat="49.3407130" lon="-123.2395120">
    <ele>17.8</ele>
    <time>2024-09-04T18:34:34Z</time>
   </trkpt>
   <trkpt lat="49.3407050" lon="-123.2394320">
    <ele>17.8</ele>
    <time>2024-09-04T18:34:35Z</time>
   </trkpt>
   <trkpt lat="49.3407020" lon="-123.2393530">
    <ele>17.9</ele>
    <time>2024-09-04T18:34:36Z</time>
   </trkpt>
   <trkpt lat="49.3406940" lon="-123.2392780">
    <ele>17.9</ele>
    <time>2024-09-04T18:34:37Z</time>
   </trkpt>
   <trkpt lat="49.3406870" lon="-123.2392000">
    <ele>17.9</ele>
    <time>2024-09-04T18:34:38Z</time>
   </trkpt>
   <trkpt lat="49.3406800" lon="-123.2391250">
    <ele>18.0</ele>
    <time>2024-09-04T18:34:39Z</time>
   </trkpt>
   <trkpt lat="49.3406700" lon="-123.2390540">
    <ele>18.0</ele>
    <time>2024-09-04T18:34:40Z</time>
   </trkpt>
   <trkpt lat="49.3406630" lon="-123.2389850">
    <ele>18.0</ele>
    <time>2024-09-04T18:34:41Z</time>
   </trkpt>
   <trkpt lat="49.3406550" lon="-123.2389170">
    <ele>18.0</ele>
    <time>2024-09-04T18:34:42Z</time>
   </trkpt>
   <trkpt lat="49.3406440" lon="-123.2388540">
    <ele>18.0</ele>
    <time>2024-09-04T18:34:43Z</time>
   </trkpt>
   <trkpt lat="49.3406330" lon="-123.2387920">
    <ele>18.0</ele>
    <time>2024-09-04T18:34:44Z</time>
   </trkpt>
   <trkpt lat="49.3406290" lon="-123.2387320">
    <ele>18.0</ele>
    <time>2024-09-04T18:34:45Z</time>
   </trkpt>
   <trkpt lat="49.3406260" lon="-123.2386720">
    <ele>18.0</ele>
    <time>2024-09-04T18:34:46Z</time>
   </trkpt>
   <trkpt lat="49.3406220" lon="-123.2386170">
    <ele>18.0</ele>
    <time>2024-09-04T18:34:47Z</time>
   </trkpt>
   <trkpt lat="49.3406130" lon="-123.2385670">
    <ele>18.0</ele>
    <time>2024-09-04T18:34:48Z</time>
   </trkpt>
   <trkpt lat="49.3406010" lon="-123.2385180">
    <ele>18.0</ele>
    <time>2024-09-04T18:34:49Z</time>
   </trkpt>
   <trkpt lat="49.3406010" lon="-123.2385030">
    <ele>18.0</ele>
    <time>2024-09-04T18:34:50Z</time>
   </trkpt>
   <trkpt lat="49.3406040" lon="-123.2385010">
    <ele>18.0</ele>
    <time>2024-09-04T18:34:51Z</time>
   </trkpt>
   <trkpt lat="49.3406030" lon="-123.2384840">
    <ele>18.0</ele>
    <time>2024-09-04T18:34:52Z</time>
   </trkpt>
   <trkpt lat="49.3406020" lon="-123.2384720">
    <ele>18.0</ele>
    <time>2024-09-04T18:34:53Z</time>
   </trkpt>
   <trkpt lat="49.3406040" lon="-123.2384740">
    <ele>18.0</ele>
    <time>2024-09-04T18:34:54Z</time>
   </trkpt>
   <trkpt lat="49.3406040" lon="-123.2384740">
    <ele>18.0</ele>
    <time>2024-09-04T18:34:55Z</time>
   </trkpt>
   <trkpt lat="49.3406050" lon="-123.2384720">
    <ele>18.0</ele>
    <time>2024-09-04T18:34:56Z</time>
   </trkpt>
   <trkpt lat="49.3406060" lon="-123.2384730">
    <ele>18.0</ele>
    <time>2024-09-04T18:34:57Z</time>
   </trkpt>
   <trkpt lat="49.3406070" lon="-123.2384720">
    <ele>18.0</ele>
    <time>2024-09-04T18:34:58Z</time>
   </trkpt>
   <trkpt lat="49.3406080" lon="-123.2384700">
    <ele>18.0</ele>
    <time>2024-09-04T18:34:59Z</time>
   </trkpt>
   <trkpt lat="49.3406080" lon="-123.2384690">
    <ele>18.0</ele>
    <time>2024-09-04T18:35:00Z</time>
   </trkpt>
   <trkpt lat="49.3406080" lon="-123.2384670">
    <ele>18.0</ele>
    <time>2024-09-04T18:35:01Z</time>
   </trkpt>
   <trkpt lat="49.3406080" lon="-123.2384660">
    <ele>18.0</ele>
    <time>2024-09-04T18:35:02Z</time>
   </trkpt>
   <trkpt lat="49.3406090" lon="-123.2384650">
    <ele>18.0</ele>
    <time>2024-09-04T18:35:03Z</time>
   </trkpt>
   <trkpt lat="49.3406090" lon="-123.2384650">
    <ele>18.0</ele>
    <time>2024-09-04T18:35:04Z</time>
   </trkpt>
   <trkpt lat="49.3406170" lon="-123.2383880">
    <ele>17.9</ele>
    <time>2024-09-04T18:35:14Z</time>
   </trkpt>
   <trkpt lat="49.3406110" lon="-123.2383520">
    <ele>17.9</ele>
    <time>2024-09-04T18:35:15Z</time>
   </trkpt>
   <trkpt lat="49.3406010" lon="-123.2382970">
    <ele>17.9</ele>
    <time>2024-09-04T18:35:16Z</time>
   </trkpt>
   <trkpt lat="49.3406000" lon="-123.2382780">
    <ele>17.9</ele>
    <time>2024-09-04T18:35:17Z</time>
   </trkpt>
   <trkpt lat="49.3406010" lon="-123.2382500">
    <ele>17.9</ele>
    <time>2024-09-04T18:35:18Z</time>
   </trkpt>
   <trkpt lat="49.3406010" lon="-123.2382240">
    <ele>17.9</ele>
    <time>2024-09-04T18:35:19Z</time>
   </trkpt>
   <trkpt lat="49.3405980" lon="-123.2381630">
    <ele>17.9</ele>
    <time>2024-09-04T18:35:20Z</time>
   </trkpt>
   <trkpt lat="49.3405970" lon="-123.2381420">
    <ele>17.9</ele>
    <time>2024-09-04T18:35:21Z</time>
   </trkpt>
   <trkpt lat="49.3405870" lon="-123.2380970">
    <ele>17.8</ele>
    <time>2024-09-04T18:35:22Z</time>
   </trkpt>
   <trkpt lat="49.3405740" lon="-123.2380550">
    <ele>17.8</ele>
    <time>2024-09-04T18:35:23Z</time>
   </trkpt>
   <trkpt lat="49.3405630" lon="-123.2380060">
    <ele>17.8</ele>
    <time>2024-09-04T18:35:24Z</time>
   </trkpt>
   <trkpt lat="49.3405590" lon="-123.2379550">
    <ele>17.7</ele>
    <time>2024-09-04T18:35:25Z</time>
   </trkpt>
   <trkpt lat="49.3405600" lon="-123.2379100">
    <ele>17.7</ele>
    <time>2024-09-04T18:35:26Z</time>
   </trkpt>
   <trkpt lat="49.3405530" lon="-123.2378640">
    <ele>17.7</ele>
    <time>2024-09-04T18:35:27Z</time>
   </trkpt>
   <trkpt lat="49.3405520" lon="-123.2378480">
    <ele>17.6</ele>
    <time>2024-09-04T18:35:28Z</time>
   </trkpt>
   <trkpt lat="49.3405520" lon="-123.2378040">
    <ele>17.6</ele>
    <time>2024-09-04T18:35:29Z</time>
   </trkpt>
   <trkpt lat="49.3405520" lon="-123.2377910">
    <ele>17.6</ele>
    <time>2024-09-04T18:35:30Z</time>
   </trkpt>
   <trkpt lat="49.3405500" lon="-123.2377660">
    <ele>17.6</ele>
    <time>2024-09-04T18:35:31Z</time>
   </trkpt>
   <trkpt lat="49.3405500" lon="-123.2377410">
    <ele>17.5</ele>
    <time>2024-09-04T18:35:32Z</time>
   </trkpt>
   <trkpt lat="49.3405500" lon="-123.2376950">
    <ele>17.5</ele>
    <time>2024-09-04T18:35:33Z</time>
   </trkpt>
   <trkpt lat="49.3405510" lon="-123.2376780">
    <ele>17.5</ele>
    <time>2024-09-04T18:35:34Z</time>
   </trkpt>
   <trkpt lat="49.3405490" lon="-123.2376170">
    <ele>17.4</ele>
    <time>2024-09-04T18:35:35Z</time>
   </trkpt>
   <trkpt lat="49.3405480" lon="-123.2375940">
    <ele>17.4</ele>
    <time>2024-09-04T18:35:36Z</time>
   </trkpt>
   <trkpt lat="49.3405450" lon="-123.2375480">
    <ele>17.3</ele>
    <time>2024-09-04T18:35:37Z</time>
   </trkpt>
   <trkpt lat="49.3405430" lon="-123.2374960">
    <ele>17.3</ele>
    <time>2024-09-04T18:35:38Z</time>
   </trkpt>
   <trkpt lat="49.3405400" lon="-123.2374420">
    <ele>17.2</ele>
    <time>2024-09-04T18:35:39Z</time>
   </trkpt>
   <trkpt lat="49.3405360" lon="-123.2373870">
    <ele>17.1</ele>
    <time>2024-09-04T18:35:40Z</time>
   </trkpt>
   <trkpt lat="49.3405300" lon="-123.2373260">
    <ele>17.0</ele>
    <time>2024-09-04T18:35:41Z</time>
   </trkpt>
   <trkpt lat="49.3405240" lon="-123.2372650">
    <ele>16.9</ele>
    <time>2024-09-04T18:35:42Z</time>
   </trkpt>
   <trkpt lat="49.3405130" lon="-123.2372060">
    <ele>16.7</ele>
    <time>2024-09-04T18:35:43Z</time>
   </trkpt>
   <trkpt lat="49.3405050" lon="-123.2371500">
    <ele>16.6</ele>
    <time>2024-09-04T18:35:44Z</time>
   </trkpt>
   <trkpt lat="49.3405020" lon="-123.2370720">
    <ele>16.3</ele>
    <time>2024-09-04T18:35:45Z</time>
   </trkpt>
   <trkpt lat="49.3404970" lon="-123.2370010">
    <ele>16.1</ele>
    <time>2024-09-04T18:35:46Z</time>
   </trkpt>
   <trkpt lat="49.3404910" lon="-123.2369290">
    <ele>15.8</ele>
    <time>2024-09-04T18:35:47Z</time>
   </trkpt>
   <trkpt lat="49.3404820" lon="-123.2368720">
    <ele>15.6</ele>
    <time>2024-09-04T18:35:48Z</time>
   </trkpt>
   <trkpt lat="49.3404810" lon="-123.2367930">
    <ele>15.5</ele>
    <time>2024-09-04T18:35:49Z</time>
   </trkpt>
   <trkpt lat="49.3404810" lon="-123.2367150">
    <ele>15.4</ele>
    <time>2024-09-04T18:35:50Z</time>
   </trkpt>
   <trkpt lat="49.3404900" lon="-123.2366330">
    <ele>15.0</ele>
    <time>2024-09-04T18:35:51Z</time>
   </trkpt>
   <trkpt lat="49.3405010" lon="-123.2365510">
    <ele>14.7</ele>
    <time>2024-09-04T18:35:52Z</time>
   </trkpt>
   <trkpt lat="49.3405130" lon="-123.2364580">
    <ele>14.3</ele>
    <time>2024-09-04T18:35:53Z</time>
   </trkpt>
   <trkpt lat="49.3405220" lon="-123.2363620">
    <ele>13.9</ele>
    <time>2024-09-04T18:35:54Z</time>
   </trkpt>
   <trkpt lat="49.3405410" lon="-123.2362630">
    <ele>13.5</ele>
    <time>2024-09-04T18:35:55Z</time>
   </trkpt>
   <trkpt lat="49.3405660" lon="-123.2361620">
    <ele>13.0</ele>
    <time>2024-09-04T18:35:56Z</time>
   </trkpt>
   <trkpt lat="49.3405950" lon="-123.2360520">
    <ele>12.5</ele>
    <time>2024-09-04T18:35:57Z</time>
   </trkpt>
   <trkpt lat="49.3406440" lon="-123.2359380">
    <ele>11.9</ele>
    <time>2024-09-04T18:35:58Z</time>
   </trkpt>
   <trkpt lat="49.3406820" lon="-123.2358280">
    <ele>11.4</ele>
    <time>2024-09-04T18:35:59Z</time>
   </trkpt>
   <trkpt lat="49.3407240" lon="-123.2357120">
    <ele>11.0</ele>
    <time>2024-09-04T18:36:00Z</time>
   </trkpt>
   <trkpt lat="49.3407760" lon="-123.2356020">
    <ele>10.6</ele>
    <time>2024-09-04T18:36:01Z</time>
   </trkpt>
   <trkpt lat="49.3408330" lon="-123.2354980">
    <ele>10.2</ele>
    <time>2024-09-04T18:36:02Z</time>
   </trkpt>
   <trkpt lat="49.3408900" lon="-123.2353970">
    <ele>9.9</ele>
    <time>2024-09-04T18:36:03Z</time>
   </trkpt>
   <trkpt lat="49.3409370" lon="-123.2352890">
    <ele>9.7</ele>
    <time>2024-09-04T18:36:05Z</time>
   </trkpt>
   <trkpt lat="49.3409900" lon="-123.2351890">
    <ele>9.6</ele>
    <time>2024-09-04T18:36:06Z</time>
   </trkpt>
   <trkpt lat="49.3410430" lon="-123.2350920">
    <ele>9.5</ele>
    <time>2024-09-04T18:36:07Z</time>
   </trkpt>
   <trkpt lat="49.3410960" lon="-123.2350000">
    <ele>9.6</ele>
    <time>2024-09-04T18:36:08Z</time>
   </trkpt>
   <trkpt lat="49.3411480" lon="-123.2349110">
    <ele>9.5</ele>
    <time>2024-09-04T18:36:09Z</time>
   </trkpt>
   <trkpt lat="49.3411980" lon="-123.2348200">
    <ele>9.4</ele>
    <time>2024-09-04T18:36:10Z</time>
   </trkpt>
   <trkpt lat="49.3412460" lon="-123.2347240">
    <ele>9.3</ele>
    <time>2024-09-04T18:36:11Z</time>
   </trkpt>
   <trkpt lat="49.3412920" lon="-123.2346330">
    <ele>9.1</ele>
    <time>2024-09-04T18:36:12Z</time>
   </trkpt>
   <trkpt lat="49.3413310" lon="-123.2345320">
    <ele>9.0</ele>
    <time>2024-09-04T18:36:13Z</time>
   </trkpt>
   <trkpt lat="49.3413690" lon="-123.2344330">
    <ele>8.9</ele>
    <time>2024-09-04T18:36:14Z</time>
   </trkpt>
   <trkpt lat="49.3414040" lon="-123.2343320">
    <ele>8.7</ele>
    <time>2024-09-04T18:36:15Z</time>
   </trkpt>
   <trkpt lat="49.3414360" lon="-123.2342260">
    <ele>8.6</ele>
    <time>2024-09-04T18:36:16Z</time>
   </trkpt>
   <trkpt lat="49.3414580" lon="-123.2341150">
    <ele>8.5</ele>
    <time>2024-09-04T18:36:17Z</time>
   </trkpt>
   <trkpt lat="49.3414750" lon="-123.2340030">
    <ele>8.5</ele>
    <time>2024-09-04T18:36:18Z</time>
   </trkpt>
   <trkpt lat="49.3414880" lon="-123.2338910">
    <ele>8.4</ele>
    <time>2024-09-04T18:36:19Z</time>
   </trkpt>
   <trkpt lat="49.3414950" lon="-123.2337790">
    <ele>8.4</ele>
    <time>2024-09-04T18:36:20Z</time>
   </trkpt>
   <trkpt lat="49.3414950" lon="-123.2336690">
    <ele>8.5</ele>
    <time>2024-09-04T18:36:21Z</time>
   </trkpt>
   <trkpt lat="49.3414930" lon="-123.2335640">
    <ele>8.6</ele>
    <time>2024-09-04T18:36:22Z</time>
   </trkpt>
   <trkpt lat="49.3414900" lon="-123.2334680">
    <ele>8.7</ele>
    <time>2024-09-04T18:36:23Z</time>
   </trkpt>
   <trkpt lat="49.3414800" lon="-123.2333660">
    <ele>9.0</ele>
    <time>2024-09-04T18:36:24Z</time>
   </trkpt>
   <trkpt lat="49.3414710" lon="-123.2332710">
    <ele>9.3</ele>
    <time>2024-09-04T18:36:25Z</time>
   </trkpt>
   <trkpt lat="49.3414650" lon="-123.2331830">
    <ele>9.6</ele>
    <time>2024-09-04T18:36:26Z</time>
   </trkpt>
   <trkpt lat="49.3414590" lon="-123.2331010">
    <ele>10.0</ele>
    <time>2024-09-04T18:36:27Z</time>
   </trkpt>
   <trkpt lat="49.3414510" lon="-123.2330310">
    <ele>10.3</ele>
    <time>2024-09-04T18:36:28Z</time>
   </trkpt>
   <trkpt lat="49.3414450" lon="-123.2329670">
    <ele>10.7</ele>
    <time>2024-09-04T18:36:29Z</time>
   </trkpt>
   <trkpt lat="49.3414440" lon="-123.2329110">
    <ele>11.0</ele>
    <time>2024-09-04T18:36:30Z</time>
   </trkpt>
   <trkpt lat="49.3414440" lon="-123.2328570">
    <ele>11.3</ele>
    <time>2024-09-04T18:36:31Z</time>
   </trkpt>
   <trkpt lat="49.3414440" lon="-123.2328060">
    <ele>11.6</ele>
    <time>2024-09-04T18:36:32Z</time>
   </trkpt>
   <trkpt lat="49.3414420" lon="-123.2327580">
    <ele>11.9</ele>
    <time>2024-09-04T18:36:33Z</time>
   </trkpt>
   <trkpt lat="49.3414460" lon="-123.2327100">
    <ele>12.2</ele>
    <time>2024-09-04T18:36:34Z</time>
   </trkpt>
   <trkpt lat="49.3414480" lon="-123.2326690">
    <ele>12.5</ele>
    <time>2024-09-04T18:36:35Z</time>
   </trkpt>
   <trkpt lat="49.3414520" lon="-123.2326250">
    <ele>12.8</ele>
    <time>2024-09-04T18:36:36Z</time>
   </trkpt>
   <trkpt lat="49.3414540" lon="-123.2325840">
    <ele>13.1</ele>
    <time>2024-09-04T18:36:37Z</time>
   </trkpt>
   <trkpt lat="49.3414590" lon="-123.2325050">
    <ele>13.7</ele>
    <time>2024-09-04T18:36:38Z</time>
   </trkpt>
   <trkpt lat="49.3414620" lon="-123.2324670">
    <ele>13.9</ele>
    <time>2024-09-04T18:36:39Z</time>
   </trkpt>
   <trkpt lat="49.3414640" lon="-123.2324290">
    <ele>14.2</ele>
    <time>2024-09-04T18:36:40Z</time>
   </trkpt>
   <trkpt lat="49.3414710" lon="-123.2323680">
    <ele>14.6</ele>
    <time>2024-09-04T18:36:41Z</time>
   </trkpt>
   <trkpt lat="49.3414740" lon="-123.2323470">
    <ele>14.8</ele>
    <time>2024-09-04T18:36:42Z</time>
   </trkpt>
   <trkpt lat="49.3414780" lon="-123.2323020">
    <ele>15.1</ele>
    <time>2024-09-04T18:36:43Z</time>
   </trkpt>
   <trkpt lat="49.3414830" lon="-123.2322430">
    <ele>15.4</ele>
    <time>2024-09-04T18:36:44Z</time>
   </trkpt>
   <trkpt lat="49.3414850" lon="-123.2322240">
    <ele>15.6</ele>
    <time>2024-09-04T18:36:45Z</time>
   </trkpt>
   <trkpt lat="49.3414940" lon="-123.2321650">
    <ele>15.9</ele>
    <time>2024-09-04T18:36:46Z</time>
   </trkpt>
   <trkpt lat="49.3414980" lon="-123.2321450">
    <ele>16.1</ele>
    <time>2024-09-04T18:36:47Z</time>
   </trkpt>
   <trkpt lat="49.3415040" lon="-123.2321030">
    <ele>16.3</ele>
    <time>2024-09-04T18:36:48Z</time>
   </trkpt>
   <trkpt lat="49.3415110" lon="-123.2320620">
    <ele>16.6</ele>
    <time>2024-09-04T18:36:49Z</time>
   </trkpt>
   <trkpt lat="49.3415210" lon="-123.2320050">
    <ele>16.9</ele>
    <time>2024-09-04T18:36:50Z</time>
   </trkpt>
   <trkpt lat="49.3415250" lon="-123.2319860">
    <ele>17.0</ele>
    <time>2024-09-04T18:36:51Z</time>
   </trkpt>
   <trkpt lat="49.3415390" lon="-123.2319320">
    <ele>17.4</ele>
    <time>2024-09-04T18:36:52Z</time>
   </trkpt>
   <trkpt lat="49.3415420" lon="-123.2319140">
    <ele>17.5</ele>
    <time>2024-09-04T18:36:53Z</time>
   </trkpt>
   <trkpt lat="49.3415530" lon="-123.2318620">
    <ele>17.8</ele>
    <time>2024-09-04T18:36:54Z</time>
   </trkpt>
   <trkpt lat="49.3415570" lon="-123.2318440">
    <ele>17.9</ele>
    <time>2024-09-04T18:36:55Z</time>
   </trkpt>
   <trkpt lat="49.3415690" lon="-123.2317890">
    <ele>18.3</ele>
    <time>2024-09-04T18:36:56Z</time>
   </trkpt>
   <trkpt lat="49.3415730" lon="-123.2317710">
    <ele>18.4</ele>
    <time>2024-09-04T18:36:57Z</time>
   </trkpt>
   <trkpt lat="49.3415820" lon="-123.2317160">
    <ele>18.7</ele>
    <time>2024-09-04T18:36:58Z</time>
   </trkpt>
   <trkpt lat="49.3415850" lon="-123.2316980">
    <ele>18.8</ele>
    <time>2024-09-04T18:36:59Z</time>
   </trkpt>
   <trkpt lat="49.3415960" lon="-123.2316510">
    <ele>19.2</ele>
    <time>2024-09-04T18:37:00Z</time>
   </trkpt>
   <trkpt lat="49.3415990" lon="-123.2316350">
    <ele>19.3</ele>
    <time>2024-09-04T18:37:01Z</time>
   </trkpt>
   <trkpt lat="49.3416070" lon="-123.2315880">
    <ele>19.6</ele>
    <time>2024-09-04T18:37:02Z</time>
   </trkpt>
   <trkpt lat="49.3416110" lon="-123.2315710">
    <ele>19.7</ele>
    <time>2024-09-04T18:37:03Z</time>
   </trkpt>
   <trkpt lat="49.3416220" lon="-123.2315240">
    <ele>20.0</ele>
    <time>2024-09-04T18:37:04Z</time>
   </trkpt>
   <trkpt lat="49.3416260" lon="-123.2315090">
    <ele>20.1</ele>
    <time>2024-09-04T18:37:05Z</time>
   </trkpt>
   <trkpt lat="49.3416360" lon="-123.2314630">
    <ele>20.4</ele>
    <time>2024-09-04T18:37:06Z</time>
   </trkpt>
   <trkpt lat="49.3416390" lon="-123.2314470">
    <ele>20.6</ele>
    <time>2024-09-04T18:37:07Z</time>
   </trkpt>
   <trkpt lat="49.3416490" lon="-123.2314020">
    <ele>20.9</ele>
    <time>2024-09-04T18:37:08Z</time>
   </trkpt>
   <trkpt lat="49.3416530" lon="-123.2313870">
    <ele>21.0</ele>
    <time>2024-09-04T18:37:09Z</time>
   </trkpt>
   <trkpt lat="49.3416630" lon="-123.2313410">
    <ele>21.3</ele>
    <time>2024-09-04T18:37:10Z</time>
   </trkpt>
   <trkpt lat="49.3416660" lon="-123.2313250">
    <ele>21.4</ele>
    <time>2024-09-04T18:37:11Z</time>
   </trkpt>
   <trkpt lat="49.3416730" lon="-123.2312750">
    <ele>21.7</ele>
    <time>2024-09-04T18:37:12Z</time>
   </trkpt>
   <trkpt lat="49.3416760" lon="-123.2312560">
    <ele>21.9</ele>
    <time>2024-09-04T18:37:13Z</time>
   </trkpt>
   <trkpt lat="49.3416870" lon="-123.2312010">
    <ele>22.2</ele>
    <time>2024-09-04T18:37:14Z</time>
   </trkpt>
   <trkpt lat="49.3416910" lon="-123.2311830">
    <ele>22.3</ele>
    <time>2024-09-04T18:37:15Z</time>
   </trkpt>
   <trkpt lat="49.3417010" lon="-123.2311290">
    <ele>22.7</ele>
    <time>2024-09-04T18:37:16Z</time>
   </trkpt>
   <trkpt lat="49.3417040" lon="-123.2311110">
    <ele>22.8</ele>
    <time>2024-09-04T18:37:17Z</time>
   </trkpt>
   <trkpt lat="49.3417120" lon="-123.2310560">
    <ele>23.1</ele>
    <time>2024-09-04T18:37:18Z</time>
   </trkpt>
   <trkpt lat="49.3417140" lon="-123.2310380">
    <ele>23.2</ele>
    <time>2024-09-04T18:37:19Z</time>
   </trkpt>
   <trkpt lat="49.3417200" lon="-123.2309830">
    <ele>23.5</ele>
    <time>2024-09-04T18:37:20Z</time>
   </trkpt>
   <trkpt lat="49.3417230" lon="-123.2309640">
    <ele>23.5</ele>
    <time>2024-09-04T18:37:21Z</time>
   </trkpt>
   <trkpt lat="49.3417300" lon="-123.2309070">
    <ele>23.8</ele>
    <time>2024-09-04T18:37:22Z</time>
   </trkpt>
   <trkpt lat="49.3417320" lon="-123.2308880">
    <ele>23.9</ele>
    <time>2024-09-04T18:37:23Z</time>
   </trkpt>
   <trkpt lat="49.3417360" lon="-123.2308320">
    <ele>24.1</ele>
    <time>2024-09-04T18:37:24Z</time>
   </trkpt>
   <trkpt lat="49.3417370" lon="-123.2308120">
    <ele>24.2</ele>
    <time>2024-09-04T18:37:25Z</time>
   </trkpt>
   <trkpt lat="49.3417450" lon="-123.2307540">
    <ele>24.4</ele>
    <time>2024-09-04T18:37:26Z</time>
   </trkpt>
   <trkpt lat="49.3417480" lon="-123.2307340">
    <ele>24.4</ele>
    <time>2024-09-04T18:37:27Z</time>
   </trkpt>
   <trkpt lat="49.3417500" lon="-123.2306910">
    <ele>24.6</ele>
    <time>2024-09-04T18:37:28Z</time>
   </trkpt>
   <trkpt lat="49.3417540" lon="-123.2306480">
    <ele>24.7</ele>
    <time>2024-09-04T18:37:29Z</time>
   </trkpt>
   <trkpt lat="49.3417580" lon="-123.2306050">
    <ele>24.8</ele>
    <time>2024-09-04T18:37:30Z</time>
   </trkpt>
   <trkpt lat="49.3417610" lon="-123.2305630">
    <ele>24.9</ele>
    <time>2024-09-04T18:37:31Z</time>
   </trkpt>
   <trkpt lat="49.3417670" lon="-123.2305210">
    <ele>25.1</ele>
    <time>2024-09-04T18:37:32Z</time>
   </trkpt>
   <trkpt lat="49.3417750" lon="-123.2304750">
    <ele>25.2</ele>
    <time>2024-09-04T18:37:33Z</time>
   </trkpt>
   <trkpt lat="49.3417820" lon="-123.2304310">
    <ele>25.4</ele>
    <time>2024-09-04T18:37:34Z</time>
   </trkpt>
   <trkpt lat="49.3417850" lon="-123.2303880">
    <ele>25.6</ele>
    <time>2024-09-04T18:37:35Z</time>
   </trkpt>
   <trkpt lat="49.3417920" lon="-123.2303450">
    <ele>25.7</ele>
    <time>2024-09-04T18:37:36Z</time>
   </trkpt>
   <trkpt lat="49.3417940" lon="-123.2303030">
    <ele>25.9</ele>
    <time>2024-09-04T18:37:37Z</time>
   </trkpt>
   <trkpt lat="49.3417950" lon="-123.2302590">
    <ele>26.1</ele>
    <time>2024-09-04T18:37:38Z</time>
   </trkpt>
   <trkpt lat="49.3417970" lon="-123.2302160">
    <ele>26.2</ele>
    <time>2024-09-04T18:37:39Z</time>
   </trkpt>
   <trkpt lat="49.3418070" lon="-123.2301570">
    <ele>26.5</ele>
    <time>2024-09-04T18:37:40Z</time>
   </trkpt>
   <trkpt lat="49.3418110" lon="-123.2301370">
    <ele>26.6</ele>
    <time>2024-09-04T18:37:41Z</time>
   </trkpt>
   <trkpt lat="49.3418160" lon="-123.2300790">
    <ele>26.8</ele>
    <time>2024-09-04T18:37:42Z</time>
   </trkpt>
   <trkpt lat="49.3418170" lon="-123.2300590">
    <ele>26.9</ele>
    <time>2024-09-04T18:37:43Z</time>
   </trkpt>
   <trkpt lat="49.3418220" lon="-123.2300000">
    <ele>27.1</ele>
    <time>2024-09-04T18:37:44Z</time>
   </trkpt>
   <trkpt lat="49.3418230" lon="-123.2299820">
    <ele>27.2</ele>
    <time>2024-09-04T18:37:45Z</time>
   </trkpt>
   <trkpt lat="49.3418250" lon="-123.2299230">
    <ele>27.5</ele>
    <time>2024-09-04T18:37:46Z</time>
   </trkpt>
   <trkpt lat="49.3418260" lon="-123.2299030">
    <ele>27.5</ele>
    <time>2024-09-04T18:37:47Z</time>
   </trkpt>
   <trkpt lat="49.3418270" lon="-123.2298440">
    <ele>27.8</ele>
    <time>2024-09-04T18:37:48Z</time>
   </trkpt>
   <trkpt lat="49.3418290" lon="-123.2298240">
    <ele>27.8</ele>
    <time>2024-09-04T18:37:49Z</time>
   </trkpt>
   <trkpt lat="49.3418400" lon="-123.2297640">
    <ele>28.1</ele>
    <time>2024-09-04T18:37:50Z</time>
   </trkpt>
   <trkpt lat="49.3418440" lon="-123.2297430">
    <ele>28.2</ele>
    <time>2024-09-04T18:37:51Z</time>
   </trkpt>
   <trkpt lat="49.3418510" lon="-123.2297000">
    <ele>28.3</ele>
    <time>2024-09-04T18:37:52Z</time>
   </trkpt>
   <trkpt lat="49.3418560" lon="-123.2296590">
    <ele>28.5</ele>
    <time>2024-09-04T18:37:53Z</time>
   </trkpt>
   <trkpt lat="49.3418590" lon="-123.2296170">
    <ele>28.6</ele>
    <time>2024-09-04T18:37:54Z</time>
   </trkpt>
   <trkpt lat="49.3418610" lon="-123.2295750">
    <ele>28.8</ele>
    <time>2024-09-04T18:37:55Z</time>
   </trkpt>
   <trkpt lat="49.3418690" lon="-123.2295320">
    <ele>28.9</ele>
    <time>2024-09-04T18:37:56Z</time>
   </trkpt>
   <trkpt lat="49.3418740" lon="-123.2294880">
    <ele>29.0</ele>
    <time>2024-09-04T18:37:57Z</time>
   </trkpt>
   <trkpt lat="49.3418770" lon="-123.2294410">
    <ele>29.2</ele>
    <time>2024-09-04T18:37:58Z</time>
   </trkpt>
   <trkpt lat="49.3418860" lon="-123.2293970">
    <ele>29.3</ele>
    <time>2024-09-04T18:37:59Z</time>
   </trkpt>
   <trkpt lat="49.3418950" lon="-123.2293530">
    <ele>29.5</ele>
    <time>2024-09-04T18:38:00Z</time>
   </trkpt>
   <trkpt lat="49.3419010" lon="-123.2293050">
    <ele>29.6</ele>
    <time>2024-09-04T18:38:01Z</time>
   </trkpt>
   <trkpt lat="49.3419060" lon="-123.2292580">
    <ele>29.7</ele>
    <time>2024-09-04T18:38:02Z</time>
   </trkpt>
   <trkpt lat="49.3419120" lon="-123.2292090">
    <ele>29.8</ele>
    <time>2024-09-04T18:38:03Z</time>
   </trkpt>
   <trkpt lat="49.3419170" lon="-123.2291620">
    <ele>29.9</ele>
    <time>2024-09-04T18:38:04Z</time>
   </trkpt>
   <trkpt lat="49.3419220" lon="-123.2291140">
    <ele>30.1</ele>
    <time>2024-09-04T18:38:05Z</time>
   </trkpt>
   <trkpt lat="49.3419240" lon="-123.2290640">
    <ele>30.2</ele>
    <time>2024-09-04T18:38:06Z</time>
   </trkpt>
   <trkpt lat="49.3419260" lon="-123.2290160">
    <ele>30.3</ele>
    <time>2024-09-04T18:38:07Z</time>
   </trkpt>
   <trkpt lat="49.3419300" lon="-123.2289670">
    <ele>30.4</ele>
    <time>2024-09-04T18:38:08Z</time>
   </trkpt>
   <trkpt lat="49.3419370" lon="-123.2289170">
    <ele>30.5</ele>
    <time>2024-09-04T18:38:09Z</time>
   </trkpt>
   <trkpt lat="49.3419420" lon="-123.2288660">
    <ele>30.6</ele>
    <time>2024-09-04T18:38:11Z</time>
   </trkpt>
   <trkpt lat="49.3419480" lon="-123.2288120">
    <ele>30.7</ele>
    <time>2024-09-04T18:38:12Z</time>
   </trkpt>
   <trkpt lat="49.3419530" lon="-123.2287550">
    <ele>30.8</ele>
    <time>2024-09-04T18:38:13Z</time>
   </trkpt>
   <trkpt lat="49.3419580" lon="-123.2286990">
    <ele>30.8</ele>
    <time>2024-09-04T18:38:14Z</time>
   </trkpt>
   <trkpt lat="49.3419630" lon="-123.2286430">
    <ele>30.9</ele>
    <time>2024-09-04T18:38:15Z</time>
   </trkpt>
   <trkpt lat="49.3419640" lon="-123.2285910">
    <ele>30.9</ele>
    <time>2024-09-04T18:38:16Z</time>
   </trkpt>
   <trkpt lat="49.3419630" lon="-123.2285330">
    <ele>30.9</ele>
    <time>2024-09-04T18:38:17Z</time>
   </trkpt>
   <trkpt lat="49.3419630" lon="-123.2284720">
    <ele>30.8</ele>
    <time>2024-09-04T18:38:18Z</time>
   </trkpt>
   <trkpt lat="49.3419630" lon="-123.2284070">
    <ele>30.8</ele>
    <time>2024-09-04T18:38:19Z</time>
   </trkpt>
   <trkpt lat="49.3419630" lon="-123.2283400">
    <ele>30.7</ele>
    <time>2024-09-04T18:38:20Z</time>
   </trkpt>
   <trkpt lat="49.3419590" lon="-123.2282700">
    <ele>30.5</ele>
    <time>2024-09-04T18:38:21Z</time>
   </trkpt>
   <trkpt lat="49.3419490" lon="-123.2281950">
    <ele>30.3</ele>
    <time>2024-09-04T18:38:22Z</time>
   </trkpt>
   <trkpt lat="49.3419360" lon="-123.2281180">
    <ele>30.1</ele>
    <time>2024-09-04T18:38:23Z</time>
   </trkpt>
   <trkpt lat="49.3419270" lon="-123.2280320">
    <ele>29.7</ele>
    <time>2024-09-04T18:38:24Z</time>
   </trkpt>
   <trkpt lat="49.3419080" lon="-123.2279440">
    <ele>29.3</ele>
    <time>2024-09-04T18:38:25Z</time>
   </trkpt>
   <trkpt lat="49.3418820" lon="-123.2278540">
    <ele>28.9</ele>
    <time>2024-09-04T18:38:26Z</time>
   </trkpt>
   <trkpt lat="49.3418520" lon="-123.2277580">
    <ele>28.4</ele>
    <time>2024-09-04T18:38:27Z</time>
   </trkpt>
   <trkpt lat="49.3418160" lon="-123.2276610">
    <ele>27.9</ele>
    <time>2024-09-04T18:38:28Z</time>
   </trkpt>
   <trkpt lat="49.3417760" lon="-123.2275650">
    <ele>27.4</ele>
    <time>2024-09-04T18:38:29Z</time>
   </trkpt>
   <trkpt lat="49.3417370" lon="-123.2274730">
    <ele>27.0</ele>
    <time>2024-09-04T18:38:30Z</time>
   </trkpt>
   <trkpt lat="49.3416950" lon="-123.2273910">
    <ele>26.7</ele>
    <time>2024-09-04T18:38:31Z</time>
   </trkpt>
   <trkpt lat="49.3416560" lon="-123.2272970">
    <ele>26.5</ele>
    <time>2024-09-04T18:38:32Z</time>
   </trkpt>
   <trkpt lat="49.3416170" lon="-123.2272070">
    <ele>26.3</ele>
    <time>2024-09-04T18:38:33Z</time>
   </trkpt>
   <trkpt lat="49.3415720" lon="-123.2271220">
    <ele>26.2</ele>
    <time>2024-09-04T18:38:34Z</time>
   </trkpt>
   <trkpt lat="49.3415320" lon="-123.2270340">
    <ele>26.2</ele>
    <time>2024-09-04T18:38:35Z</time>
   </trkpt>
   <trkpt lat="49.3414910" lon="-123.2269510">
    <ele>26.1</ele>
    <time>2024-09-04T18:38:36Z</time>
   </trkpt>
   <trkpt lat="49.3414510" lon="-123.2268680">
    <ele>26.1</ele>
    <time>2024-09-04T18:38:37Z</time>
   </trkpt>
   <trkpt lat="49.3414140" lon="-123.2267770">
    <ele>26.1</ele>
    <time>2024-09-04T18:38:38Z</time>
   </trkpt>
   <trkpt lat="49.3413760" lon="-123.2266870">
    <ele>26.0</ele>
    <time>2024-09-04T18:38:39Z</time>
   </trkpt>
   <trkpt lat="49.3413370" lon="-123.2266000">
    <ele>26.0</ele>
    <time>2024-09-04T18:38:40Z</time>
   </trkpt>
   <trkpt lat="49.3412950" lon="-123.2265160">
    <ele>26.0</ele>
    <time>2024-09-04T18:38:41Z</time>
   </trkpt>
   <trkpt lat="49.3412550" lon="-123.2264320">
    <ele>26.0</ele>
    <time>2024-09-04T18:38:42Z</time>
   </trkpt>
   <trkpt lat="49.3412130" lon="-123.2263530">
    <ele>26.0</ele>
    <time>2024-09-04T18:38:43Z</time>
   </trkpt>
   <trkpt lat="49.3411740" lon="-123.2262790">
    <ele>26.0</ele>
    <time>2024-09-04T18:38:44Z</time>
   </trkpt>
   <trkpt lat="49.3411380" lon="-123.2262080">
    <ele>26.0</ele>
    <time>2024-09-04T18:38:45Z</time>
   </trkpt>
   <trkpt lat="49.3410710" lon="-123.2260600">
    <ele>26.1</ele>
    <time>2024-09-04T18:38:46Z</time>
   </trkpt>
   <trkpt lat="49.3410390" lon="-123.2259860">
    <ele>26.1</ele>
    <time>2024-09-04T18:38:47Z</time>
   </trkpt>
   <trkpt lat="49.3410060" lon="-123.2259130">
    <ele>26.2</ele>
    <time>2024-09-04T18:38:48Z</time>
   </trkpt>
   <trkpt lat="49.3409740" lon="-123.2258420">
    <ele>26.2</ele>
    <time>2024-09-04T18:38:49Z</time>
   </trkpt>
   <trkpt lat="49.3409430" lon="-123.2257720">
    <ele>26.3</ele>
    <time>2024-09-04T18:38:50Z</time>
   </trkpt>
   <trkpt lat="49.3409130" lon="-123.2257010">
    <ele>26.3</ele>
    <time>2024-09-04T18:38:51Z</time>
   </trkpt>
   <trkpt lat="49.3408840" lon="-123.2256280">
    <ele>26.4</ele>
    <time>2024-09-04T18:38:52Z</time>
   </trkpt>
   <trkpt lat="49.3408510" lon="-123.2255590">
    <ele>26.4</ele>
    <time>2024-09-04T18:38:53Z</time>
   </trkpt>
   <trkpt lat="49.3408150" lon="-123.2254940">
    <ele>26.4</ele>
    <time>2024-09-04T18:38:54Z</time>
   </trkpt>
   <trkpt lat="49.3407810" lon="-123.2254350">
    <ele>26.4</ele>
    <time>2024-09-04T18:38:55Z</time>
   </trkpt>
   <trkpt lat="49.3407460" lon="-123.2253650">
    <ele>26.4</ele>
    <time>2024-09-04T18:38:56Z</time>
   </trkpt>
   <trkpt lat="49.3407140" lon="-123.2252980">
    <ele>26.4</ele>
    <time>2024-09-04T18:38:57Z</time>
   </trkpt>
   <trkpt lat="49.3406810" lon="-123.2252310">
    <ele>26.3</ele>
    <time>2024-09-04T18:38:58Z</time>
   </trkpt>
   <trkpt lat="49.3406460" lon="-123.2251700">
    <ele>26.2</ele>
    <time>2024-09-04T18:38:59Z</time>
   </trkpt>
   <trkpt lat="49.3406130" lon="-123.2251080">
    <ele>26.1</ele>
    <time>2024-09-04T18:39:00Z</time>
   </trkpt>
   <trkpt lat="49.3405800" lon="-123.2250480">
    <ele>25.9</ele>
    <time>2024-09-04T18:39:01Z</time>
   </trkpt>
   <trkpt lat="49.3405430" lon="-123.2249870">
    <ele>25.8</ele>
    <time>2024-09-04T18:39:02Z</time>
   </trkpt>
   <trkpt lat="49.3405040" lon="-123.2249230">
    <ele>25.6</ele>
    <time>2024-09-04T18:39:03Z</time>
   </trkpt>
   <trkpt lat="49.3404630" lon="-123.2248590">
    <ele>25.4</ele>
    <time>2024-09-04T18:39:04Z</time>
   </trkpt>
   <trkpt lat="49.3404210" lon="-123.2247910">
    <ele>25.1</ele>
    <time>2024-09-04T18:39:05Z</time>
   </trkpt>
   <trkpt lat="49.3403800" lon="-123.2247170">
    <ele>24.8</ele>
    <time>2024-09-04T18:39:06Z</time>
   </trkpt>
   <trkpt lat="49.3403410" lon="-123.2246410">
    <ele>24.4</ele>
    <time>2024-09-04T18:39:07Z</time>
   </trkpt>
   <trkpt lat="49.3402990" lon="-123.2245570">
    <ele>24.0</ele>
    <time>2024-09-04T18:39:08Z</time>
   </trkpt>
   <trkpt lat="49.3402560" lon="-123.2244750">
    <ele>23.6</ele>
    <time>2024-09-04T18:39:09Z</time>
   </trkpt>
   <trkpt lat="49.3402130" lon="-123.2243880">
    <ele>23.1</ele>
    <time>2024-09-04T18:39:10Z</time>
   </trkpt>
   <trkpt lat="49.3401730" lon="-123.2242960">
    <ele>22.6</ele>
    <time>2024-09-04T18:39:11Z</time>
   </trkpt>
   <trkpt lat="49.3401340" lon="-123.2241970">
    <ele>22.1</ele>
    <time>2024-09-04T18:39:12Z</time>
   </trkpt>
   <trkpt lat="49.3400970" lon="-123.2240910">
    <ele>21.6</ele>
    <time>2024-09-04T18:39:13Z</time>
   </trkpt>
   <trkpt lat="49.3400610" lon="-123.2239790">
    <ele>21.0</ele>
    <time>2024-09-04T18:39:14Z</time>
   </trkpt>
   <trkpt lat="49.3400230" lon="-123.2238650">
    <ele>20.4</ele>
    <time>2024-09-04T18:39:15Z</time>
   </trkpt>
   <trkpt lat="49.3399860" lon="-123.2237460">
    <ele>19.9</ele>
    <time>2024-09-04T18:39:16Z</time>
   </trkpt>
   <trkpt lat="49.3399490" lon="-123.2236250">
    <ele>19.3</ele>
    <time>2024-09-04T18:39:17Z</time>
   </trkpt>
   <trkpt lat="49.3399140" lon="-123.2235030">
    <ele>18.7</ele>
    <time>2024-09-04T18:39:18Z</time>
   </trkpt>
   <trkpt lat="49.3398750" lon="-123.2233790">
    <ele>18.1</ele>
    <time>2024-09-04T18:39:19Z</time>
   </trkpt>
   <trkpt lat="49.3398360" lon="-123.2232580">
    <ele>17.5</ele>
    <time>2024-09-04T18:39:20Z</time>
   </trkpt>
   <trkpt lat="49.3397960" lon="-123.2231360">
    <ele>16.8</ele>
    <time>2024-09-04T18:39:21Z</time>
   </trkpt>
   <trkpt lat="49.3397570" lon="-123.2230140">
    <ele>16.1</ele>
    <time>2024-09-04T18:39:22Z</time>
   </trkpt>
   <trkpt lat="49.3397210" lon="-123.2228900">
    <ele>15.4</ele>
    <time>2024-09-04T18:39:23Z</time>
   </trkpt>
   <trkpt lat="49.3396860" lon="-123.2227640">
    <ele>14.8</ele>
    <time>2024-09-04T18:39:24Z</time>
   </trkpt>
   <trkpt lat="49.3396520" lon="-123.2226330">
    <ele>14.1</ele>
    <time>2024-09-04T18:39:25Z</time>
   </trkpt>
   <trkpt lat="49.3396190" lon="-123.2224960">
    <ele>13.4</ele>
    <time>2024-09-04T18:39:26Z</time>
   </trkpt>
   <trkpt lat="49.3395810" lon="-123.2223610">
    <ele>12.7</ele>
    <time>2024-09-04T18:39:27Z</time>
   </trkpt>
   <trkpt lat="49.3395400" lon="-123.2222300">
    <ele>12.2</ele>
    <time>2024-09-04T18:39:28Z</time>
   </trkpt>
   <trkpt lat="49.3394960" lon="-123.2220960">
    <ele>11.8</ele>
    <time>2024-09-04T18:39:29Z</time>
   </trkpt>
   <trkpt lat="49.3394480" lon="-123.2219670">
    <ele>11.5</ele>
    <time>2024-09-04T18:39:30Z</time>
   </trkpt>
   <trkpt lat="49.3393960" lon="-123.2218410">
    <ele>11.5</ele>
    <time>2024-09-04T18:39:31Z</time>
   </trkpt>
   <trkpt lat="49.3393400" lon="-123.2217260">
    <ele>11.5</ele>
    <time>2024-09-04T18:39:32Z</time>
   </trkpt>
   <trkpt lat="49.3392760" lon="-123.2216310">
    <ele>11.7</ele>
    <time>2024-09-04T18:39:33Z</time>
   </trkpt>
   <trkpt lat="49.3392130" lon="-123.2215500">
    <ele>11.9</ele>
    <time>2024-09-04T18:39:34Z</time>
   </trkpt>
   <trkpt lat="49.3391500" lon="-123.2214770">
    <ele>12.1</ele>
    <time>2024-09-04T18:39:35Z</time>
   </trkpt>
   <trkpt lat="49.3390900" lon="-123.2214130">
    <ele>12.4</ele>
    <time>2024-09-04T18:39:36Z</time>
   </trkpt>
   <trkpt lat="49.3390280" lon="-123.2213600">
    <ele>12.7</ele>
    <time>2024-09-04T18:39:37Z</time>
   </trkpt>
   <trkpt lat="49.3389670" lon="-123.2213020">
    <ele>12.9</ele>
    <time>2024-09-04T18:39:38Z</time>
   </trkpt>
   <trkpt lat="49.3389060" lon="-123.2212470">
    <ele>13.2</ele>
    <time>2024-09-04T18:39:39Z</time>
   </trkpt>
   <trkpt lat="49.3388460" lon="-123.2211890">
    <ele>13.4</ele>
    <time>2024-09-04T18:39:40Z</time>
   </trkpt>
   <trkpt lat="49.3387900" lon="-123.2211220">
    <ele>13.5</ele>
    <time>2024-09-04T18:39:41Z</time>
   </trkpt>
   <trkpt lat="49.3387440" lon="-123.2210400">
    <ele>13.7</ele>
    <time>2024-09-04T18:39:42Z</time>
   </trkpt>
   <trkpt lat="49.3387010" lon="-123.2209620">
    <ele>13.8</ele>
    <time>2024-09-04T18:39:43Z</time>
   </trkpt>
   <trkpt lat="49.3386540" lon="-123.2208880">
    <ele>14.0</ele>
    <time>2024-09-04T18:39:44Z</time>
   </trkpt>
   <trkpt lat="49.3386120" lon="-123.2208080">
    <ele>14.1</ele>
    <time>2024-09-04T18:39:45Z</time>
   </trkpt>
   <trkpt lat="49.3385730" lon="-123.2207250">
    <ele>14.2</ele>
    <time>2024-09-04T18:39:46Z</time>
   </trkpt>
   <trkpt lat="49.3385390" lon="-123.2206390">
    <ele>14.4</ele>
    <time>2024-09-04T18:39:47Z</time>
   </trkpt>
   <trkpt lat="49.3385110" lon="-123.2205470">
    <ele>14.5</ele>
    <time>2024-09-04T18:39:48Z</time>
   </trkpt>
   <trkpt lat="49.3384830" lon="-123.2204600">
    <ele>14.6</ele>
    <time>2024-09-04T18:39:49Z</time>
   </trkpt>
   <trkpt lat="49.3384560" lon="-123.2203710">
    <ele>14.7</ele>
    <time>2024-09-04T18:39:50Z</time>
   </trkpt>
   <trkpt lat="49.3384370" lon="-123.2202770">
    <ele>14.9</ele>
    <time>2024-09-04T18:39:51Z</time>
   </trkpt>
   <trkpt lat="49.3384200" lon="-123.2201830">
    <ele>15.0</ele>
    <time>2024-09-04T18:39:52Z</time>
   </trkpt>
   <trkpt lat="49.3384100" lon="-123.2200890">
    <ele>15.1</ele>
    <time>2024-09-04T18:39:53Z</time>
   </trkpt>
   <trkpt lat="49.3384010" lon="-123.2199970">
    <ele>15.2</ele>
    <time>2024-09-04T18:39:54Z</time>
   </trkpt>
   <trkpt lat="49.3383920" lon="-123.2199020">
    <ele>15.3</ele>
    <time>2024-09-04T18:39:55Z</time>
   </trkpt>
   <trkpt lat="49.3383900" lon="-123.2198080">
    <ele>15.4</ele>
    <time>2024-09-04T18:39:56Z</time>
   </trkpt>
   <trkpt lat="49.3383870" lon="-123.2197130">
    <ele>15.5</ele>
    <time>2024-09-04T18:39:57Z</time>
   </trkpt>
   <trkpt lat="49.3383860" lon="-123.2196170">
    <ele>15.7</ele>
    <time>2024-09-04T18:39:58Z</time>
   </trkpt>
   <trkpt lat="49.3383900" lon="-123.2195210">
    <ele>15.9</ele>
    <time>2024-09-04T18:39:59Z</time>
   </trkpt>
   <trkpt lat="49.3383940" lon="-123.2194310">
    <ele>16.1</ele>
    <time>2024-09-04T18:40:00Z</time>
   </trkpt>
   <trkpt lat="49.3383980" lon="-123.2193430">
    <ele>16.3</ele>
    <time>2024-09-04T18:40:01Z</time>
   </trkpt>
   <trkpt lat="49.3384030" lon="-123.2192570">
    <ele>16.5</ele>
    <time>2024-09-04T18:40:02Z</time>
   </trkpt>
   <trkpt lat="49.3384130" lon="-123.2191730">
    <ele>16.8</ele>
    <time>2024-09-04T18:40:03Z</time>
   </trkpt>
   <trkpt lat="49.3384240" lon="-123.2190920">
    <ele>17.0</ele>
    <time>2024-09-04T18:40:04Z</time>
   </trkpt>
   <trkpt lat="49.3384360" lon="-123.2190120">
    <ele>17.3</ele>
    <time>2024-09-04T18:40:05Z</time>
   </trkpt>
   <trkpt lat="49.3384490" lon="-123.2189340">
    <ele>17.6</ele>
    <time>2024-09-04T18:40:06Z</time>
   </trkpt>
   <trkpt lat="49.3384620" lon="-123.2188600">
    <ele>17.8</ele>
    <time>2024-09-04T18:40:07Z</time>
   </trkpt>
   <trkpt lat="49.3384800" lon="-123.2187880">
    <ele>18.1</ele>
    <time>2024-09-04T18:40:08Z</time>
   </trkpt>
   <trkpt lat="49.3384950" lon="-123.2187190">
    <ele>18.4</ele>
    <time>2024-09-04T18:40:09Z</time>
   </trkpt>
   <trkpt lat="49.3385080" lon="-123.2186530">
    <ele>18.7</ele>
    <time>2024-09-04T18:40:10Z</time>
   </trkpt>
   <trkpt lat="49.3385200" lon="-123.2185810">
    <ele>18.9</ele>
    <time>2024-09-04T18:40:11Z</time>
   </trkpt>
   <trkpt lat="49.3385370" lon="-123.2185060">
    <ele>19.2</ele>
    <time>2024-09-04T18:40:12Z</time>
   </trkpt>
   <trkpt lat="49.3385530" lon="-123.2184350">
    <ele>19.5</ele>
    <time>2024-09-04T18:40:13Z</time>
   </trkpt>
   <trkpt lat="49.3385680" lon="-123.2183680">
    <ele>19.8</ele>
    <time>2024-09-04T18:40:14Z</time>
   </trkpt>
   <trkpt lat="49.3385800" lon="-123.2183020">
    <ele>20.1</ele>
    <time>2024-09-04T18:40:16Z</time>
   </trkpt>
   <trkpt lat="49.3385940" lon="-123.2182380">
    <ele>20.3</ele>
    <time>2024-09-04T18:40:17Z</time>
   </trkpt>
   <trkpt lat="49.3386090" lon="-123.2181740">
    <ele>20.6</ele>
    <time>2024-09-04T18:40:18Z</time>
   </trkpt>
   <trkpt lat="49.3386250" lon="-123.2181120">
    <ele>20.8</ele>
    <time>2024-09-04T18:40:19Z</time>
   </trkpt>
   <trkpt lat="49.3386390" lon="-123.2180520">
    <ele>21.0</ele>
    <time>2024-09-04T18:40:20Z</time>
   </trkpt>
   <trkpt lat="49.3386520" lon="-123.2179890">
    <ele>21.2</ele>
    <time>2024-09-04T18:40:21Z</time>
   </trkpt>
   <trkpt lat="49.3386640" lon="-123.2179250">
    <ele>21.5</ele>
    <time>2024-09-04T18:40:22Z</time>
   </trkpt>
   <trkpt lat="49.3386790" lon="-123.2178640">
    <ele>21.7</ele>
    <time>2024-09-04T18:40:23Z</time>
   </trkpt>
   <trkpt lat="49.3386910" lon="-123.2178010">
    <ele>21.9</ele>
    <time>2024-09-04T18:40:24Z</time>
   </trkpt>
   <trkpt lat="49.3387070" lon="-123.2177400">
    <ele>22.1</ele>
    <time>2024-09-04T18:40:25Z</time>
   </trkpt>
   <trkpt lat="49.3387230" lon="-123.2176790">
    <ele>22.3</ele>
    <time>2024-09-04T18:40:26Z</time>
   </trkpt>
   <trkpt lat="49.3387380" lon="-123.2176180">
    <ele>22.5</ele>
    <time>2024-09-04T18:40:27Z</time>
   </trkpt>
   <trkpt lat="49.3387520" lon="-123.2175550">
    <ele>22.7</ele>
    <time>2024-09-04T18:40:28Z</time>
   </trkpt>
   <trkpt lat="49.3387640" lon="-123.2174910">
    <ele>22.9</ele>
    <time>2024-09-04T18:40:29Z</time>
   </trkpt>
   <trkpt lat="49.3387800" lon="-123.2174300">
    <ele>23.1</ele>
    <time>2024-09-04T18:40:30Z</time>
   </trkpt>
   <trkpt lat="49.3387970" lon="-123.2173700">
    <ele>23.3</ele>
    <time>2024-09-04T18:40:31Z</time>
   </trkpt>
   <trkpt lat="49.3388140" lon="-123.2173120">
    <ele>23.5</ele>
    <time>2024-09-04T18:40:32Z</time>
   </trkpt>
   <trkpt lat="49.3388300" lon="-123.2172540">
    <ele>23.7</ele>
    <time>2024-09-04T18:40:33Z</time>
   </trkpt>
   <trkpt lat="49.3388430" lon="-123.2171960">
    <ele>23.9</ele>
    <time>2024-09-04T18:40:34Z</time>
   </trkpt>
   <trkpt lat="49.3388600" lon="-123.2171440">
    <ele>24.0</ele>
    <time>2024-09-04T18:40:35Z</time>
   </trkpt>
   <trkpt lat="49.3388790" lon="-123.2170870">
    <ele>24.2</ele>
    <time>2024-09-04T18:40:36Z</time>
   </trkpt>
   <trkpt lat="49.3389010" lon="-123.2170320">
    <ele>24.3</ele>
    <time>2024-09-04T18:40:37Z</time>
   </trkpt>
   <trkpt lat="49.3389220" lon="-123.2169750">
    <ele>24.4</ele>
    <time>2024-09-04T18:40:38Z</time>
   </trkpt>
   <trkpt lat="49.3389430" lon="-123.2169200">
    <ele>24.5</ele>
    <time>2024-09-04T18:40:39Z</time>
   </trkpt>
   <trkpt lat="49.3389670" lon="-123.2168620">
    <ele>24.6</ele>
    <time>2024-09-04T18:40:40Z</time>
   </trkpt>
   <trkpt lat="49.3389930" lon="-123.2168050">
    <ele>24.6</ele>
    <time>2024-09-04T18:40:41Z</time>
   </trkpt>
   <trkpt lat="49.3390200" lon="-123.2167490">
    <ele>24.7</ele>
    <time>2024-09-04T18:40:42Z</time>
   </trkpt>
   <trkpt lat="49.3390430" lon="-123.2166850">
    <ele>24.8</ele>
    <time>2024-09-04T18:40:43Z</time>
   </trkpt>
   <trkpt lat="49.3390670" lon="-123.2166250">
    <ele>24.8</ele>
    <time>2024-09-04T18:40:44Z</time>
   </trkpt>
   <trkpt lat="49.3390930" lon="-123.2165630">
    <ele>24.9</ele>
    <time>2024-09-04T18:40:45Z</time>
   </trkpt>
   <trkpt lat="49.3391190" lon="-123.2165010">
    <ele>25.0</ele>
    <time>2024-09-04T18:40:46Z</time>
   </trkpt>
   <trkpt lat="49.3391430" lon="-123.2164360">
    <ele>25.0</ele>
    <time>2024-09-04T18:40:47Z</time>
   </trkpt>
   <trkpt lat="49.3391700" lon="-123.2163730">
    <ele>25.1</ele>
    <time>2024-09-04T18:40:48Z</time>
   </trkpt>
   <trkpt lat="49.3391950" lon="-123.2163100">
    <ele>25.2</ele>
    <time>2024-09-04T18:40:49Z</time>
   </trkpt>
   <trkpt lat="49.3392230" lon="-123.2162500">
    <ele>25.2</ele>
    <time>2024-09-04T18:40:50Z</time>
   </trkpt>
   <trkpt lat="49.3392820" lon="-123.2161330">
    <ele>25.4</ele>
    <time>2024-09-04T18:40:51Z</time>
   </trkpt>
   <trkpt lat="49.3393110" lon="-123.2160730">
    <ele>25.5</ele>
    <time>2024-09-04T18:40:52Z</time>
   </trkpt>
   <trkpt lat="49.3393410" lon="-123.2160150">
    <ele>25.6</ele>
    <time>2024-09-04T18:40:53Z</time>
   </trkpt>
   <trkpt lat="49.3393660" lon="-123.2159570">
    <ele>25.8</ele>
    <time>2024-09-04T18:40:54Z</time>
   </trkpt>
   <trkpt lat="49.3393940" lon="-123.2158980">
    <ele>25.9</ele>
    <time>2024-09-04T18:40:55Z</time>
   </trkpt>
   <trkpt lat="49.3394240" lon="-123.2158440">
    <ele>26.0</ele>
    <time>2024-09-04T18:40:56Z</time>
   </trkpt>
   <trkpt lat="49.3394550" lon="-123.2157880">
    <ele>26.1</ele>
    <time>2024-09-04T18:40:57Z</time>
   </trkpt>
   <trkpt lat="49.3394860" lon="-123.2157340">
    <ele>26.3</ele>
    <time>2024-09-04T18:40:58Z</time>
   </trkpt>
   <trkpt lat="49.3395190" lon="-123.2156820">
    <ele>26.4</ele>
    <time>2024-09-04T18:40:59Z</time>
   </trkpt>
   <trkpt lat="49.3395530" lon="-123.2156330">
    <ele>26.5</ele>
    <time>2024-09-04T18:41:00Z</time>
   </trkpt>
   <trkpt lat="49.3395850" lon="-123.2155840">
    <ele>26.6</ele>
    <time>2024-09-04T18:41:01Z</time>
   </trkpt>
   <trkpt lat="49.3396200" lon="-123.2155370">
    <ele>26.8</ele>
    <time>2024-09-04T18:41:02Z</time>
   </trkpt>
   <trkpt lat="49.3396550" lon="-123.2154890">
    <ele>26.9</ele>
    <time>2024-09-04T18:41:03Z</time>
   </trkpt>
   <trkpt lat="49.3396890" lon="-123.2154430">
    <ele>27.0</ele>
    <time>2024-09-04T18:41:04Z</time>
   </trkpt>
   <trkpt lat="49.3397240" lon="-123.2153990">
    <ele>27.1</ele>
    <time>2024-09-04T18:41:05Z</time>
   </trkpt>
   <trkpt lat="49.3397570" lon="-123.2153530">
    <ele>27.2</ele>
    <time>2024-09-04T18:41:06Z</time>
   </trkpt>
   <trkpt lat="49.3397910" lon="-123.2153050">
    <ele>27.3</ele>
    <time>2024-09-04T18:41:07Z</time>
   </trkpt>
   <trkpt lat="49.3398280" lon="-123.2152610">
    <ele>27.5</ele>
    <time>2024-09-04T18:41:08Z</time>
   </trkpt>
   <trkpt lat="49.3398640" lon="-123.2152160">
    <ele>27.6</ele>
    <time>2024-09-04T18:41:09Z</time>
   </trkpt>
   <trkpt lat="49.3398980" lon="-123.2151670">
    <ele>27.7</ele>
    <time>2024-09-04T18:41:10Z</time>
   </trkpt>
   <trkpt lat="49.3399280" lon="-123.2151110">
    <ele>27.8</ele>
    <time>2024-09-04T18:41:11Z</time>
   </trkpt>
   <trkpt lat="49.3399560" lon="-123.2150550">
    <ele>27.9</ele>
    <time>2024-09-04T18:41:12Z</time>
   </trkpt>
   <trkpt lat="49.3399850" lon="-123.2149980">
    <ele>28.1</ele>
    <time>2024-09-04T18:41:13Z</time>
   </trkpt>
   <trkpt lat="49.3400140" lon="-123.2149420">
    <ele>28.2</ele>
    <time>2024-09-04T18:41:14Z</time>
   </trkpt>
   <trkpt lat="49.3400450" lon="-123.2148830">
    <ele>28.3</ele>
    <time>2024-09-04T18:41:15Z</time>
   </trkpt>
   <trkpt lat="49.3400730" lon="-123.2148240">
    <ele>28.5</ele>
    <time>2024-09-04T18:41:16Z</time>
   </trkpt>
   <trkpt lat="49.3401010" lon="-123.2147640">
    <ele>28.6</ele>
    <time>2024-09-04T18:41:17Z</time>
   </trkpt>
   <trkpt lat="49.3401290" lon="-123.2147040">
    <ele>28.8</ele>
    <time>2024-09-04T18:41:18Z</time>
   </trkpt>
   <trkpt lat="49.3401550" lon="-123.2146420">
    <ele>29.0</ele>
    <time>2024-09-04T18:41:19Z</time>
   </trkpt>
   <trkpt lat="49.3401820" lon="-123.2145830">
    <ele>29.2</ele>
    <time>2024-09-04T18:41:20Z</time>
   </trkpt>
   <trkpt lat="49.3402080" lon="-123.2145230">
    <ele>29.4</ele>
    <time>2024-09-04T18:41:21Z</time>
   </trkpt>
   <trkpt lat="49.3402340" lon="-123.2144660">
    <ele>29.6</ele>
    <time>2024-09-04T18:41:22Z</time>
   </trkpt>
   <trkpt lat="49.3402600" lon="-123.2144110">
    <ele>29.8</ele>
    <time>2024-09-04T18:41:23Z</time>
   </trkpt>
   <trkpt lat="49.3402890" lon="-123.2143570">
    <ele>29.9</ele>
    <time>2024-09-04T18:41:24Z</time>
   </trkpt>
   <trkpt lat="49.3403250" lon="-123.2143180">
    <ele>30.1</ele>
    <time>2024-09-04T18:41:25Z</time>
   </trkpt>
   <trkpt lat="49.3403590" lon="-123.2142690">
    <ele>30.3</ele>
    <time>2024-09-04T18:41:26Z</time>
   </trkpt>
   <trkpt lat="49.3403950" lon="-123.2142240">
    <ele>30.5</ele>
    <time>2024-09-04T18:41:27Z</time>
   </trkpt>
   <trkpt lat="49.3404320" lon="-123.2141820">
    <ele>30.7</ele>
    <time>2024-09-04T18:41:28Z</time>
   </trkpt>
   <trkpt lat="49.3404730" lon="-123.2141450">
    <ele>30.9</ele>
    <time>2024-09-04T18:41:29Z</time>
   </trkpt>
   <trkpt lat="49.3405160" lon="-123.2141070">
    <ele>31.0</ele>
    <time>2024-09-04T18:41:30Z</time>
   </trkpt>
   <trkpt lat="49.3405580" lon="-123.2140760">
    <ele>31.2</ele>
    <time>2024-09-04T18:41:31Z</time>
   </trkpt>
   <trkpt lat="49.3406020" lon="-123.2140460">
    <ele>31.3</ele>
    <time>2024-09-04T18:41:32Z</time>
   </trkpt>
   <trkpt lat="49.3406470" lon="-123.2140180">
    <ele>31.4</ele>
    <time>2024-09-04T18:41:33Z</time>
   </trkpt>
   <trkpt lat="49.3406930" lon="-123.2139890">
    <ele>31.4</ele>
    <time>2024-09-04T18:41:34Z</time>
   </trkpt>
   <trkpt lat="49.3407400" lon="-123.2139710">
    <ele>31.5</ele>
    <time>2024-09-04T18:41:35Z</time>
   </trkpt>
   <trkpt lat="49.3407890" lon="-123.2139530">
    <ele>31.5</ele>
    <time>2024-09-04T18:41:36Z</time>
   </trkpt>
   <trkpt lat="49.3408410" lon="-123.2139370">
    <ele>31.5</ele>
    <time>2024-09-04T18:41:37Z</time>
   </trkpt>
   <trkpt lat="49.3408970" lon="-123.2139160">
    <ele>31.6</ele>
    <time>2024-09-04T18:41:38Z</time>
   </trkpt>
   <trkpt lat="49.3409500" lon="-123.2138930">
    <ele>31.6</ele>
    <time>2024-09-04T18:41:39Z</time>
   </trkpt>
   <trkpt lat="49.3410060" lon="-123.2138670">
    <ele>31.6</ele>
    <time>2024-09-04T18:41:40Z</time>
   </trkpt>
   <trkpt lat="49.3410620" lon="-123.2138320">
    <ele>31.6</ele>
    <time>2024-09-04T18:41:41Z</time>
   </trkpt>
   <trkpt lat="49.3411200" lon="-123.2138010">
    <ele>31.6</ele>
    <time>2024-09-04T18:41:42Z</time>
   </trkpt>
   <trkpt lat="49.3411720" lon="-123.2137580">
    <ele>31.6</ele>
    <time>2024-09-04T18:41:43Z</time>
   </trkpt>
   <trkpt lat="49.3412250" lon="-123.2137130">
    <ele>31.7</ele>
    <time>2024-09-04T18:41:44Z</time>
   </trkpt>
   <trkpt lat="49.3412730" lon="-123.2136570">
    <ele>31.7</ele>
    <time>2024-09-04T18:41:45Z</time>
   </trkpt>
   <trkpt lat="49.3413210" lon="-123.2136000">
    <ele>31.8</ele>
    <time>2024-09-04T18:41:46Z</time>
   </trkpt>
   <trkpt lat="49.3413680" lon="-123.2135410">
    <ele>31.8</ele>
    <time>2024-09-04T18:41:47Z</time>
   </trkpt>
   <trkpt lat="49.3414120" lon="-123.2134850">
    <ele>31.8</ele>
    <time>2024-09-04T18:41:48Z</time>
   </trkpt>
   <trkpt lat="49.3414580" lon="-123.2134270">
    <ele>31.9</ele>
    <time>2024-09-04T18:41:49Z</time>
   </trkpt>
   <trkpt lat="49.3415020" lon="-123.2133670">
    <ele>31.9</ele>
    <time>2024-09-04T18:41:50Z</time>
   </trkpt>
   <trkpt lat="49.3415470" lon="-123.2133070">
    <ele>31.9</ele>
    <time>2024-09-04T18:41:51Z</time>
   </trkpt>
   <trkpt lat="49.3415910" lon="-123.2132420">
    <ele>31.9</ele>
    <time>2024-09-04T18:41:52Z</time>
   </trkpt>
   <trkpt lat="49.3416330" lon="-123.2131770">
    <ele>32.0</ele>
    <time>2024-09-04T18:41:53Z</time>
   </trkpt>
   <trkpt lat="49.3416740" lon="-123.2131130">
    <ele>32.0</ele>
    <time>2024-09-04T18:41:54Z</time>
   </trkpt>
   <trkpt lat="49.3417140" lon="-123.2130510">
    <ele>32.1</ele>
    <time>2024-09-04T18:41:55Z</time>
   </trkpt>
   <trkpt lat="49.3417540" lon="-123.2129850">
    <ele>32.2</ele>
    <time>2024-09-04T18:41:56Z</time>
   </trkpt>
   <trkpt lat="49.3417930" lon="-123.2129210">
    <ele>32.4</ele>
    <time>2024-09-04T18:41:57Z</time>
   </trkpt>
   <trkpt lat="49.3418310" lon="-123.2128570">
    <ele>32.5</ele>
    <time>2024-09-04T18:41:58Z</time>
   </trkpt>
   <trkpt lat="49.3418700" lon="-123.2127940">
    <ele>32.6</ele>
    <time>2024-09-04T18:41:59Z</time>
   </trkpt>
   <trkpt lat="49.3419080" lon="-123.2127300">
    <ele>32.7</ele>
    <time>2024-09-04T18:42:00Z</time>
   </trkpt>
   <trkpt lat="49.3419420" lon="-123.2126630">
    <ele>32.9</ele>
    <time>2024-09-04T18:42:01Z</time>
   </trkpt>
   <trkpt lat="49.3419740" lon="-123.2125960">
    <ele>33.0</ele>
    <time>2024-09-04T18:42:02Z</time>
   </trkpt>
   <trkpt lat="49.3420000" lon="-123.2125280">
    <ele>33.0</ele>
    <time>2024-09-04T18:42:03Z</time>
   </trkpt>
   <trkpt lat="49.3420130" lon="-123.2124500">
    <ele>33.1</ele>
    <time>2024-09-04T18:42:04Z</time>
   </trkpt>
   <trkpt lat="49.3420200" lon="-123.2123740">
    <ele>33.1</ele>
    <time>2024-09-04T18:42:05Z</time>
   </trkpt>
   <trkpt lat="49.3420220" lon="-123.2122970">
    <ele>33.0</ele>
    <time>2024-09-04T18:42:06Z</time>
   </trkpt>
   <trkpt lat="49.3420180" lon="-123.2122200">
    <ele>32.8</ele>
    <time>2024-09-04T18:42:07Z</time>
   </trkpt>
   <trkpt lat="49.3420020" lon="-123.2121420">
    <ele>32.7</ele>
    <time>2024-09-04T18:42:08Z</time>
   </trkpt>
   <trkpt lat="49.3419850" lon="-123.2120630">
    <ele>32.4</ele>
    <time>2024-09-04T18:42:09Z</time>
   </trkpt>
   <trkpt lat="49.3419700" lon="-123.2119790">
    <ele>32.2</ele>
    <time>2024-09-04T18:42:10Z</time>
   </trkpt>
   <trkpt lat="49.3419620" lon="-123.2118930">
    <ele>31.9</ele>
    <time>2024-09-04T18:42:11Z</time>
   </trkpt>
   <trkpt lat="49.3419460" lon="-123.2118080">
    <ele>31.7</ele>
    <time>2024-09-04T18:42:12Z</time>
   </trkpt>
   <trkpt lat="49.3419300" lon="-123.2117170">
    <ele>31.6</ele>
    <time>2024-09-04T18:42:13Z</time>
   </trkpt>
   <trkpt lat="49.3419130" lon="-123.2116260">
    <ele>31.4</ele>
    <time>2024-09-04T18:42:14Z</time>
   </trkpt>
   <trkpt lat="49.3418970" lon="-123.2115340">
    <ele>31.2</ele>
    <time>2024-09-04T18:42:15Z</time>
   </trkpt>
   <trkpt lat="49.3418770" lon="-123.2114400">
    <ele>31.0</ele>
    <time>2024-09-04T18:42:16Z</time>
   </trkpt>
   <trkpt lat="49.3418590" lon="-123.2113450">
    <ele>30.8</ele>
    <time>2024-09-04T18:42:17Z</time>
   </trkpt>
   <trkpt lat="49.3418410" lon="-123.2112460">
    <ele>30.6</ele>
    <time>2024-09-04T18:42:18Z</time>
   </trkpt>
   <trkpt lat="49.3418220" lon="-123.2111480">
    <ele>30.4</ele>
    <time>2024-09-04T18:42:19Z</time>
   </trkpt>
   <trkpt lat="49.3418050" lon="-123.2110470">
    <ele>30.2</ele>
    <time>2024-09-04T18:42:20Z</time>
   </trkpt>
   <trkpt lat="49.3417840" lon="-123.2109450">
    <ele>30.0</ele>
    <time>2024-09-04T18:42:22Z</time>
   </trkpt>
   <trkpt lat="49.3417610" lon="-123.2108440">
    <ele>29.8</ele>
    <time>2024-09-04T18:42:23Z</time>
   </trkpt>
   <trkpt lat="49.3417400" lon="-123.2107440">
    <ele>29.6</ele>
    <time>2024-09-04T18:42:24Z</time>
   </trkpt>
   <trkpt lat="49.3417200" lon="-123.2106430">
    <ele>29.3</ele>
    <time>2024-09-04T18:42:25Z</time>
   </trkpt>
   <trkpt lat="49.3416970" lon="-123.2105410">
    <ele>29.1</ele>
    <time>2024-09-04T18:42:26Z</time>
   </trkpt>
   <trkpt lat="49.3416760" lon="-123.2104370">
    <ele>28.8</ele>
    <time>2024-09-04T18:42:27Z</time>
   </trkpt>
   <trkpt lat="49.3416560" lon="-123.2103350">
    <ele>28.6</ele>
    <time>2024-09-04T18:42:28Z</time>
   </trkpt>
   <trkpt lat="49.3416390" lon="-123.2102340">
    <ele>28.3</ele>
    <time>2024-09-04T18:42:29Z</time>
   </trkpt>
   <trkpt lat="49.3416220" lon="-123.2101320">
    <ele>28.0</ele>
    <time>2024-09-04T18:42:30Z</time>
   </trkpt>
   <trkpt lat="49.3416070" lon="-123.2100280">
    <ele>27.8</ele>
    <time>2024-09-04T18:42:31Z</time>
   </trkpt>
   <trkpt lat="49.3415880" lon="-123.2099210">
    <ele>27.5</ele>
    <time>2024-09-04T18:42:32Z</time>
   </trkpt>
   <trkpt lat="49.3415660" lon="-123.2098140">
    <ele>27.3</ele>
    <time>2024-09-04T18:42:33Z</time>
   </trkpt>
   <trkpt lat="49.3415460" lon="-123.2097080">
    <ele>27.1</ele>
    <time>2024-09-04T18:42:34Z</time>
   </trkpt>
   <trkpt lat="49.3415260" lon="-123.2096000">
    <ele>27.0</ele>
    <time>2024-09-04T18:42:35Z</time>
   </trkpt>
   <trkpt lat="49.3415050" lon="-123.2094920">
    <ele>26.8</ele>
    <time>2024-09-04T18:42:36Z</time>
   </trkpt>
   <trkpt lat="49.3414860" lon="-123.2093840">
    <ele>26.7</ele>
    <time>2024-09-04T18:42:37Z</time>
   </trkpt>
   <trkpt lat="49.3414630" lon="-123.2092780">
    <ele>26.6</ele>
    <time>2024-09-04T18:42:38Z</time>
   </trkpt>
   <trkpt lat="49.3414410" lon="-123.2091740">
    <ele>26.5</ele>
    <time>2024-09-04T18:42:39Z</time>
   </trkpt>
   <trkpt lat="49.3414220" lon="-123.2090700">
    <ele>26.4</ele>
    <time>2024-09-04T18:42:40Z</time>
   </trkpt>
   <trkpt lat="49.3414010" lon="-123.2089670">
    <ele>26.4</ele>
    <time>2024-09-04T18:42:41Z</time>
   </trkpt>
   <trkpt lat="49.3413830" lon="-123.2088650">
    <ele>26.3</ele>
    <time>2024-09-04T18:42:42Z</time>
   </trkpt>
   <trkpt lat="49.3413630" lon="-123.2087600">
    <ele>26.3</ele>
    <time>2024-09-04T18:42:43Z</time>
   </trkpt>
   <trkpt lat="49.3413410" lon="-123.2086530">
    <ele>26.3</ele>
    <time>2024-09-04T18:42:44Z</time>
   </trkpt>
   <trkpt lat="49.3413230" lon="-123.2085500">
    <ele>26.2</ele>
    <time>2024-09-04T18:42:45Z</time>
   </trkpt>
   <trkpt lat="49.3413010" lon="-123.2084530">
    <ele>26.2</ele>
    <time>2024-09-04T18:42:46Z</time>
   </trkpt>
   <trkpt lat="49.3412770" lon="-123.2083540">
    <ele>26.2</ele>
    <time>2024-09-04T18:42:47Z</time>
   </trkpt>
   <trkpt lat="49.3412540" lon="-123.2082580">
    <ele>26.1</ele>
    <time>2024-09-04T18:42:48Z</time>
   </trkpt>
   <trkpt lat="49.3412330" lon="-123.2081630">
    <ele>26.1</ele>
    <time>2024-09-04T18:42:49Z</time>
   </trkpt>
   <trkpt lat="49.3412140" lon="-123.2080690">
    <ele>26.1</ele>
    <time>2024-09-04T18:42:50Z</time>
   </trkpt>
   <trkpt lat="49.3411970" lon="-123.2079720">
    <ele>26.0</ele>
    <time>2024-09-04T18:42:51Z</time>
   </trkpt>
   <trkpt lat="49.3411810" lon="-123.2078750">
    <ele>25.9</ele>
    <time>2024-09-04T18:42:52Z</time>
   </trkpt>
   <trkpt lat="49.3411630" lon="-123.2077790">
    <ele>25.7</ele>
    <time>2024-09-04T18:42:53Z</time>
   </trkpt>
   <trkpt lat="49.3411440" lon="-123.2076830">
    <ele>25.5</ele>
    <time>2024-09-04T18:42:54Z</time>
   </trkpt>
   <trkpt lat="49.3411250" lon="-123.2075830">
    <ele>25.2</ele>
    <time>2024-09-04T18:42:55Z</time>
   </trkpt>
   <trkpt lat="49.3411080" lon="-123.2074800">
    <ele>24.8</ele>
    <time>2024-09-04T18:42:56Z</time>
   </trkpt>
   <trkpt lat="49.3410900" lon="-123.2073700">
    <ele>24.4</ele>
    <time>2024-09-04T18:42:57Z</time>
   </trkpt>
   <trkpt lat="49.3410660" lon="-123.2072570">
    <ele>23.8</ele>
    <time>2024-09-04T18:42:58Z</time>
   </trkpt>
   <trkpt lat="49.3410470" lon="-123.2071360">
    <ele>23.3</ele>
    <time>2024-09-04T18:42:59Z</time>
   </trkpt>
   <trkpt lat="49.3410110" lon="-123.2068740">
    <ele>21.9</ele>
    <time>2024-09-04T18:43:00Z</time>
   </trkpt>
   <trkpt lat="49.3409950" lon="-123.2067290">
    <ele>21.2</ele>
    <time>2024-09-04T18:43:01Z</time>
   </trkpt>
   <trkpt lat="49.3409710" lon="-123.2065790">
    <ele>20.5</ele>
    <time>2024-09-04T18:43:02Z</time>
   </trkpt>
   <trkpt lat="49.3409450" lon="-123.2064270">
    <ele>19.9</ele>
    <time>2024-09-04T18:43:03Z</time>
   </trkpt>
   <trkpt lat="49.3409130" lon="-123.2062640">
    <ele>19.3</ele>
    <time>2024-09-04T18:43:04Z</time>
   </trkpt>
   <trkpt lat="49.3408810" lon="-123.2061030">
    <ele>18.6</ele>
    <time>2024-09-04T18:43:05Z</time>
   </trkpt>
   <trkpt lat="49.3408450" lon="-123.2059470">
    <ele>18.0</ele>
    <time>2024-09-04T18:43:06Z</time>
   </trkpt>
   <trkpt lat="49.3408120" lon="-123.2057910">
    <ele>17.4</ele>
    <time>2024-09-04T18:43:07Z</time>
   </trkpt>
   <trkpt lat="49.3407770" lon="-123.2056310">
    <ele>17.0</ele>
    <time>2024-09-04T18:43:08Z</time>
   </trkpt>
   <trkpt lat="49.3407440" lon="-123.2054730">
    <ele>16.7</ele>
    <time>2024-09-04T18:43:09Z</time>
   </trkpt>
   <trkpt lat="49.3407120" lon="-123.2053130">
    <ele>16.6</ele>
    <time>2024-09-04T18:43:10Z</time>
   </trkpt>
   <trkpt lat="49.3406820" lon="-123.2051590">
    <ele>16.6</ele>
    <time>2024-09-04T18:43:11Z</time>
   </trkpt>
   <trkpt lat="49.3406510" lon="-123.2050140">
    <ele>16.8</ele>
    <time>2024-09-04T18:43:12Z</time>
   </trkpt>
   <trkpt lat="49.3406230" lon="-123.2048740">
    <ele>16.9</ele>
    <time>2024-09-04T18:43:13Z</time>
   </trkpt>
   <trkpt lat="49.3405950" lon="-123.2047420">
    <ele>17.2</ele>
    <time>2024-09-04T18:43:14Z</time>
   </trkpt>
   <trkpt lat="49.3405680" lon="-123.2046210">
    <ele>17.6</ele>
    <time>2024-09-04T18:43:15Z</time>
   </trkpt>
   <trkpt lat="49.3405390" lon="-123.2045030">
    <ele>18.1</ele>
    <time>2024-09-04T18:43:16Z</time>
   </trkpt>
   <trkpt lat="49.3405190" lon="-123.2043940">
    <ele>18.6</ele>
    <time>2024-09-04T18:43:17Z</time>
   </trkpt>
   <trkpt lat="49.3404970" lon="-123.2042900">
    <ele>19.1</ele>
    <time>2024-09-04T18:43:18Z</time>
   </trkpt>
   <trkpt lat="49.3404790" lon="-123.2041970">
    <ele>19.6</ele>
    <time>2024-09-04T18:43:19Z</time>
   </trkpt>
   <trkpt lat="49.3404640" lon="-123.2041080">
    <ele>20.1</ele>
    <time>2024-09-04T18:43:20Z</time>
   </trkpt>
   <trkpt lat="49.3404490" lon="-123.2040200">
    <ele>20.6</ele>
    <time>2024-09-04T18:43:21Z</time>
   </trkpt>
   <trkpt lat="49.3404340" lon="-123.2039360">
    <ele>21.1</ele>
    <time>2024-09-04T18:43:22Z</time>
   </trkpt>
   <trkpt lat="49.3404190" lon="-123.2038570">
    <ele>21.5</ele>
    <time>2024-09-04T18:43:23Z</time>
   </trkpt>
   <trkpt lat="49.3404050" lon="-123.2037790">
    <ele>22.0</ele>
    <time>2024-09-04T18:43:24Z</time>
   </trkpt>
   <trkpt lat="49.3403920" lon="-123.2037010">
    <ele>22.5</ele>
    <time>2024-09-04T18:43:25Z</time>
   </trkpt>
   <trkpt lat="49.3403750" lon="-123.2036280">
    <ele>22.9</ele>
    <time>2024-09-04T18:43:26Z</time>
   </trkpt>
   <trkpt lat="49.3403610" lon="-123.2035550">
    <ele>23.3</ele>
    <time>2024-09-04T18:43:27Z</time>
   </trkpt>
   <trkpt lat="49.3403440" lon="-123.2034870">
    <ele>23.7</ele>
    <time>2024-09-04T18:43:28Z</time>
   </trkpt>
   <trkpt lat="49.3403300" lon="-123.2034200">
    <ele>24.1</ele>
    <time>2024-09-04T18:43:29Z</time>
   </trkpt>
   <trkpt lat="49.3403170" lon="-123.2033530">
    <ele>24.4</ele>
    <time>2024-09-04T18:43:30Z</time>
   </trkpt>
   <trkpt lat="49.3403050" lon="-123.2032870">
    <ele>24.7</ele>
    <time>2024-09-04T18:43:31Z</time>
   </trkpt>
   <trkpt lat="49.3402910" lon="-123.2032310">
    <ele>25.0</ele>
    <time>2024-09-04T18:43:32Z</time>
   </trkpt>
   <trkpt lat="49.3402840" lon="-123.2031730">
    <ele>25.2</ele>
    <time>2024-09-04T18:43:33Z</time>
   </trkpt>
   <trkpt lat="49.3402710" lon="-123.2031160">
    <ele>25.5</ele>
    <time>2024-09-04T18:43:34Z</time>
   </trkpt>
   <trkpt lat="49.3402590" lon="-123.2030580">
    <ele>25.8</ele>
    <time>2024-09-04T18:43:35Z</time>
   </trkpt>
   <trkpt lat="49.3402460" lon="-123.2029990">
    <ele>26.1</ele>
    <time>2024-09-04T18:43:36Z</time>
   </trkpt>
   <trkpt lat="49.3402330" lon="-123.2029430">
    <ele>26.4</ele>
    <time>2024-09-04T18:43:37Z</time>
   </trkpt>
   <trkpt lat="49.3402200" lon="-123.2028850">
    <ele>26.7</ele>
    <time>2024-09-04T18:43:38Z</time>
   </trkpt>
   <trkpt lat="49.3402100" lon="-123.2028310">
    <ele>26.9</ele>
    <time>2024-09-04T18:43:39Z</time>
   </trkpt>
   <trkpt lat="49.3402050" lon="-123.2027780">
    <ele>27.2</ele>
    <time>2024-09-04T18:43:40Z</time>
   </trkpt>
   <trkpt lat="49.3402020" lon="-123.2027280">
    <ele>27.3</ele>
    <time>2024-09-04T18:43:41Z</time>
   </trkpt>
   <trkpt lat="49.3401940" lon="-123.2026800">
    <ele>27.5</ele>
    <time>2024-09-04T18:43:42Z</time>
   </trkpt>
   <trkpt lat="49.3401830" lon="-123.2026320">
    <ele>27.7</ele>
    <time>2024-09-04T18:43:43Z</time>
   </trkpt>
   <trkpt lat="49.3401690" lon="-123.2025830">
    <ele>27.9</ele>
    <time>2024-09-04T18:43:44Z</time>
   </trkpt>
   <trkpt lat="49.3401570" lon="-123.2025330">
    <ele>28.0</ele>
    <time>2024-09-04T18:43:45Z</time>
   </trkpt>
   <trkpt lat="49.3401500" lon="-123.2024870">
    <ele>28.2</ele>
    <time>2024-09-04T18:43:46Z</time>
   </trkpt>
   <trkpt lat="49.3401430" lon="-123.2024430">
    <ele>28.4</ele>
    <time>2024-09-04T18:43:47Z</time>
   </trkpt>
   <trkpt lat="49.3401380" lon="-123.2023940">
    <ele>28.7</ele>
    <time>2024-09-04T18:43:48Z</time>
   </trkpt>
   <trkpt lat="49.3401310" lon="-123.2023490">
    <ele>29.0</ele>
    <time>2024-09-04T18:43:49Z</time>
   </trkpt>
   <trkpt lat="49.3401190" lon="-123.2023090">
    <ele>29.2</ele>
    <time>2024-09-04T18:43:50Z</time>
   </trkpt>
   <trkpt lat="49.3401100" lon="-123.2022670">
    <ele>29.5</ele>
    <time>2024-09-04T18:43:51Z</time>
   </trkpt>
   <trkpt lat="49.3401030" lon="-123.2022250">
    <ele>29.7</ele>
    <time>2024-09-04T18:43:52Z</time>
   </trkpt>
   <trkpt lat="49.3400980" lon="-123.2021820">
    <ele>30.0</ele>
    <time>2024-09-04T18:43:53Z</time>
   </trkpt>
   <trkpt lat="49.3400890" lon="-123.2021400">
    <ele>30.2</ele>
    <time>2024-09-04T18:43:54Z</time>
   </trkpt>
   <trkpt lat="49.3400790" lon="-123.2020980">
    <ele>30.5</ele>
    <time>2024-09-04T18:43:55Z</time>
   </trkpt>
   <trkpt lat="49.3400730" lon="-123.2020540">
    <ele>30.7</ele>
    <time>2024-09-04T18:43:56Z</time>
   </trkpt>
   <trkpt lat="49.3400650" lon="-123.2020100">
    <ele>31.0</ele>
    <time>2024-09-04T18:43:57Z</time>
   </trkpt>
   <trkpt lat="49.3400550" lon="-123.2019650">
    <ele>31.2</ele>
    <time>2024-09-04T18:43:58Z</time>
   </trkpt>
   <trkpt lat="49.3400470" lon="-123.2019220">
    <ele>31.4</ele>
    <time>2024-09-04T18:43:59Z</time>
   </trkpt>
   <trkpt lat="49.3400360" lon="-123.2018800">
    <ele>31.7</ele>
    <time>2024-09-04T18:44:00Z</time>
   </trkpt>
   <trkpt lat="49.3400280" lon="-123.2018390">
    <ele>31.9</ele>
    <time>2024-09-04T18:44:01Z</time>
   </trkpt>
   <trkpt lat="49.3400230" lon="-123.2017960">
    <ele>32.1</ele>
    <time>2024-09-04T18:44:02Z</time>
   </trkpt>
   <trkpt lat="49.3400190" lon="-123.2017540">
    <ele>32.3</ele>
    <time>2024-09-04T18:44:03Z</time>
   </trkpt>
   <trkpt lat="49.3400130" lon="-123.2017120">
    <ele>32.6</ele>
    <time>2024-09-04T18:44:04Z</time>
   </trkpt>
   <trkpt lat="49.3400060" lon="-123.2016690">
    <ele>32.8</ele>
    <time>2024-09-04T18:44:05Z</time>
   </trkpt>
   <trkpt lat="49.3399950" lon="-123.2016240">
    <ele>33.0</ele>
    <time>2024-09-04T18:44:06Z</time>
   </trkpt>
   <trkpt lat="49.3399840" lon="-123.2015810">
    <ele>33.3</ele>
    <time>2024-09-04T18:44:07Z</time>
   </trkpt>
   <trkpt lat="49.3399760" lon="-123.2015360">
    <ele>33.5</ele>
    <time>2024-09-04T18:44:08Z</time>
   </trkpt>
   <trkpt lat="49.3399690" lon="-123.2014910">
    <ele>33.8</ele>
    <time>2024-09-04T18:44:09Z</time>
   </trkpt>
   <trkpt lat="49.3399630" lon="-123.2014450">
    <ele>34.0</ele>
    <time>2024-09-04T18:44:10Z</time>
   </trkpt>
   <trkpt lat="49.3399560" lon="-123.2013990">
    <ele>34.2</ele>
    <time>2024-09-04T18:44:11Z</time>
   </trkpt>
   <trkpt lat="49.3399480" lon="-123.2013520">
    <ele>34.5</ele>
    <time>2024-09-04T18:44:12Z</time>
   </trkpt>
   <trkpt lat="49.3399390" lon="-123.2013060">
    <ele>34.7</ele>
    <time>2024-09-04T18:44:13Z</time>
   </trkpt>
   <trkpt lat="49.3399320" lon="-123.2012590">
    <ele>34.9</ele>
    <time>2024-09-04T18:44:14Z</time>
   </trkpt>
   <trkpt lat="49.3399250" lon="-123.2012120">
    <ele>35.1</ele>
    <time>2024-09-04T18:44:15Z</time>
   </trkpt>
   <trkpt lat="49.3399210" lon="-123.2011690">
    <ele>35.3</ele>
    <time>2024-09-04T18:44:16Z</time>
   </trkpt>
   <trkpt lat="49.3399130" lon="-123.2011230">
    <ele>35.5</ele>
    <time>2024-09-04T18:44:17Z</time>
   </trkpt>
   <trkpt lat="49.3399050" lon="-123.2010780">
    <ele>35.6</ele>
    <time>2024-09-04T18:44:18Z</time>
   </trkpt>
   <trkpt lat="49.3398990" lon="-123.2010350">
    <ele>35.8</ele>
    <time>2024-09-04T18:44:19Z</time>
   </trkpt>
   <trkpt lat="49.3398880" lon="-123.2009880">
    <ele>35.9</ele>
    <time>2024-09-04T18:44:20Z</time>
   </trkpt>
   <trkpt lat="49.3398750" lon="-123.2009390">
    <ele>36.0</ele>
    <time>2024-09-04T18:44:21Z</time>
   </trkpt>
   <trkpt lat="49.3398640" lon="-123.2008900">
    <ele>36.2</ele>
    <time>2024-09-04T18:44:22Z</time>
   </trkpt>
   <trkpt lat="49.3398560" lon="-123.2008400">
    <ele>36.2</ele>
    <time>2024-09-04T18:44:23Z</time>
   </trkpt>
   <trkpt lat="49.3398460" lon="-123.2007860">
    <ele>36.3</ele>
    <time>2024-09-04T18:44:24Z</time>
   </trkpt>
   <trkpt lat="49.3398320" lon="-123.2007360">
    <ele>36.3</ele>
    <time>2024-09-04T18:44:25Z</time>
   </trkpt>
   <trkpt lat="49.3398110" lon="-123.2006850">
    <ele>36.4</ele>
    <time>2024-09-04T18:44:26Z</time>
   </trkpt>
   <trkpt lat="49.3397920" lon="-123.2006330">
    <ele>36.4</ele>
    <time>2024-09-04T18:44:28Z</time>
   </trkpt>
   <trkpt lat="49.3397740" lon="-123.2005830">
    <ele>36.4</ele>
    <time>2024-09-04T18:44:29Z</time>
   </trkpt>
   <trkpt lat="49.3397570" lon="-123.2005320">
    <ele>36.4</ele>
    <time>2024-09-04T18:44:30Z</time>
   </trkpt>
   <trkpt lat="49.3397370" lon="-123.2004820">
    <ele>36.4</ele>
    <time>2024-09-04T18:44:31Z</time>
   </trkpt>
   <trkpt lat="49.3397190" lon="-123.2004330">
    <ele>36.4</ele>
    <time>2024-09-04T18:44:32Z</time>
   </trkpt>
   <trkpt lat="49.3397000" lon="-123.2003850">
    <ele>36.4</ele>
    <time>2024-09-04T18:44:33Z</time>
   </trkpt>
   <trkpt lat="49.3396800" lon="-123.2003390">
    <ele>36.3</ele>
    <time>2024-09-04T18:44:34Z</time>
   </trkpt>
   <trkpt lat="49.3396620" lon="-123.2002940">
    <ele>36.3</ele>
    <time>2024-09-04T18:44:35Z</time>
   </trkpt>
   <trkpt lat="49.3396420" lon="-123.2002470">
    <ele>36.3</ele>
    <time>2024-09-04T18:44:36Z</time>
   </trkpt>
   <trkpt lat="49.3396250" lon="-123.2001980">
    <ele>36.3</ele>
    <time>2024-09-04T18:44:37Z</time>
   </trkpt>
   <trkpt lat="49.3396100" lon="-123.2001440">
    <ele>36.3</ele>
    <time>2024-09-04T18:44:38Z</time>
   </trkpt>
   <trkpt lat="49.3395920" lon="-123.2000940">
    <ele>36.3</ele>
    <time>2024-09-04T18:44:39Z</time>
   </trkpt>
   <trkpt lat="49.3395700" lon="-123.2000450">
    <ele>36.3</ele>
    <time>2024-09-04T18:44:40Z</time>
   </trkpt>
   <trkpt lat="49.3395540" lon="-123.1999880">
    <ele>36.3</ele>
    <time>2024-09-04T18:44:41Z</time>
   </trkpt>
   <trkpt lat="49.3395360" lon="-123.1999360">
    <ele>36.2</ele>
    <time>2024-09-04T18:44:42Z</time>
   </trkpt>
   <trkpt lat="49.3395130" lon="-123.1998920">
    <ele>36.2</ele>
    <time>2024-09-04T18:44:43Z</time>
   </trkpt>
   <trkpt lat="49.3394950" lon="-123.1998400">
    <ele>36.2</ele>
    <time>2024-09-04T18:44:44Z</time>
   </trkpt>
   <trkpt lat="49.3394750" lon="-123.1997920">
    <ele>36.2</ele>
    <time>2024-09-04T18:44:45Z</time>
   </trkpt>
   <trkpt lat="49.3394540" lon="-123.1997410">
    <ele>36.2</ele>
    <time>2024-09-04T18:44:46Z</time>
   </trkpt>
   <trkpt lat="49.3394320" lon="-123.1996920">
    <ele>36.2</ele>
    <time>2024-09-04T18:44:47Z</time>
   </trkpt>
   <trkpt lat="49.3394140" lon="-123.1996360">
    <ele>36.2</ele>
    <time>2024-09-04T18:44:48Z</time>
   </trkpt>
   <trkpt lat="49.3393930" lon="-123.1995860">
    <ele>36.1</ele>
    <time>2024-09-04T18:44:49Z</time>
   </trkpt>
   <trkpt lat="49.3393770" lon="-123.1995350">
    <ele>36.0</ele>
    <time>2024-09-04T18:44:50Z</time>
   </trkpt>
   <trkpt lat="49.3393580" lon="-123.1994800">
    <ele>36.0</ele>
    <time>2024-09-04T18:44:51Z</time>
   </trkpt>
   <trkpt lat="49.3393400" lon="-123.1994280">
    <ele>35.9</ele>
    <time>2024-09-04T18:44:52Z</time>
   </trkpt>
   <trkpt lat="49.3393210" lon="-123.1993710">
    <ele>35.8</ele>
    <time>2024-09-04T18:44:53Z</time>
   </trkpt>
   <trkpt lat="49.3393020" lon="-123.1993180">
    <ele>35.8</ele>
    <time>2024-09-04T18:44:54Z</time>
   </trkpt>
   <trkpt lat="49.3392790" lon="-123.1992650">
    <ele>35.7</ele>
    <time>2024-09-04T18:44:55Z</time>
   </trkpt>
   <trkpt lat="49.3392620" lon="-123.1992090">
    <ele>35.6</ele>
    <time>2024-09-04T18:44:56Z</time>
   </trkpt>
   <trkpt lat="49.3392440" lon="-123.1991510">
    <ele>35.5</ele>
    <time>2024-09-04T18:44:57Z</time>
   </trkpt>
   <trkpt lat="49.3392250" lon="-123.1990940">
    <ele>35.5</ele>
    <time>2024-09-04T18:44:58Z</time>
   </trkpt>
   <trkpt lat="49.3392060" lon="-123.1990360">
    <ele>35.4</ele>
    <time>2024-09-04T18:44:59Z</time>
   </trkpt>
   <trkpt lat="49.3391850" lon="-123.1989790">
    <ele>35.3</ele>
    <time>2024-09-04T18:45:00Z</time>
   </trkpt>
   <trkpt lat="49.3391630" lon="-123.1989230">
    <ele>35.2</ele>
    <time>2024-09-04T18:45:01Z</time>
   </trkpt>
   <trkpt lat="49.3391180" lon="-123.1988090">
    <ele>35.1</ele>
    <time>2024-09-04T18:45:02Z</time>
   </trkpt>
   <trkpt lat="49.3390980" lon="-123.1987500">
    <ele>35.1</ele>
    <time>2024-09-04T18:45:03Z</time>
   </trkpt>
   <trkpt lat="49.3390800" lon="-123.1986940">
    <ele>35.0</ele>
    <time>2024-09-04T18:45:04Z</time>
   </trkpt>
   <trkpt lat="49.3390570" lon="-123.1986420">
    <ele>35.0</ele>
    <time>2024-09-04T18:45:05Z</time>
   </trkpt>
   <trkpt lat="49.3390380" lon="-123.1985860">
    <ele>35.0</ele>
    <time>2024-09-04T18:45:06Z</time>
   </trkpt>
   <trkpt lat="49.3390180" lon="-123.1985300">
    <ele>35.1</ele>
    <time>2024-09-04T18:45:07Z</time>
   </trkpt>
   <trkpt lat="49.3389950" lon="-123.1984750">
    <ele>35.1</ele>
    <time>2024-09-04T18:45:08Z</time>
   </trkpt>
   <trkpt lat="49.3389760" lon="-123.1984190">
    <ele>35.2</ele>
    <time>2024-09-04T18:45:09Z</time>
   </trkpt>
   <trkpt lat="49.3389560" lon="-123.1983690">
    <ele>35.3</ele>
    <time>2024-09-04T18:45:10Z</time>
   </trkpt>
   <trkpt lat="49.3389330" lon="-123.1983200">
    <ele>35.4</ele>
    <time>2024-09-04T18:45:11Z</time>
   </trkpt>
   <trkpt lat="49.3389120" lon="-123.1982650">
    <ele>35.5</ele>
    <time>2024-09-04T18:45:12Z</time>
   </trkpt>
   <trkpt lat="49.3388900" lon="-123.1982100">
    <ele>35.6</ele>
    <time>2024-09-04T18:45:13Z</time>
   </trkpt>
   <trkpt lat="49.3388710" lon="-123.1981510">
    <ele>35.7</ele>
    <time>2024-09-04T18:45:14Z</time>
   </trkpt>
   <trkpt lat="49.3388520" lon="-123.1980950">
    <ele>35.8</ele>
    <time>2024-09-04T18:45:15Z</time>
   </trkpt>
   <trkpt lat="49.3388280" lon="-123.1980380">
    <ele>36.0</ele>
    <time>2024-09-04T18:45:16Z</time>
   </trkpt>
   <trkpt lat="49.3388140" lon="-123.1979780">
    <ele>36.1</ele>
    <time>2024-09-04T18:45:17Z</time>
   </trkpt>
   <trkpt lat="49.3387940" lon="-123.1979200">
    <ele>36.3</ele>
    <time>2024-09-04T18:45:18Z</time>
   </trkpt>
   <trkpt lat="49.3387740" lon="-123.1978650">
    <ele>36.5</ele>
    <time>2024-09-04T18:45:19Z</time>
   </trkpt>
   <trkpt lat="49.3387550" lon="-123.1978090">
    <ele>36.6</ele>
    <time>2024-09-04T18:45:20Z</time>
   </trkpt>
   <trkpt lat="49.3387350" lon="-123.1977550">
    <ele>36.8</ele>
    <time>2024-09-04T18:45:21Z</time>
   </trkpt>
   <trkpt lat="49.3387120" lon="-123.1977020">
    <ele>36.9</ele>
    <time>2024-09-04T18:45:22Z</time>
   </trkpt>
   <trkpt lat="49.3386920" lon="-123.1976450">
    <ele>37.1</ele>
    <time>2024-09-04T18:45:23Z</time>
   </trkpt>
   <trkpt lat="49.3386710" lon="-123.1975860">
    <ele>37.3</ele>
    <time>2024-09-04T18:45:24Z</time>
   </trkpt>
   <trkpt lat="49.3386500" lon="-123.1975320">
    <ele>37.4</ele>
    <time>2024-09-04T18:45:25Z</time>
   </trkpt>
   <trkpt lat="49.3386280" lon="-123.1974800">
    <ele>37.6</ele>
    <time>2024-09-04T18:45:26Z</time>
   </trkpt>
   <trkpt lat="49.3386100" lon="-123.1974270">
    <ele>37.8</ele>
    <time>2024-09-04T18:45:27Z</time>
   </trkpt>
   <trkpt lat="49.3385930" lon="-123.1973730">
    <ele>38.0</ele>
    <time>2024-09-04T18:45:28Z</time>
   </trkpt>
   <trkpt lat="49.3385730" lon="-123.1973170">
    <ele>38.2</ele>
    <time>2024-09-04T18:45:29Z</time>
   </trkpt>
   <trkpt lat="49.3385530" lon="-123.1972660">
    <ele>38.3</ele>
    <time>2024-09-04T18:45:30Z</time>
   </trkpt>
   <trkpt lat="49.3385320" lon="-123.1972180">
    <ele>38.5</ele>
    <time>2024-09-04T18:45:31Z</time>
   </trkpt>
   <trkpt lat="49.3385130" lon="-123.1971680">
    <ele>38.7</ele>
    <time>2024-09-04T18:45:32Z</time>
   </trkpt>
   <trkpt lat="49.3384990" lon="-123.1971120">
    <ele>38.9</ele>
    <time>2024-09-04T18:45:33Z</time>
   </trkpt>
   <trkpt lat="49.3384760" lon="-123.1970610">
    <ele>39.1</ele>
    <time>2024-09-04T18:45:34Z</time>
   </trkpt>
   <trkpt lat="49.3384560" lon="-123.1970050">
    <ele>39.3</ele>
    <time>2024-09-04T18:45:35Z</time>
   </trkpt>
   <trkpt lat="49.3384380" lon="-123.1969470">
    <ele>39.5</ele>
    <time>2024-09-04T18:45:36Z</time>
   </trkpt>
   <trkpt lat="49.3384200" lon="-123.1968920">
    <ele>39.7</ele>
    <time>2024-09-04T18:45:37Z</time>
   </trkpt>
   <trkpt lat="49.3384010" lon="-123.1968380">
    <ele>40.0</ele>
    <time>2024-09-04T18:45:38Z</time>
   </trkpt>
   <trkpt lat="49.3383910" lon="-123.1967790">
    <ele>40.1</ele>
    <time>2024-09-04T18:45:39Z</time>
   </trkpt>
   <trkpt lat="49.3383700" lon="-123.1967260">
    <ele>40.3</ele>
    <time>2024-09-04T18:45:40Z</time>
   </trkpt>
   <trkpt lat="49.3383550" lon="-123.1966680">
    <ele>40.5</ele>
    <time>2024-09-04T18:45:41Z</time>
   </trkpt>
   <trkpt lat="49.3383390" lon="-123.1966100">
    <ele>40.6</ele>
    <time>2024-09-04T18:45:42Z</time>
   </trkpt>
   <trkpt lat="49.3383260" lon="-123.1965540">
    <ele>40.8</ele>
    <time>2024-09-04T18:45:43Z</time>
   </trkpt>
   <trkpt lat="49.3383150" lon="-123.1964920">
    <ele>40.9</ele>
    <time>2024-09-04T18:45:44Z</time>
   </trkpt>
   <trkpt lat="49.3383030" lon="-123.1964310">
    <ele>41.0</ele>
    <time>2024-09-04T18:45:45Z</time>
   </trkpt>
   <trkpt lat="49.3382880" lon="-123.1963660">
    <ele>41.1</ele>
    <time>2024-09-04T18:45:46Z</time>
   </trkpt>
   <trkpt lat="49.3382720" lon="-123.1963030">
    <ele>41.1</ele>
    <time>2024-09-04T18:45:47Z</time>
   </trkpt>
   <trkpt lat="49.3382610" lon="-123.1962460">
    <ele>41.1</ele>
    <time>2024-09-04T18:45:48Z</time>
   </trkpt>
   <trkpt lat="49.3382370" lon="-123.1961820">
    <ele>41.1</ele>
    <time>2024-09-04T18:45:49Z</time>
   </trkpt>
   <trkpt lat="49.3382300" lon="-123.1961200">
    <ele>41.0</ele>
    <time>2024-09-04T18:45:50Z</time>
   </trkpt>
   <trkpt lat="49.3382080" lon="-123.1960520">
    <ele>40.9</ele>
    <time>2024-09-04T18:45:51Z</time>
   </trkpt>
   <trkpt lat="49.3381870" lon="-123.1959850">
    <ele>40.8</ele>
    <time>2024-09-04T18:45:52Z</time>
   </trkpt>
   <trkpt lat="49.3381730" lon="-123.1959140">
    <ele>40.6</ele>
    <time>2024-09-04T18:45:53Z</time>
   </trkpt>
   <trkpt lat="49.3381530" lon="-123.1958420">
    <ele>40.4</ele>
    <time>2024-09-04T18:45:54Z</time>
   </trkpt>
   <trkpt lat="49.3381320" lon="-123.1957640">
    <ele>40.2</ele>
    <time>2024-09-04T18:45:55Z</time>
   </trkpt>
   <trkpt lat="49.3381110" lon="-123.1956810">
    <ele>39.9</ele>
    <time>2024-09-04T18:45:56Z</time>
   </trkpt>
   <trkpt lat="49.3380940" lon="-123.1956000">
    <ele>39.7</ele>
    <time>2024-09-04T18:45:57Z</time>
   </trkpt>
   <trkpt lat="49.3380720" lon="-123.1955080">
    <ele>39.4</ele>
    <time>2024-09-04T18:45:58Z</time>
   </trkpt>
   <trkpt lat="49.3380470" lon="-123.1954160">
    <ele>39.1</ele>
    <time>2024-09-04T18:45:59Z</time>
   </trkpt>
   <trkpt lat="49.3380260" lon="-123.1953210">
    <ele>38.8</ele>
    <time>2024-09-04T18:46:00Z</time>
   </trkpt>
   <trkpt lat="49.3380000" lon="-123.1952240">
    <ele>38.4</ele>
    <time>2024-09-04T18:46:01Z</time>
   </trkpt>
   <trkpt lat="49.3379780" lon="-123.1951190">
    <ele>38.0</ele>
    <time>2024-09-04T18:46:02Z</time>
   </trkpt>
   <trkpt lat="49.3379510" lon="-123.1950150">
    <ele>37.6</ele>
    <time>2024-09-04T18:46:03Z</time>
   </trkpt>
   <trkpt lat="49.3379200" lon="-123.1948970">
    <ele>37.2</ele>
    <time>2024-09-04T18:46:04Z</time>
   </trkpt>
   <trkpt lat="49.3378890" lon="-123.1947730">
    <ele>36.7</ele>
    <time>2024-09-04T18:46:05Z</time>
   </trkpt>
   <trkpt lat="49.3378610" lon="-123.1946500">
    <ele>36.2</ele>
    <time>2024-09-04T18:46:06Z</time>
   </trkpt>
   <trkpt lat="49.3378310" lon="-123.1945210">
    <ele>35.8</ele>
    <time>2024-09-04T18:46:07Z</time>
   </trkpt>
   <trkpt lat="49.3377980" lon="-123.1943870">
    <ele>35.8</ele>
    <time>2024-09-04T18:46:08Z</time>
   </trkpt>
   <trkpt lat="49.3377640" lon="-123.1942550">
    <ele>35.7</ele>
    <time>2024-09-04T18:46:09Z</time>
   </trkpt>
   <trkpt lat="49.3377240" lon="-123.1941250">
    <ele>35.2</ele>
    <time>2024-09-04T18:46:10Z</time>
   </trkpt>
   <trkpt lat="49.3376900" lon="-123.1939890">
    <ele>34.6</ele>
    <time>2024-09-04T18:46:11Z</time>
   </trkpt>
   <trkpt lat="49.3376590" lon="-123.1938540">
    <ele>34.1</ele>
    <time>2024-09-04T18:46:12Z</time>
   </trkpt>
   <trkpt lat="49.3376240" lon="-123.1937130">
    <ele>33.5</ele>
    <time>2024-09-04T18:46:13Z</time>
   </trkpt>
   <trkpt lat="49.3375920" lon="-123.1935740">
    <ele>33.0</ele>
    <time>2024-09-04T18:46:14Z</time>
   </trkpt>
   <trkpt lat="49.3375580" lon="-123.1934340">
    <ele>32.5</ele>
    <time>2024-09-04T18:46:15Z</time>
   </trkpt>
   <trkpt lat="49.3375230" lon="-123.1932990">
    <ele>32.0</ele>
    <time>2024-09-04T18:46:16Z</time>
   </trkpt>
   <trkpt lat="49.3374880" lon="-123.1931600">
    <ele>31.6</ele>
    <time>2024-09-04T18:46:17Z</time>
   </trkpt>
   <trkpt lat="49.3374570" lon="-123.1930250">
    <ele>31.3</ele>
    <time>2024-09-04T18:46:18Z</time>
   </trkpt>
   <trkpt lat="49.3374260" lon="-123.1928890">
    <ele>31.1</ele>
    <time>2024-09-04T18:46:19Z</time>
   </trkpt>
   <trkpt lat="49.3373930" lon="-123.1927560">
    <ele>31.0</ele>
    <time>2024-09-04T18:46:20Z</time>
   </trkpt>
   <trkpt lat="49.3373650" lon="-123.1926220">
    <ele>30.9</ele>
    <time>2024-09-04T18:46:21Z</time>
   </trkpt>
   <trkpt lat="49.3373300" lon="-123.1924960">
    <ele>30.9</ele>
    <time>2024-09-04T18:46:22Z</time>
   </trkpt>
   <trkpt lat="49.3372980" lon="-123.1923720">
    <ele>31.0</ele>
    <time>2024-09-04T18:46:23Z</time>
   </trkpt>
   <trkpt lat="49.3372690" lon="-123.1922500">
    <ele>31.0</ele>
    <time>2024-09-04T18:46:24Z</time>
   </trkpt>
   <trkpt lat="49.3372410" lon="-123.1921300">
    <ele>31.1</ele>
    <time>2024-09-04T18:46:25Z</time>
   </trkpt>
   <trkpt lat="49.3372130" lon="-123.1920130">
    <ele>31.2</ele>
    <time>2024-09-04T18:46:26Z</time>
   </trkpt>
   <trkpt lat="49.3371840" lon="-123.1919000">
    <ele>31.3</ele>
    <time>2024-09-04T18:46:27Z</time>
   </trkpt>
   <trkpt lat="49.3371550" lon="-123.1917940">
    <ele>31.3</ele>
    <time>2024-09-04T18:46:28Z</time>
   </trkpt>
   <trkpt lat="49.3371250" lon="-123.1916880">
    <ele>31.4</ele>
    <time>2024-09-04T18:46:29Z</time>
   </trkpt>
   <trkpt lat="49.3370960" lon="-123.1915810">
    <ele>31.4</ele>
    <time>2024-09-04T18:46:30Z</time>
   </trkpt>
   <trkpt lat="49.3370700" lon="-123.1914710">
    <ele>31.5</ele>
    <time>2024-09-04T18:46:31Z</time>
   </trkpt>
   <trkpt lat="49.3370430" lon="-123.1913600">
    <ele>31.5</ele>
    <time>2024-09-04T18:46:32Z</time>
   </trkpt>
   <trkpt lat="49.3370150" lon="-123.1912460">
    <ele>31.6</ele>
    <time>2024-09-04T18:46:34Z</time>
   </trkpt>
   <trkpt lat="49.3369880" lon="-123.1911330">
    <ele>31.6</ele>
    <time>2024-09-04T18:46:35Z</time>
   </trkpt>
   <trkpt lat="49.3369580" lon="-123.1910220">
    <ele>31.6</ele>
    <time>2024-09-04T18:46:36Z</time>
   </trkpt>
   <trkpt lat="49.3369290" lon="-123.1909080">
    <ele>31.5</ele>
    <time>2024-09-04T18:46:37Z</time>
   </trkpt>
   <trkpt lat="49.3369000" lon="-123.1907930">
    <ele>31.4</ele>
    <time>2024-09-04T18:46:38Z</time>
   </trkpt>
   <trkpt lat="49.3368730" lon="-123.1906800">
    <ele>31.3</ele>
    <time>2024-09-04T18:46:39Z</time>
   </trkpt>
   <trkpt lat="49.3368450" lon="-123.1905650">
    <ele>31.2</ele>
    <time>2024-09-04T18:46:40Z</time>
   </trkpt>
   <trkpt lat="49.3368180" lon="-123.1904530">
    <ele>31.1</ele>
    <time>2024-09-04T18:46:41Z</time>
   </trkpt>
   <trkpt lat="49.3367930" lon="-123.1903400">
    <ele>31.1</ele>
    <time>2024-09-04T18:46:42Z</time>
   </trkpt>
   <trkpt lat="49.3367630" lon="-123.1902230">
    <ele>30.9</ele>
    <time>2024-09-04T18:46:43Z</time>
   </trkpt>
   <trkpt lat="49.3367340" lon="-123.1901070">
    <ele>30.7</ele>
    <time>2024-09-04T18:46:44Z</time>
   </trkpt>
   <trkpt lat="49.3367070" lon="-123.1899900">
    <ele>30.5</ele>
    <time>2024-09-04T18:46:45Z</time>
   </trkpt>
   <trkpt lat="49.3366780" lon="-123.1898730">
    <ele>30.3</ele>
    <time>2024-09-04T18:46:46Z</time>
   </trkpt>
   <trkpt lat="49.3366500" lon="-123.1897560">
    <ele>30.1</ele>
    <time>2024-09-04T18:46:47Z</time>
   </trkpt>
   <trkpt lat="49.3366220" lon="-123.1896400">
    <ele>29.9</ele>
    <time>2024-09-04T18:46:48Z</time>
   </trkpt>
   <trkpt lat="49.3365940" lon="-123.1895210">
    <ele>29.7</ele>
    <time>2024-09-04T18:46:49Z</time>
   </trkpt>
   <trkpt lat="49.3365670" lon="-123.1894010">
    <ele>29.5</ele>
    <time>2024-09-04T18:46:50Z</time>
   </trkpt>
   <trkpt lat="49.3365400" lon="-123.1892820">
    <ele>29.3</ele>
    <time>2024-09-04T18:46:51Z</time>
   </trkpt>
   <trkpt lat="49.3365130" lon="-123.1891640">
    <ele>29.1</ele>
    <time>2024-09-04T18:46:52Z</time>
   </trkpt>
   <trkpt lat="49.3364840" lon="-123.1890500">
    <ele>28.9</ele>
    <time>2024-09-04T18:46:53Z</time>
   </trkpt>
   <trkpt lat="49.3364570" lon="-123.1889390">
    <ele>28.8</ele>
    <time>2024-09-04T18:46:54Z</time>
   </trkpt>
   <trkpt lat="49.3364290" lon="-123.1888300">
    <ele>28.8</ele>
    <time>2024-09-04T18:46:55Z</time>
   </trkpt>
   <trkpt lat="49.3364020" lon="-123.1887260">
    <ele>28.9</ele>
    <time>2024-09-04T18:46:56Z</time>
   </trkpt>
   <trkpt lat="49.3363790" lon="-123.1886300">
    <ele>28.9</ele>
    <time>2024-09-04T18:46:57Z</time>
   </trkpt>
   <trkpt lat="49.3363570" lon="-123.1885310">
    <ele>28.9</ele>
    <time>2024-09-04T18:46:58Z</time>
   </trkpt>
   <trkpt lat="49.3363350" lon="-123.1884350">
    <ele>29.0</ele>
    <time>2024-09-04T18:46:59Z</time>
   </trkpt>
   <trkpt lat="49.3363120" lon="-123.1883420">
    <ele>29.0</ele>
    <time>2024-09-04T18:47:00Z</time>
   </trkpt>
   <trkpt lat="49.3362890" lon="-123.1882530">
    <ele>29.1</ele>
    <time>2024-09-04T18:47:01Z</time>
   </trkpt>
   <trkpt lat="49.3362660" lon="-123.1881640">
    <ele>29.3</ele>
    <time>2024-09-04T18:47:02Z</time>
   </trkpt>
   <trkpt lat="49.3362420" lon="-123.1880770">
    <ele>29.4</ele>
    <time>2024-09-04T18:47:03Z</time>
   </trkpt>
   <trkpt lat="49.3362230" lon="-123.1879890">
    <ele>29.6</ele>
    <time>2024-09-04T18:47:04Z</time>
   </trkpt>
   <trkpt lat="49.3362050" lon="-123.1879040">
    <ele>29.8</ele>
    <time>2024-09-04T18:47:05Z</time>
   </trkpt>
   <trkpt lat="49.3361860" lon="-123.1878180">
    <ele>30.0</ele>
    <time>2024-09-04T18:47:06Z</time>
   </trkpt>
   <trkpt lat="49.3361660" lon="-123.1877310">
    <ele>30.2</ele>
    <time>2024-09-04T18:47:07Z</time>
   </trkpt>
   <trkpt lat="49.3361230" lon="-123.1875610">
    <ele>30.5</ele>
    <time>2024-09-04T18:47:08Z</time>
   </trkpt>
   <trkpt lat="49.3361050" lon="-123.1874780">
    <ele>30.7</ele>
    <time>2024-09-04T18:47:09Z</time>
   </trkpt>
   <trkpt lat="49.3360850" lon="-123.1874000">
    <ele>30.9</ele>
    <time>2024-09-04T18:47:10Z</time>
   </trkpt>
   <trkpt lat="49.3360670" lon="-123.1873220">
    <ele>31.1</ele>
    <time>2024-09-04T18:47:11Z</time>
   </trkpt>
   <trkpt lat="49.3360500" lon="-123.1872450">
    <ele>31.3</ele>
    <time>2024-09-04T18:47:12Z</time>
   </trkpt>
   <trkpt lat="49.3360320" lon="-123.1871640">
    <ele>31.5</ele>
    <time>2024-09-04T18:47:13Z</time>
   </trkpt>
   <trkpt lat="49.3360110" lon="-123.1870870">
    <ele>31.8</ele>
    <time>2024-09-04T18:47:14Z</time>
   </trkpt>
   <trkpt lat="49.3359940" lon="-123.1870100">
    <ele>32.0</ele>
    <time>2024-09-04T18:47:15Z</time>
   </trkpt>
   <trkpt lat="49.3359760" lon="-123.1869370">
    <ele>32.2</ele>
    <time>2024-09-04T18:47:16Z</time>
   </trkpt>
   <trkpt lat="49.3359580" lon="-123.1868660">
    <ele>32.4</ele>
    <time>2024-09-04T18:47:17Z</time>
   </trkpt>
   <trkpt lat="49.3359420" lon="-123.1867950">
    <ele>32.6</ele>
    <time>2024-09-04T18:47:18Z</time>
   </trkpt>
   <trkpt lat="49.3359260" lon="-123.1867260">
    <ele>32.8</ele>
    <time>2024-09-04T18:47:19Z</time>
   </trkpt>
   <trkpt lat="49.3359060" lon="-123.1866570">
    <ele>32.9</ele>
    <time>2024-09-04T18:47:20Z</time>
   </trkpt>
   <trkpt lat="49.3358870" lon="-123.1865850">
    <ele>33.1</ele>
    <time>2024-09-04T18:47:21Z</time>
   </trkpt>
   <trkpt lat="49.3358720" lon="-123.1865100">
    <ele>33.3</ele>
    <time>2024-09-04T18:47:22Z</time>
   </trkpt>
   <trkpt lat="49.3358550" lon="-123.1864380">
    <ele>33.5</ele>
    <time>2024-09-04T18:47:23Z</time>
   </trkpt>
   <trkpt lat="49.3358360" lon="-123.1863670">
    <ele>33.7</ele>
    <time>2024-09-04T18:47:24Z</time>
   </trkpt>
   <trkpt lat="49.3358180" lon="-123.1863000">
    <ele>33.9</ele>
    <time>2024-09-04T18:47:25Z</time>
   </trkpt>
   <trkpt lat="49.3358030" lon="-123.1862350">
    <ele>34.0</ele>
    <time>2024-09-04T18:47:26Z</time>
   </trkpt>
   <trkpt lat="49.3357880" lon="-123.1861720">
    <ele>34.2</ele>
    <time>2024-09-04T18:47:27Z</time>
   </trkpt>
   <trkpt lat="49.3357730" lon="-123.1861110">
    <ele>34.3</ele>
    <time>2024-09-04T18:47:28Z</time>
   </trkpt>
   <trkpt lat="49.3357570" lon="-123.1860510">
    <ele>34.5</ele>
    <time>2024-09-04T18:47:29Z</time>
   </trkpt>
   <trkpt lat="49.3357430" lon="-123.1859920">
    <ele>34.6</ele>
    <time>2024-09-04T18:47:30Z</time>
   </trkpt>
   <trkpt lat="49.3357290" lon="-123.1859330">
    <ele>34.7</ele>
    <time>2024-09-04T18:47:31Z</time>
   </trkpt>
   <trkpt lat="49.3357150" lon="-123.1858780">
    <ele>34.8</ele>
    <time>2024-09-04T18:47:32Z</time>
   </trkpt>
   <trkpt lat="49.3357020" lon="-123.1858240">
    <ele>34.8</ele>
    <time>2024-09-04T18:47:33Z</time>
   </trkpt>
   <trkpt lat="49.3356890" lon="-123.1857650">
    <ele>34.9</ele>
    <time>2024-09-04T18:47:34Z</time>
   </trkpt>
   <trkpt lat="49.3356770" lon="-123.1857060">
    <ele>35.0</ele>
    <time>2024-09-04T18:47:35Z</time>
   </trkpt>
   <trkpt lat="49.3356620" lon="-123.1856530">
    <ele>35.1</ele>
    <time>2024-09-04T18:47:36Z</time>
   </trkpt>
   <trkpt lat="49.3356470" lon="-123.1856050">
    <ele>35.1</ele>
    <time>2024-09-04T18:47:37Z</time>
   </trkpt>
   <trkpt lat="49.3356370" lon="-123.1855540">
    <ele>35.2</ele>
    <time>2024-09-04T18:47:38Z</time>
   </trkpt>
   <trkpt lat="49.3356310" lon="-123.1855070">
    <ele>35.2</ele>
    <time>2024-09-04T18:47:39Z</time>
   </trkpt>
   <trkpt lat="49.3356300" lon="-123.1854650">
    <ele>35.0</ele>
    <time>2024-09-04T18:47:40Z</time>
   </trkpt>
   <trkpt lat="49.3356260" lon="-123.1854010">
    <ele>34.8</ele>
    <time>2024-09-04T18:47:41Z</time>
   </trkpt>
   <trkpt lat="49.3356120" lon="-123.1853330">
    <ele>34.6</ele>
    <time>2024-09-04T18:47:42Z</time>
   </trkpt>
   <trkpt lat="49.3355900" lon="-123.1852590">
    <ele>34.3</ele>
    <time>2024-09-04T18:47:43Z</time>
   </trkpt>
   <trkpt lat="49.3355720" lon="-123.1851750">
    <ele>34.0</ele>
    <time>2024-09-04T18:47:44Z</time>
   </trkpt>
   <trkpt lat="49.3355530" lon="-123.1850870">
    <ele>33.6</ele>
    <time>2024-09-04T18:47:45Z</time>
   </trkpt>
   <trkpt lat="49.3355320" lon="-123.1849960">
    <ele>33.2</ele>
    <time>2024-09-04T18:47:46Z</time>
   </trkpt>
   <trkpt lat="49.3355080" lon="-123.1849000">
    <ele>32.7</ele>
    <time>2024-09-04T18:47:47Z</time>
   </trkpt>
   <trkpt lat="49.3354870" lon="-123.1848000">
    <ele>32.2</ele>
    <time>2024-09-04T18:47:48Z</time>
   </trkpt>
   <trkpt lat="49.3354650" lon="-123.1846950">
    <ele>31.7</ele>
    <time>2024-09-04T18:47:49Z</time>
   </trkpt>
   <trkpt lat="49.3354380" lon="-123.1845880">
    <ele>31.1</ele>
    <time>2024-09-04T18:47:50Z</time>
   </trkpt>
   <trkpt lat="49.3354080" lon="-123.1844760">
    <ele>30.6</ele>
    <time>2024-09-04T18:47:51Z</time>
   </trkpt>
   <trkpt lat="49.3353790" lon="-123.1843600">
    <ele>30.0</ele>
    <time>2024-09-04T18:47:52Z</time>
   </trkpt>
   <trkpt lat="49.3353490" lon="-123.1842410">
    <ele>29.4</ele>
    <time>2024-09-04T18:47:53Z</time>
   </trkpt>
   <trkpt lat="49.3353200" lon="-123.1841170">
    <ele>28.7</ele>
    <time>2024-09-04T18:47:54Z</time>
   </trkpt>
   <trkpt lat="49.3352880" lon="-123.1839900">
    <ele>28.1</ele>
    <time>2024-09-04T18:47:55Z</time>
   </trkpt>
   <trkpt lat="49.3352570" lon="-123.1838610">
    <ele>27.6</ele>
    <time>2024-09-04T18:47:56Z</time>
   </trkpt>
   <trkpt lat="49.3352280" lon="-123.1837320">
    <ele>27.0</ele>
    <time>2024-09-04T18:47:57Z</time>
   </trkpt>
   <trkpt lat="49.3351980" lon="-123.1836050">
    <ele>26.5</ele>
    <time>2024-09-04T18:47:58Z</time>
   </trkpt>
   <trkpt lat="49.3351690" lon="-123.1834770">
    <ele>26.0</ele>
    <time>2024-09-04T18:47:59Z</time>
   </trkpt>
   <trkpt lat="49.3351380" lon="-123.1833440">
    <ele>25.5</ele>
    <time>2024-09-04T18:48:00Z</time>
   </trkpt>
   <trkpt lat="49.3351020" lon="-123.1832120">
    <ele>25.0</ele>
    <time>2024-09-04T18:48:01Z</time>
   </trkpt>
   <trkpt lat="49.3350640" lon="-123.1830870">
    <ele>24.5</ele>
    <time>2024-09-04T18:48:02Z</time>
   </trkpt>
   <trkpt lat="49.3350210" lon="-123.1829650">
    <ele>24.1</ele>
    <time>2024-09-04T18:48:03Z</time>
   </trkpt>
   <trkpt lat="49.3349840" lon="-123.1828490">
    <ele>23.8</ele>
    <time>2024-09-04T18:48:04Z</time>
   </trkpt>
   <trkpt lat="49.3349540" lon="-123.1827350">
    <ele>23.5</ele>
    <time>2024-09-04T18:48:05Z</time>
   </trkpt>
   <trkpt lat="49.3349280" lon="-123.1826330">
    <ele>23.3</ele>
    <time>2024-09-04T18:48:06Z</time>
   </trkpt>
   <trkpt lat="49.3348960" lon="-123.1825440">
    <ele>23.1</ele>
    <time>2024-09-04T18:48:07Z</time>
   </trkpt>
   <trkpt lat="49.3348370" lon="-123.1824830">
    <ele>22.9</ele>
    <time>2024-09-04T18:48:08Z</time>
   </trkpt>
   <trkpt lat="49.3347650" lon="-123.1824890">
    <ele>22.0</ele>
    <time>2024-09-04T18:48:09Z</time>
   </trkpt>
   <trkpt lat="49.3347000" lon="-123.1824760">
    <ele>21.1</ele>
    <time>2024-09-04T18:48:10Z</time>
   </trkpt>
   <trkpt lat="49.3346310" lon="-123.1824720">
    <ele>20.2</ele>
    <time>2024-09-04T18:48:11Z</time>
   </trkpt>
   <trkpt lat="49.3345600" lon="-123.1824690">
    <ele>19.3</ele>
    <time>2024-09-04T18:48:12Z</time>
   </trkpt>
   <trkpt lat="49.3344860" lon="-123.1824630">
    <ele>18.5</ele>
    <time>2024-09-04T18:48:13Z</time>
   </trkpt>
   <trkpt lat="49.3344110" lon="-123.1824620">
    <ele>17.7</ele>
    <time>2024-09-04T18:48:14Z</time>
   </trkpt>
   <trkpt lat="49.3343350" lon="-123.1824590">
    <ele>17.1</ele>
    <time>2024-09-04T18:48:15Z</time>
   </trkpt>
   <trkpt lat="49.3342600" lon="-123.1824580">
    <ele>16.5</ele>
    <time>2024-09-04T18:48:16Z</time>
   </trkpt>
   <trkpt lat="49.3341880" lon="-123.1824580">
    <ele>16.1</ele>
    <time>2024-09-04T18:48:17Z</time>
   </trkpt>
   <trkpt lat="49.3341180" lon="-123.1824570">
    <ele>15.8</ele>
    <time>2024-09-04T18:48:18Z</time>
   </trkpt>
   <trkpt lat="49.3340540" lon="-123.1824600">
    <ele>15.5</ele>
    <time>2024-09-04T18:48:19Z</time>
   </trkpt>
   <trkpt lat="49.3339920" lon="-123.1824620">
    <ele>15.5</ele>
    <time>2024-09-04T18:48:20Z</time>
   </trkpt>
   <trkpt lat="49.3339370" lon="-123.1824700">
    <ele>15.5</ele>
    <time>2024-09-04T18:48:21Z</time>
   </trkpt>
   <trkpt lat="49.3338940" lon="-123.1824790">
    <ele>15.5</ele>
    <time>2024-09-04T18:48:22Z</time>
   </trkpt>
   <trkpt lat="49.3338570" lon="-123.1824910">
    <ele>15.4</ele>
    <time>2024-09-04T18:48:23Z</time>
   </trkpt>
   <trkpt lat="49.3338150" lon="-123.1824980">
    <ele>15.3</ele>
    <time>2024-09-04T18:48:24Z</time>
   </trkpt>
   <trkpt lat="49.3337720" lon="-123.1824540">
    <ele>15.3</ele>
    <time>2024-09-04T18:48:25Z</time>
   </trkpt>
   <trkpt lat="49.3337470" lon="-123.1823710">
    <ele>15.2</ele>
    <time>2024-09-04T18:48:26Z</time>
   </trkpt>
   <trkpt lat="49.3337390" lon="-123.1822760">
    <ele>15.0</ele>
    <time>2024-09-04T18:48:27Z</time>
   </trkpt>
   <trkpt lat="49.3336940" lon="-123.1821980">
    <ele>14.8</ele>
    <time>2024-09-04T18:48:28Z</time>
   </trkpt>
   <trkpt lat="49.3336730" lon="-123.1821050">
    <ele>14.6</ele>
    <time>2024-09-04T18:48:29Z</time>
   </trkpt>
   <trkpt lat="49.3336540" lon="-123.1820080">
    <ele>14.4</ele>
    <time>2024-09-04T18:48:30Z</time>
   </trkpt>
   <trkpt lat="49.3336320" lon="-123.1819120">
    <ele>14.2</ele>
    <time>2024-09-04T18:48:31Z</time>
   </trkpt>
   <trkpt lat="49.3336090" lon="-123.1818130">
    <ele>14.0</ele>
    <time>2024-09-04T18:48:32Z</time>
   </trkpt>
   <trkpt lat="49.3335880" lon="-123.1817110">
    <ele>13.9</ele>
    <time>2024-09-04T18:48:33Z</time>
   </trkpt>
   <trkpt lat="49.3335650" lon="-123.1816110">
    <ele>13.7</ele>
    <time>2024-09-04T18:48:34Z</time>
   </trkpt>
   <trkpt lat="49.3335420" lon="-123.1815120">
    <ele>13.6</ele>
    <time>2024-09-04T18:48:35Z</time>
   </trkpt>
   <trkpt lat="49.3335170" lon="-123.1814140">
    <ele>13.5</ele>
    <time>2024-09-04T18:48:36Z</time>
   </trkpt>
   <trkpt lat="49.3334910" lon="-123.1813140">
    <ele>13.4</ele>
    <time>2024-09-04T18:48:37Z</time>
   </trkpt>
   <trkpt lat="49.3334710" lon="-123.1812120">
    <ele>13.4</ele>
    <time>2024-09-04T18:48:38Z</time>
   </trkpt>
   <trkpt lat="49.3334480" lon="-123.1811150">
    <ele>13.3</ele>
    <time>2024-09-04T18:48:40Z</time>
   </trkpt>
   <trkpt lat="49.3334260" lon="-123.1810140">
    <ele>13.2</ele>
    <time>2024-09-04T18:48:41Z</time>
   </trkpt>
   <trkpt lat="49.3334050" lon="-123.1809170">
    <ele>13.1</ele>
    <time>2024-09-04T18:48:42Z</time>
   </trkpt>
   <trkpt lat="49.3333820" lon="-123.1808200">
    <ele>13.1</ele>
    <time>2024-09-04T18:48:43Z</time>
   </trkpt>
   <trkpt lat="49.3333600" lon="-123.1807230">
    <ele>13.0</ele>
    <time>2024-09-04T18:48:44Z</time>
   </trkpt>
   <trkpt lat="49.3333390" lon="-123.1806280">
    <ele>12.9</ele>
    <time>2024-09-04T18:48:45Z</time>
   </trkpt>
   <trkpt lat="49.3333180" lon="-123.1805360">
    <ele>12.9</ele>
    <time>2024-09-04T18:48:46Z</time>
   </trkpt>
   <trkpt lat="49.3332960" lon="-123.1804440">
    <ele>12.8</ele>
    <time>2024-09-04T18:48:47Z</time>
   </trkpt>
   <trkpt lat="49.3332750" lon="-123.1803530">
    <ele>12.7</ele>
    <time>2024-09-04T18:48:48Z</time>
   </trkpt>
   <trkpt lat="49.3332530" lon="-123.1802610">
    <ele>12.6</ele>
    <time>2024-09-04T18:48:49Z</time>
   </trkpt>
   <trkpt lat="49.3332330" lon="-123.1801720">
    <ele>12.6</ele>
    <time>2024-09-04T18:48:50Z</time>
   </trkpt>
   <trkpt lat="49.3332130" lon="-123.1800840">
    <ele>12.6</ele>
    <time>2024-09-04T18:48:51Z</time>
   </trkpt>
   <trkpt lat="49.3331930" lon="-123.1799990">
    <ele>12.6</ele>
    <time>2024-09-04T18:48:52Z</time>
   </trkpt>
   <trkpt lat="49.3331710" lon="-123.1799140">
    <ele>12.6</ele>
    <time>2024-09-04T18:48:53Z</time>
   </trkpt>
   <trkpt lat="49.3331500" lon="-123.1798300">
    <ele>12.6</ele>
    <time>2024-09-04T18:48:54Z</time>
   </trkpt>
   <trkpt lat="49.3331320" lon="-123.1797470">
    <ele>12.6</ele>
    <time>2024-09-04T18:48:55Z</time>
   </trkpt>
   <trkpt lat="49.3331130" lon="-123.1796710">
    <ele>12.7</ele>
    <time>2024-09-04T18:48:56Z</time>
   </trkpt>
   <trkpt lat="49.3330970" lon="-123.1796010">
    <ele>12.8</ele>
    <time>2024-09-04T18:48:57Z</time>
   </trkpt>
   <trkpt lat="49.3330800" lon="-123.1795310">
    <ele>12.9</ele>
    <time>2024-09-04T18:48:58Z</time>
   </trkpt>
   <trkpt lat="49.3330690" lon="-123.1794640">
    <ele>13.0</ele>
    <time>2024-09-04T18:48:59Z</time>
   </trkpt>
   <trkpt lat="49.3330630" lon="-123.1794190">
    <ele>13.1</ele>
    <time>2024-09-04T18:49:00Z</time>
   </trkpt>
   <trkpt lat="49.3330570" lon="-123.1793620">
    <ele>13.2</ele>
    <time>2024-09-04T18:49:01Z</time>
   </trkpt>
   <trkpt lat="49.3330570" lon="-123.1793430">
    <ele>13.2</ele>
    <time>2024-09-04T18:49:02Z</time>
   </trkpt>
   <trkpt lat="49.3330670" lon="-123.1793040">
    <ele>13.3</ele>
    <time>2024-09-04T18:49:03Z</time>
   </trkpt>
   <trkpt lat="49.3330860" lon="-123.1792720">
    <ele>13.4</ele>
    <time>2024-09-04T18:49:04Z</time>
   </trkpt>
   <trkpt lat="49.3331170" lon="-123.1792610">
    <ele>13.4</ele>
    <time>2024-09-04T18:49:05Z</time>
   </trkpt>
   <trkpt lat="49.3331550" lon="-123.1792460">
    <ele>13.5</ele>
    <time>2024-09-04T18:49:06Z</time>
   </trkpt>
   <trkpt lat="49.3331670" lon="-123.1792380">
    <ele>13.6</ele>
    <time>2024-09-04T18:49:07Z</time>
   </trkpt>
   <trkpt lat="49.3331860" lon="-123.1791990">
    <ele>13.8</ele>
    <time>2024-09-04T18:49:08Z</time>
   </trkpt>
   <trkpt lat="49.3331860" lon="-123.1791320">
    <ele>13.9</ele>
    <time>2024-09-04T18:49:09Z</time>
   </trkpt>
   <trkpt lat="49.3331660" lon="-123.1790720">
    <ele>13.7</ele>
    <time>2024-09-04T18:49:10Z</time>
   </trkpt>
   <trkpt lat="49.3331460" lon="-123.1790130">
    <ele>13.5</ele>
    <time>2024-09-04T18:49:11Z</time>
   </trkpt>
   <trkpt lat="49.3331300" lon="-123.1789480">
    <ele>13.4</ele>
    <time>2024-09-04T18:49:12Z</time>
   </trkpt>
   <trkpt lat="49.3331150" lon="-123.1788790">
    <ele>13.3</ele>
    <time>2024-09-04T18:49:13Z</time>
   </trkpt>
   <trkpt lat="49.3331010" lon="-123.1788090">
    <ele>13.2</ele>
    <time>2024-09-04T18:49:14Z</time>
   </trkpt>
   <trkpt lat="49.3330630" lon="-123.1786590">
    <ele>13.0</ele>
    <time>2024-09-04T18:49:15Z</time>
   </trkpt>
   <trkpt lat="49.3330430" lon="-123.1785810">
    <ele>12.9</ele>
    <time>2024-09-04T18:49:16Z</time>
   </trkpt>
   <trkpt lat="49.3330200" lon="-123.1785000">
    <ele>12.8</ele>
    <time>2024-09-04T18:49:17Z</time>
   </trkpt>
   <trkpt lat="49.3329970" lon="-123.1784180">
    <ele>12.7</ele>
    <time>2024-09-04T18:49:18Z</time>
   </trkpt>
   <trkpt lat="49.3329750" lon="-123.1783350">
    <ele>12.6</ele>
    <time>2024-09-04T18:49:19Z</time>
   </trkpt>
   <trkpt lat="49.3329530" lon="-123.1782500">
    <ele>12.5</ele>
    <time>2024-09-04T18:49:20Z</time>
   </trkpt>
   <trkpt lat="49.3329280" lon="-123.1781650">
    <ele>12.5</ele>
    <time>2024-09-04T18:49:21Z</time>
   </trkpt>
   <trkpt lat="49.3329060" lon="-123.1780830">
    <ele>12.5</ele>
    <time>2024-09-04T18:49:22Z</time>
   </trkpt>
   <trkpt lat="49.3328820" lon="-123.1780000">
    <ele>12.4</ele>
    <time>2024-09-04T18:49:23Z</time>
   </trkpt>
   <trkpt lat="49.3328570" lon="-123.1779170">
    <ele>12.4</ele>
    <time>2024-09-04T18:49:24Z</time>
   </trkpt>
   <trkpt lat="49.3328330" lon="-123.1778340">
    <ele>12.4</ele>
    <time>2024-09-04T18:49:25Z</time>
   </trkpt>
   <trkpt lat="49.3328140" lon="-123.1777490">
    <ele>12.3</ele>
    <time>2024-09-04T18:49:26Z</time>
   </trkpt>
   <trkpt lat="49.3327950" lon="-123.1776660">
    <ele>12.3</ele>
    <time>2024-09-04T18:49:27Z</time>
   </trkpt>
   <trkpt lat="49.3327710" lon="-123.1775810">
    <ele>12.2</ele>
    <time>2024-09-04T18:49:28Z</time>
   </trkpt>
   <trkpt lat="49.3327480" lon="-123.1774950">
    <ele>12.2</ele>
    <time>2024-09-04T18:49:29Z</time>
   </trkpt>
   <trkpt lat="49.3327290" lon="-123.1774090">
    <ele>12.2</ele>
    <time>2024-09-04T18:49:30Z</time>
   </trkpt>
   <trkpt lat="49.3327080" lon="-123.1773250">
    <ele>12.1</ele>
    <time>2024-09-04T18:49:31Z</time>
   </trkpt>
   <trkpt lat="49.3326860" lon="-123.1772400">
    <ele>12.1</ele>
    <time>2024-09-04T18:49:32Z</time>
   </trkpt>
   <trkpt lat="49.3326640" lon="-123.1771590">
    <ele>12.1</ele>
    <time>2024-09-04T18:49:33Z</time>
   </trkpt>
   <trkpt lat="49.3326440" lon="-123.1770780">
    <ele>12.1</ele>
    <time>2024-09-04T18:49:34Z</time>
   </trkpt>
   <trkpt lat="49.3326240" lon="-123.1769950">
    <ele>12.1</ele>
    <time>2024-09-04T18:49:35Z</time>
   </trkpt>
   <trkpt lat="49.3326050" lon="-123.1769110">
    <ele>12.1</ele>
    <time>2024-09-04T18:49:36Z</time>
   </trkpt>
   <trkpt lat="49.3325860" lon="-123.1768260">
    <ele>12.1</ele>
    <time>2024-09-04T18:49:37Z</time>
   </trkpt>
   <trkpt lat="49.3325670" lon="-123.1767400">
    <ele>12.1</ele>
    <time>2024-09-04T18:49:38Z</time>
   </trkpt>
   <trkpt lat="49.3325460" lon="-123.1766550">
    <ele>12.1</ele>
    <time>2024-09-04T18:49:39Z</time>
   </trkpt>
   <trkpt lat="49.3325260" lon="-123.1765710">
    <ele>12.1</ele>
    <time>2024-09-04T18:49:40Z</time>
   </trkpt>
   <trkpt lat="49.3325040" lon="-123.1764880">
    <ele>12.2</ele>
    <time>2024-09-04T18:49:41Z</time>
   </trkpt>
   <trkpt lat="49.3324850" lon="-123.1764050">
    <ele>12.3</ele>
    <time>2024-09-04T18:49:42Z</time>
   </trkpt>
   <trkpt lat="49.3324650" lon="-123.1763230">
    <ele>12.4</ele>
    <time>2024-09-04T18:49:43Z</time>
   </trkpt>
   <trkpt lat="49.3324460" lon="-123.1762420">
    <ele>12.5</ele>
    <time>2024-09-04T18:49:44Z</time>
   </trkpt>
   <trkpt lat="49.3324260" lon="-123.1761630">
    <ele>12.6</ele>
    <time>2024-09-04T18:49:45Z</time>
   </trkpt>
   <trkpt lat="49.3324060" lon="-123.1760870">
    <ele>12.8</ele>
    <time>2024-09-04T18:49:46Z</time>
   </trkpt>
   <trkpt lat="49.3323890" lon="-123.1760130">
    <ele>12.9</ele>
    <time>2024-09-04T18:49:47Z</time>
   </trkpt>
   <trkpt lat="49.3323740" lon="-123.1759400">
    <ele>13.1</ele>
    <time>2024-09-04T18:49:48Z</time>
   </trkpt>
   <trkpt lat="49.3323600" lon="-123.1758690">
    <ele>13.3</ele>
    <time>2024-09-04T18:49:49Z</time>
   </trkpt>
   <trkpt lat="49.3323460" lon="-123.1757990">
    <ele>13.4</ele>
    <time>2024-09-04T18:49:50Z</time>
   </trkpt>
   <trkpt lat="49.3323280" lon="-123.1757310">
    <ele>13.6</ele>
    <time>2024-09-04T18:49:51Z</time>
   </trkpt>
   <trkpt lat="49.3323110" lon="-123.1756650">
    <ele>13.8</ele>
    <time>2024-09-04T18:49:52Z</time>
   </trkpt>
   <trkpt lat="49.3322970" lon="-123.1756000">
    <ele>14.0</ele>
    <time>2024-09-04T18:49:53Z</time>
   </trkpt>
   <trkpt lat="49.3322810" lon="-123.1755350">
    <ele>14.2</ele>
    <time>2024-09-04T18:49:54Z</time>
   </trkpt>
   <trkpt lat="49.3322660" lon="-123.1754740">
    <ele>14.4</ele>
    <time>2024-09-04T18:49:55Z</time>
   </trkpt>
   <trkpt lat="49.3322510" lon="-123.1754140">
    <ele>14.6</ele>
    <time>2024-09-04T18:49:56Z</time>
   </trkpt>
   <trkpt lat="49.3322370" lon="-123.1753550">
    <ele>14.8</ele>
    <time>2024-09-04T18:49:57Z</time>
   </trkpt>
   <trkpt lat="49.3322230" lon="-123.1752950">
    <ele>15.0</ele>
    <time>2024-09-04T18:49:58Z</time>
   </trkpt>
   <trkpt lat="49.3322090" lon="-123.1752380">
    <ele>15.2</ele>
    <time>2024-09-04T18:49:59Z</time>
   </trkpt>
   <trkpt lat="49.3321970" lon="-123.1751790">
    <ele>15.4</ele>
    <time>2024-09-04T18:50:00Z</time>
   </trkpt>
   <trkpt lat="49.3321850" lon="-123.1751230">
    <ele>15.7</ele>
    <time>2024-09-04T18:50:01Z</time>
   </trkpt>
   <trkpt lat="49.3321730" lon="-123.1750650">
    <ele>15.9</ele>
    <time>2024-09-04T18:50:02Z</time>
   </trkpt>
   <trkpt lat="49.3321610" lon="-123.1750080">
    <ele>16.0</ele>
    <time>2024-09-04T18:50:03Z</time>
   </trkpt>
   <trkpt lat="49.3321460" lon="-123.1749500">
    <ele>16.1</ele>
    <time>2024-09-04T18:50:04Z</time>
   </trkpt>
   <trkpt lat="49.3321270" lon="-123.1748910">
    <ele>16.1</ele>
    <time>2024-09-04T18:50:05Z</time>
   </trkpt>
   <trkpt lat="49.3321050" lon="-123.1748300">
    <ele>16.2</ele>
    <time>2024-09-04T18:50:06Z</time>
   </trkpt>
   <trkpt lat="49.3320750" lon="-123.1747770">
    <ele>16.2</ele>
    <time>2024-09-04T18:50:07Z</time>
   </trkpt>
   <trkpt lat="49.3320410" lon="-123.1747270">
    <ele>16.2</ele>
    <time>2024-09-04T18:50:08Z</time>
   </trkpt>
   <trkpt lat="49.3320070" lon="-123.1746740">
    <ele>16.3</ele>
    <time>2024-09-04T18:50:09Z</time>
   </trkpt>
   <trkpt lat="49.3319700" lon="-123.1746230">
    <ele>16.3</ele>
    <time>2024-09-04T18:50:10Z</time>
   </trkpt>
   <trkpt lat="49.3319350" lon="-123.1745660">
    <ele>16.3</ele>
    <time>2024-09-04T18:50:11Z</time>
   </trkpt>
   <trkpt lat="49.3319030" lon="-123.1745070">
    <ele>16.3</ele>
    <time>2024-09-04T18:50:12Z</time>
   </trkpt>
   <trkpt lat="49.3318670" lon="-123.1744520">
    <ele>16.3</ele>
    <time>2024-09-04T18:50:13Z</time>
   </trkpt>
   <trkpt lat="49.3318300" lon="-123.1743970">
    <ele>16.4</ele>
    <time>2024-09-04T18:50:14Z</time>
   </trkpt>
   <trkpt lat="49.3318000" lon="-123.1743340">
    <ele>16.4</ele>
    <time>2024-09-04T18:50:15Z</time>
   </trkpt>
   <trkpt lat="49.3317650" lon="-123.1742800">
    <ele>16.4</ele>
    <time>2024-09-04T18:50:16Z</time>
   </trkpt>
   <trkpt lat="49.3317300" lon="-123.1742220">
    <ele>16.5</ele>
    <time>2024-09-04T18:50:17Z</time>
   </trkpt>
   <trkpt lat="49.3316940" lon="-123.1741680">
    <ele>16.5</ele>
    <time>2024-09-04T18:50:18Z</time>
   </trkpt>
   <trkpt lat="49.3316570" lon="-123.1741150">
    <ele>16.6</ele>
    <time>2024-09-04T18:50:19Z</time>
   </trkpt>
   <trkpt lat="49.3316190" lon="-123.1740680">
    <ele>16.7</ele>
    <time>2024-09-04T18:50:20Z</time>
   </trkpt>
   <trkpt lat="49.3315840" lon="-123.1740130">
    <ele>16.8</ele>
    <time>2024-09-04T18:50:21Z</time>
   </trkpt>
   <trkpt lat="49.3315430" lon="-123.1739600">
    <ele>16.9</ele>
    <time>2024-09-04T18:50:22Z</time>
   </trkpt>
   <trkpt lat="49.3315050" lon="-123.1739070">
    <ele>17.0</ele>
    <time>2024-09-04T18:50:23Z</time>
   </trkpt>
   <trkpt lat="49.3314630" lon="-123.1738630">
    <ele>17.2</ele>
    <time>2024-09-04T18:50:24Z</time>
   </trkpt>
   <trkpt lat="49.3314280" lon="-123.1738090">
    <ele>17.3</ele>
    <time>2024-09-04T18:50:25Z</time>
   </trkpt>
   <trkpt lat="49.3313840" lon="-123.1737770">
    <ele>17.4</ele>
    <time>2024-09-04T18:50:26Z</time>
   </trkpt>
   <trkpt lat="49.3313450" lon="-123.1737400">
    <ele>17.5</ele>
    <time>2024-09-04T18:50:27Z</time>
   </trkpt>
   <trkpt lat="49.3313070" lon="-123.1737030">
    <ele>17.6</ele>
    <time>2024-09-04T18:50:28Z</time>
   </trkpt>
   <trkpt lat="49.3312690" lon="-123.1736620">
    <ele>17.7</ele>
    <time>2024-09-04T18:50:29Z</time>
   </trkpt>
   <trkpt lat="49.3312290" lon="-123.1736230">
    <ele>17.7</ele>
    <time>2024-09-04T18:50:30Z</time>
   </trkpt>
   <trkpt lat="49.3311880" lon="-123.1735800">
    <ele>17.8</ele>
    <time>2024-09-04T18:50:31Z</time>
   </trkpt>
   <trkpt lat="49.3311480" lon="-123.1735370">
    <ele>17.9</ele>
    <time>2024-09-04T18:50:32Z</time>
   </trkpt>
   <trkpt lat="49.3311070" lon="-123.1734930">
    <ele>17.9</ele>
    <time>2024-09-04T18:50:33Z</time>
   </trkpt>
   <trkpt lat="49.3310650" lon="-123.1734490">
    <ele>18.0</ele>
    <time>2024-09-04T18:50:34Z</time>
   </trkpt>
   <trkpt lat="49.3310240" lon="-123.1734060">
    <ele>18.0</ele>
    <time>2024-09-04T18:50:35Z</time>
   </trkpt>
   <trkpt lat="49.3309830" lon="-123.1733650">
    <ele>18.1</ele>
    <time>2024-09-04T18:50:36Z</time>
   </trkpt>
   <trkpt lat="49.3309410" lon="-123.1733230">
    <ele>18.1</ele>
    <time>2024-09-04T18:50:37Z</time>
   </trkpt>
   <trkpt lat="49.3309010" lon="-123.1732780">
    <ele>18.2</ele>
    <time>2024-09-04T18:50:38Z</time>
   </trkpt>
   <trkpt lat="49.3308620" lon="-123.1732290">
    <ele>18.3</ele>
    <time>2024-09-04T18:50:39Z</time>
   </trkpt>
   <trkpt lat="49.3308260" lon="-123.1731750">
    <ele>18.3</ele>
    <time>2024-09-04T18:50:40Z</time>
   </trkpt>
   <trkpt lat="49.3307890" lon="-123.1731250">
    <ele>18.4</ele>
    <time>2024-09-04T18:50:41Z</time>
   </trkpt>
   <trkpt lat="49.3307510" lon="-123.1730740">
    <ele>18.5</ele>
    <time>2024-09-04T18:50:42Z</time>
   </trkpt>
   <trkpt lat="49.3307110" lon="-123.1730290">
    <ele>18.5</ele>
    <time>2024-09-04T18:50:43Z</time>
   </trkpt>
   <trkpt lat="49.3306710" lon="-123.1729800">
    <ele>18.6</ele>
    <time>2024-09-04T18:50:45Z</time>
   </trkpt>
   <trkpt lat="49.3306330" lon="-123.1729260">
    <ele>18.7</ele>
    <time>2024-09-04T18:50:46Z</time>
   </trkpt>
   <trkpt lat="49.3305960" lon="-123.1728740">
    <ele>18.8</ele>
    <time>2024-09-04T18:50:47Z</time>
   </trkpt>
   <trkpt lat="49.3305560" lon="-123.1728270">
    <ele>18.9</ele>
    <time>2024-09-04T18:50:48Z</time>
   </trkpt>
   <trkpt lat="49.3305170" lon="-123.1727800">
    <ele>19.0</ele>
    <time>2024-09-04T18:50:49Z</time>
   </trkpt>
   <trkpt lat="49.3304790" lon="-123.1727340">
    <ele>19.1</ele>
    <time>2024-09-04T18:50:50Z</time>
   </trkpt>
   <trkpt lat="49.3304410" lon="-123.1726890">
    <ele>19.2</ele>
    <time>2024-09-04T18:50:51Z</time>
   </trkpt>
   <trkpt lat="49.3304080" lon="-123.1726380">
    <ele>19.4</ele>
    <time>2024-09-04T18:50:52Z</time>
   </trkpt>
   <trkpt lat="49.3303750" lon="-123.1725880">
    <ele>19.5</ele>
    <time>2024-09-04T18:50:53Z</time>
   </trkpt>
   <trkpt lat="49.3303390" lon="-123.1725400">
    <ele>19.6</ele>
    <time>2024-09-04T18:50:54Z</time>
   </trkpt>
   <trkpt lat="49.3303080" lon="-123.1724900">
    <ele>19.8</ele>
    <time>2024-09-04T18:50:55Z</time>
   </trkpt>
   <trkpt lat="49.3302780" lon="-123.1724390">
    <ele>19.9</ele>
    <time>2024-09-04T18:50:56Z</time>
   </trkpt>
   <trkpt lat="49.3302490" lon="-123.1723850">
    <ele>20.0</ele>
    <time>2024-09-04T18:50:57Z</time>
   </trkpt>
   <trkpt lat="49.3302190" lon="-123.1723310">
    <ele>20.2</ele>
    <time>2024-09-04T18:50:58Z</time>
   </trkpt>
   <trkpt lat="49.3301880" lon="-123.1722770">
    <ele>20.3</ele>
    <time>2024-09-04T18:50:59Z</time>
   </trkpt>
   <trkpt lat="49.3301610" lon="-123.1722200">
    <ele>20.4</ele>
    <time>2024-09-04T18:51:00Z</time>
   </trkpt>
   <trkpt lat="49.3301340" lon="-123.1721650">
    <ele>20.6</ele>
    <time>2024-09-04T18:51:01Z</time>
   </trkpt>
   <trkpt lat="49.3301070" lon="-123.1721090">
    <ele>20.7</ele>
    <time>2024-09-04T18:51:02Z</time>
   </trkpt>
   <trkpt lat="49.3300820" lon="-123.1720510">
    <ele>20.8</ele>
    <time>2024-09-04T18:51:03Z</time>
   </trkpt>
   <trkpt lat="49.3300550" lon="-123.1719930">
    <ele>21.0</ele>
    <time>2024-09-04T18:51:04Z</time>
   </trkpt>
   <trkpt lat="49.3300280" lon="-123.1719370">
    <ele>21.1</ele>
    <time>2024-09-04T18:51:05Z</time>
   </trkpt>
   <trkpt lat="49.3299990" lon="-123.1718820">
    <ele>21.3</ele>
    <time>2024-09-04T18:51:06Z</time>
   </trkpt>
   <trkpt lat="49.3299740" lon="-123.1718250">
    <ele>21.4</ele>
    <time>2024-09-04T18:51:07Z</time>
   </trkpt>
   <trkpt lat="49.3299540" lon="-123.1717610">
    <ele>21.6</ele>
    <time>2024-09-04T18:51:08Z</time>
   </trkpt>
   <trkpt lat="49.3299340" lon="-123.1716980">
    <ele>21.7</ele>
    <time>2024-09-04T18:51:09Z</time>
   </trkpt>
   <trkpt lat="49.3299140" lon="-123.1716390">
    <ele>21.8</ele>
    <time>2024-09-04T18:51:10Z</time>
   </trkpt>
   <trkpt lat="49.3298900" lon="-123.1715850">
    <ele>22.0</ele>
    <time>2024-09-04T18:51:11Z</time>
   </trkpt>
   <trkpt lat="49.3298670" lon="-123.1715250">
    <ele>22.1</ele>
    <time>2024-09-04T18:51:12Z</time>
   </trkpt>
   <trkpt lat="49.3298470" lon="-123.1714620">
    <ele>22.3</ele>
    <time>2024-09-04T18:51:13Z</time>
   </trkpt>
   <trkpt lat="49.3298290" lon="-123.1713970">
    <ele>22.4</ele>
    <time>2024-09-04T18:51:14Z</time>
   </trkpt>
   <trkpt lat="49.3298100" lon="-123.1713350">
    <ele>22.6</ele>
    <time>2024-09-04T18:51:15Z</time>
   </trkpt>
   <trkpt lat="49.3297920" lon="-123.1712730">
    <ele>22.7</ele>
    <time>2024-09-04T18:51:16Z</time>
   </trkpt>
   <trkpt lat="49.3297740" lon="-123.1712150">
    <ele>22.8</ele>
    <time>2024-09-04T18:51:17Z</time>
   </trkpt>
   <trkpt lat="49.3297570" lon="-123.1711600">
    <ele>22.8</ele>
    <time>2024-09-04T18:51:18Z</time>
   </trkpt>
   <trkpt lat="49.3297390" lon="-123.1711020">
    <ele>22.9</ele>
    <time>2024-09-04T18:51:19Z</time>
   </trkpt>
   <trkpt lat="49.3296990" lon="-123.1709860">
    <ele>22.9</ele>
    <time>2024-09-04T18:51:20Z</time>
   </trkpt>
   <trkpt lat="49.3296820" lon="-123.1709220">
    <ele>22.9</ele>
    <time>2024-09-04T18:51:21Z</time>
   </trkpt>
   <trkpt lat="49.3296620" lon="-123.1708560">
    <ele>22.8</ele>
    <time>2024-09-04T18:51:22Z</time>
   </trkpt>
   <trkpt lat="49.3296410" lon="-123.1707880">
    <ele>22.8</ele>
    <time>2024-09-04T18:51:23Z</time>
   </trkpt>
   <trkpt lat="49.3296210" lon="-123.1707210">
    <ele>22.8</ele>
    <time>2024-09-04T18:51:24Z</time>
   </trkpt>
   <trkpt lat="49.3295990" lon="-123.1706530">
    <ele>22.8</ele>
    <time>2024-09-04T18:51:25Z</time>
   </trkpt>
   <trkpt lat="49.3295780" lon="-123.1705840">
    <ele>22.8</ele>
    <time>2024-09-04T18:51:26Z</time>
   </trkpt>
   <trkpt lat="49.3295550" lon="-123.1705160">
    <ele>22.8</ele>
    <time>2024-09-04T18:51:27Z</time>
   </trkpt>
   <trkpt lat="49.3295330" lon="-123.1704460">
    <ele>22.8</ele>
    <time>2024-09-04T18:51:28Z</time>
   </trkpt>
   <trkpt lat="49.3295110" lon="-123.1703770">
    <ele>22.8</ele>
    <time>2024-09-04T18:51:29Z</time>
   </trkpt>
   <trkpt lat="49.3294900" lon="-123.1703050">
    <ele>22.8</ele>
    <time>2024-09-04T18:51:30Z</time>
   </trkpt>
   <trkpt lat="49.3294640" lon="-123.1702360">
    <ele>22.8</ele>
    <time>2024-09-04T18:51:31Z</time>
   </trkpt>
   <trkpt lat="49.3294420" lon="-123.1701610">
    <ele>22.7</ele>
    <time>2024-09-04T18:51:32Z</time>
   </trkpt>
   <trkpt lat="49.3294210" lon="-123.1700880">
    <ele>22.7</ele>
    <time>2024-09-04T18:51:33Z</time>
   </trkpt>
   <trkpt lat="49.3293990" lon="-123.1700120">
    <ele>22.7</ele>
    <time>2024-09-04T18:51:34Z</time>
   </trkpt>
   <trkpt lat="49.3293800" lon="-123.1699350">
    <ele>22.7</ele>
    <time>2024-09-04T18:51:35Z</time>
   </trkpt>
   <trkpt lat="49.3293540" lon="-123.1698580">
    <ele>22.7</ele>
    <time>2024-09-04T18:51:36Z</time>
   </trkpt>
   <trkpt lat="49.3293240" lon="-123.1697890">
    <ele>22.7</ele>
    <time>2024-09-04T18:51:37Z</time>
   </trkpt>
   <trkpt lat="49.3293020" lon="-123.1697070">
    <ele>22.7</ele>
    <time>2024-09-04T18:51:38Z</time>
   </trkpt>
   <trkpt lat="49.3292770" lon="-123.1696300">
    <ele>22.7</ele>
    <time>2024-09-04T18:51:39Z</time>
   </trkpt>
   <trkpt lat="49.3292510" lon="-123.1695500">
    <ele>22.8</ele>
    <time>2024-09-04T18:51:40Z</time>
   </trkpt>
   <trkpt lat="49.3292270" lon="-123.1694710">
    <ele>22.8</ele>
    <time>2024-09-04T18:51:41Z</time>
   </trkpt>
   <trkpt lat="49.3292060" lon="-123.1693870">
    <ele>22.8</ele>
    <time>2024-09-04T18:51:42Z</time>
   </trkpt>
   <trkpt lat="49.3291830" lon="-123.1693080">
    <ele>22.9</ele>
    <time>2024-09-04T18:51:43Z</time>
   </trkpt>
   <trkpt lat="49.3291600" lon="-123.1692290">
    <ele>23.0</ele>
    <time>2024-09-04T18:51:44Z</time>
   </trkpt>
   <trkpt lat="49.3291390" lon="-123.1691500">
    <ele>23.1</ele>
    <time>2024-09-04T18:51:45Z</time>
   </trkpt>
   <trkpt lat="49.3291120" lon="-123.1690740">
    <ele>23.2</ele>
    <time>2024-09-04T18:51:46Z</time>
   </trkpt>
   <trkpt lat="49.3290880" lon="-123.1689940">
    <ele>23.3</ele>
    <time>2024-09-04T18:51:47Z</time>
   </trkpt>
   <trkpt lat="49.3290650" lon="-123.1689160">
    <ele>23.3</ele>
    <time>2024-09-04T18:51:48Z</time>
   </trkpt>
   <trkpt lat="49.3290400" lon="-123.1688390">
    <ele>23.4</ele>
    <time>2024-09-04T18:51:49Z</time>
   </trkpt>
   <trkpt lat="49.3290170" lon="-123.1687600">
    <ele>23.5</ele>
    <time>2024-09-04T18:51:50Z</time>
   </trkpt>
   <trkpt lat="49.3289930" lon="-123.1686820">
    <ele>23.6</ele>
    <time>2024-09-04T18:51:51Z</time>
   </trkpt>
   <trkpt lat="49.3289680" lon="-123.1686040">
    <ele>23.7</ele>
    <time>2024-09-04T18:51:52Z</time>
   </trkpt>
   <trkpt lat="49.3289450" lon="-123.1685290">
    <ele>23.9</ele>
    <time>2024-09-04T18:51:53Z</time>
   </trkpt>
   <trkpt lat="49.3289220" lon="-123.1684540">
    <ele>24.0</ele>
    <time>2024-09-04T18:51:54Z</time>
   </trkpt>
   <trkpt lat="49.3289000" lon="-123.1683820">
    <ele>24.2</ele>
    <time>2024-09-04T18:51:55Z</time>
   </trkpt>
   <trkpt lat="49.3288800" lon="-123.1683130">
    <ele>24.3</ele>
    <time>2024-09-04T18:51:56Z</time>
   </trkpt>
   <trkpt lat="49.3288620" lon="-123.1682440">
    <ele>24.4</ele>
    <time>2024-09-04T18:51:57Z</time>
   </trkpt>
   <trkpt lat="49.3288420" lon="-123.1681740">
    <ele>24.6</ele>
    <time>2024-09-04T18:51:58Z</time>
   </trkpt>
   <trkpt lat="49.3288210" lon="-123.1681090">
    <ele>24.7</ele>
    <time>2024-09-04T18:51:59Z</time>
   </trkpt>
   <trkpt lat="49.3287970" lon="-123.1680450">
    <ele>24.8</ele>
    <time>2024-09-04T18:52:00Z</time>
   </trkpt>
   <trkpt lat="49.3287770" lon="-123.1679800">
    <ele>24.8</ele>
    <time>2024-09-04T18:52:01Z</time>
   </trkpt>
   <trkpt lat="49.3287560" lon="-123.1679110">
    <ele>24.9</ele>
    <time>2024-09-04T18:52:02Z</time>
   </trkpt>
   <trkpt lat="49.3287350" lon="-123.1678440">
    <ele>25.0</ele>
    <time>2024-09-04T18:52:03Z</time>
   </trkpt>
   <trkpt lat="49.3287140" lon="-123.1677760">
    <ele>25.1</ele>
    <time>2024-09-04T18:52:04Z</time>
   </trkpt>
   <trkpt lat="49.3286940" lon="-123.1677100">
    <ele>25.2</ele>
    <time>2024-09-04T18:52:05Z</time>
   </trkpt>
   <trkpt lat="49.3286720" lon="-123.1676430">
    <ele>25.3</ele>
    <time>2024-09-04T18:52:06Z</time>
   </trkpt>
   <trkpt lat="49.3286510" lon="-123.1675760">
    <ele>25.4</ele>
    <time>2024-09-04T18:52:07Z</time>
   </trkpt>
   <trkpt lat="49.3286310" lon="-123.1675110">
    <ele>25.5</ele>
    <time>2024-09-04T18:52:08Z</time>
   </trkpt>
   <trkpt lat="49.3286120" lon="-123.1674430">
    <ele>25.6</ele>
    <time>2024-09-04T18:52:09Z</time>
   </trkpt>
   <trkpt lat="49.3285920" lon="-123.1673730">
    <ele>25.8</ele>
    <time>2024-09-04T18:52:10Z</time>
   </trkpt>
   <trkpt lat="49.3285710" lon="-123.1673090">
    <ele>25.9</ele>
    <time>2024-09-04T18:52:11Z</time>
   </trkpt>
   <trkpt lat="49.3285500" lon="-123.1672450">
    <ele>26.0</ele>
    <time>2024-09-04T18:52:12Z</time>
   </trkpt>
   <trkpt lat="49.3285290" lon="-123.1671820">
    <ele>26.1</ele>
    <time>2024-09-04T18:52:13Z</time>
   </trkpt>
   <trkpt lat="49.3285090" lon="-123.1671200">
    <ele>26.2</ele>
    <time>2024-09-04T18:52:14Z</time>
   </trkpt>
   <trkpt lat="49.3284900" lon="-123.1670610">
    <ele>26.2</ele>
    <time>2024-09-04T18:52:15Z</time>
   </trkpt>
   <trkpt lat="49.3284700" lon="-123.1669980">
    <ele>26.3</ele>
    <time>2024-09-04T18:52:16Z</time>
   </trkpt>
   <trkpt lat="49.3284490" lon="-123.1669340">
    <ele>26.4</ele>
    <time>2024-09-04T18:52:17Z</time>
   </trkpt>
   <trkpt lat="49.3284300" lon="-123.1668720">
    <ele>26.5</ele>
    <time>2024-09-04T18:52:18Z</time>
   </trkpt>
   <trkpt lat="49.3284140" lon="-123.1668100">
    <ele>26.6</ele>
    <time>2024-09-04T18:52:19Z</time>
   </trkpt>
   <trkpt lat="49.3283940" lon="-123.1667500">
    <ele>26.6</ele>
    <time>2024-09-04T18:52:20Z</time>
   </trkpt>
   <trkpt lat="49.3283740" lon="-123.1666920">
    <ele>26.7</ele>
    <time>2024-09-04T18:52:21Z</time>
   </trkpt>
   <trkpt lat="49.3283570" lon="-123.1666340">
    <ele>26.7</ele>
    <time>2024-09-04T18:52:22Z</time>
   </trkpt>
   <trkpt lat="49.3283420" lon="-123.1665800">
    <ele>26.7</ele>
    <time>2024-09-04T18:52:23Z</time>
   </trkpt>
   <trkpt lat="49.3283290" lon="-123.1665250">
    <ele>26.7</ele>
    <time>2024-09-04T18:52:24Z</time>
   </trkpt>
   <trkpt lat="49.3283110" lon="-123.1664680">
    <ele>26.7</ele>
    <time>2024-09-04T18:52:25Z</time>
   </trkpt>
   <trkpt lat="49.3282910" lon="-123.1664030">
    <ele>26.6</ele>
    <time>2024-09-04T18:52:26Z</time>
   </trkpt>
   <trkpt lat="49.3282700" lon="-123.1663360">
    <ele>26.5</ele>
    <time>2024-09-04T18:52:27Z</time>
   </trkpt>
   <trkpt lat="49.3282500" lon="-123.1662630">
    <ele>26.3</ele>
    <time>2024-09-04T18:52:28Z</time>
   </trkpt>
   <trkpt lat="49.3282280" lon="-123.1661920">
    <ele>26.1</ele>
    <time>2024-09-04T18:52:29Z</time>
   </trkpt>
   <trkpt lat="49.3282050" lon="-123.1661130">
    <ele>25.8</ele>
    <time>2024-09-04T18:52:30Z</time>
   </trkpt>
   <trkpt lat="49.3281750" lon="-123.1660300">
    <ele>25.5</ele>
    <time>2024-09-04T18:52:31Z</time>
   </trkpt>
   <trkpt lat="49.3281460" lon="-123.1659450">
    <ele>25.1</ele>
    <time>2024-09-04T18:52:32Z</time>
   </trkpt>
   <trkpt lat="49.3281210" lon="-123.1658470">
    <ele>24.4</ele>
    <time>2024-09-04T18:52:33Z</time>
   </trkpt>
   <trkpt lat="49.3280930" lon="-123.1657510">
    <ele>23.6</ele>
    <time>2024-09-04T18:52:34Z</time>
   </trkpt>
   <trkpt lat="49.3280620" lon="-123.1656540">
    <ele>22.7</ele>
    <time>2024-09-04T18:52:35Z</time>
   </trkpt>
   <trkpt lat="49.3280340" lon="-123.1655570">
    <ele>21.9</ele>
    <time>2024-09-04T18:52:36Z</time>
   </trkpt>
   <trkpt lat="49.3280050" lon="-123.1654430">
    <ele>20.9</ele>
    <time>2024-09-04T18:52:37Z</time>
   </trkpt>
   <trkpt lat="49.3279750" lon="-123.1653190">
    <ele>19.7</ele>
    <time>2024-09-04T18:52:38Z</time>
   </trkpt>
   <trkpt lat="49.3279420" lon="-123.1651890">
    <ele>18.4</ele>
    <time>2024-09-04T18:52:39Z</time>
   </trkpt>
   <trkpt lat="49.3279060" lon="-123.1650630">
    <ele>17.3</ele>
    <time>2024-09-04T18:52:40Z</time>
   </trkpt>
   <trkpt lat="49.3278690" lon="-123.1649310">
    <ele>16.1</ele>
    <time>2024-09-04T18:52:41Z</time>
   </trkpt>
   <trkpt lat="49.3278300" lon="-123.1647930">
    <ele>14.8</ele>
    <time>2024-09-04T18:52:42Z</time>
   </trkpt>
   <trkpt lat="49.3277910" lon="-123.1646510">
    <ele>14.3</ele>
    <time>2024-09-04T18:52:43Z</time>
   </trkpt>
   <trkpt lat="49.3277570" lon="-123.1645130">
    <ele>14.1</ele>
    <time>2024-09-04T18:52:44Z</time>
   </trkpt>
   <trkpt lat="49.3277240" lon="-123.1643690">
    <ele>14.6</ele>
    <time>2024-09-04T18:52:45Z</time>
   </trkpt>
   <trkpt lat="49.3277040" lon="-123.1642160">
    <ele>13.8</ele>
    <time>2024-09-04T18:52:46Z</time>
   </trkpt>
   <trkpt lat="49.3276880" lon="-123.1640570">
    <ele>13.2</ele>
    <time>2024-09-04T18:52:47Z</time>
   </trkpt>
   <trkpt lat="49.3276780" lon="-123.1639080">
    <ele>12.8</ele>
    <time>2024-09-04T18:52:48Z</time>
   </trkpt>
   <trkpt lat="49.3276720" lon="-123.1637400">
    <ele>12.4</ele>
    <time>2024-09-04T18:52:49Z</time>
   </trkpt>
   <trkpt lat="49.3276710" lon="-123.1635860">
    <ele>12.1</ele>
    <time>2024-09-04T18:52:51Z</time>
   </trkpt>
   <trkpt lat="49.3276630" lon="-123.1634370">
    <ele>11.9</ele>
    <time>2024-09-04T18:52:52Z</time>
   </trkpt>
   <trkpt lat="49.3276600" lon="-123.1633050">
    <ele>11.8</ele>
    <time>2024-09-04T18:52:53Z</time>
   </trkpt>
   <trkpt lat="49.3276580" lon="-123.1631600">
    <ele>11.6</ele>
    <time>2024-09-04T18:52:54Z</time>
   </trkpt>
   <trkpt lat="49.3276780" lon="-123.1630860">
    <ele>11.6</ele>
    <time>2024-09-04T18:52:55Z</time>
   </trkpt>
   <trkpt lat="49.3276770" lon="-123.1629670">
    <ele>11.6</ele>
    <time>2024-09-04T18:52:56Z</time>
   </trkpt>
   <trkpt lat="49.3276760" lon="-123.1628500">
    <ele>11.6</ele>
    <time>2024-09-04T18:52:57Z</time>
   </trkpt>
   <trkpt lat="49.3276760" lon="-123.1627370">
    <ele>11.6</ele>
    <time>2024-09-04T18:52:58Z</time>
   </trkpt>
   <trkpt lat="49.3276760" lon="-123.1626220">
    <ele>11.6</ele>
    <time>2024-09-04T18:52:59Z</time>
   </trkpt>
   <trkpt lat="49.3276730" lon="-123.1625050">
    <ele>11.7</ele>
    <time>2024-09-04T18:53:00Z</time>
   </trkpt>
   <trkpt lat="49.3276720" lon="-123.1623910">
    <ele>11.8</ele>
    <time>2024-09-04T18:53:01Z</time>
   </trkpt>
   <trkpt lat="49.3276720" lon="-123.1622800">
    <ele>11.9</ele>
    <time>2024-09-04T18:53:02Z</time>
   </trkpt>
   <trkpt lat="49.3276700" lon="-123.1621670">
    <ele>11.9</ele>
    <time>2024-09-04T18:53:03Z</time>
   </trkpt>
   <trkpt lat="49.3276680" lon="-123.1620590">
    <ele>11.9</ele>
    <time>2024-09-04T18:53:04Z</time>
   </trkpt>
   <trkpt lat="49.3276700" lon="-123.1619530">
    <ele>11.9</ele>
    <time>2024-09-04T18:53:05Z</time>
   </trkpt>
   <trkpt lat="49.3276720" lon="-123.1618450">
    <ele>11.8</ele>
    <time>2024-09-04T18:53:06Z</time>
   </trkpt>
   <trkpt lat="49.3276740" lon="-123.1617380">
    <ele>11.8</ele>
    <time>2024-09-04T18:53:07Z</time>
   </trkpt>
   <trkpt lat="49.3276750" lon="-123.1616320">
    <ele>11.7</ele>
    <time>2024-09-04T18:53:08Z</time>
   </trkpt>
   <trkpt lat="49.3276740" lon="-123.1615260">
    <ele>11.7</ele>
    <time>2024-09-04T18:53:09Z</time>
   </trkpt>
   <trkpt lat="49.3276720" lon="-123.1614170">
    <ele>11.7</ele>
    <time>2024-09-04T18:53:10Z</time>
   </trkpt>
   <trkpt lat="49.3276690" lon="-123.1613080">
    <ele>11.7</ele>
    <time>2024-09-04T18:53:11Z</time>
   </trkpt>
   <trkpt lat="49.3276670" lon="-123.1612020">
    <ele>11.6</ele>
    <time>2024-09-04T18:53:12Z</time>
   </trkpt>
   <trkpt lat="49.3276670" lon="-123.1610990">
    <ele>11.6</ele>
    <time>2024-09-04T18:53:13Z</time>
   </trkpt>
   <trkpt lat="49.3276660" lon="-123.1609960">
    <ele>11.6</ele>
    <time>2024-09-04T18:53:14Z</time>
   </trkpt>
   <trkpt lat="49.3276680" lon="-123.1608930">
    <ele>11.6</ele>
    <time>2024-09-04T18:53:15Z</time>
   </trkpt>
   <trkpt lat="49.3276690" lon="-123.1607880">
    <ele>11.6</ele>
    <time>2024-09-04T18:53:16Z</time>
   </trkpt>
   <trkpt lat="49.3276690" lon="-123.1606810">
    <ele>11.5</ele>
    <time>2024-09-04T18:53:17Z</time>
   </trkpt>
   <trkpt lat="49.3276710" lon="-123.1605820">
    <ele>11.5</ele>
    <time>2024-09-04T18:53:18Z</time>
   </trkpt>
   <trkpt lat="49.3276730" lon="-123.1604820">
    <ele>11.4</ele>
    <time>2024-09-04T18:53:19Z</time>
   </trkpt>
   <trkpt lat="49.3276730" lon="-123.1603910">
    <ele>11.4</ele>
    <time>2024-09-04T18:53:20Z</time>
   </trkpt>
   <trkpt lat="49.3276700" lon="-123.1602970">
    <ele>11.3</ele>
    <time>2024-09-04T18:53:21Z</time>
   </trkpt>
   <trkpt lat="49.3276680" lon="-123.1602050">
    <ele>11.2</ele>
    <time>2024-09-04T18:53:22Z</time>
   </trkpt>
   <trkpt lat="49.3276670" lon="-123.1601150">
    <ele>11.2</ele>
    <time>2024-09-04T18:53:23Z</time>
   </trkpt>
   <trkpt lat="49.3276620" lon="-123.1600150">
    <ele>11.1</ele>
    <time>2024-09-04T18:53:24Z</time>
   </trkpt>
   <trkpt lat="49.3276610" lon="-123.1599170">
    <ele>10.9</ele>
    <time>2024-09-04T18:53:25Z</time>
   </trkpt>
   <trkpt lat="49.3276610" lon="-123.1597210">
    <ele>10.6</ele>
    <time>2024-09-04T18:53:26Z</time>
   </trkpt>
   <trkpt lat="49.3276650" lon="-123.1596190">
    <ele>10.4</ele>
    <time>2024-09-04T18:53:27Z</time>
   </trkpt>
   <trkpt lat="49.3276640" lon="-123.1595190">
    <ele>10.3</ele>
    <time>2024-09-04T18:53:28Z</time>
   </trkpt>
   <trkpt lat="49.3276640" lon="-123.1594180">
    <ele>10.2</ele>
    <time>2024-09-04T18:53:29Z</time>
   </trkpt>
   <trkpt lat="49.3276650" lon="-123.1593230">
    <ele>10.1</ele>
    <time>2024-09-04T18:53:30Z</time>
   </trkpt>
   <trkpt lat="49.3276660" lon="-123.1592310">
    <ele>10.1</ele>
    <time>2024-09-04T18:53:31Z</time>
   </trkpt>
   <trkpt lat="49.3276660" lon="-123.1591570">
    <ele>10.0</ele>
    <time>2024-09-04T18:53:32Z</time>
   </trkpt>
   <trkpt lat="49.3276650" lon="-123.1590980">
    <ele>10.0</ele>
    <time>2024-09-04T18:53:33Z</time>
   </trkpt>
   <trkpt lat="49.3276660" lon="-123.1590410">
    <ele>10.0</ele>
    <time>2024-09-04T18:53:34Z</time>
   </trkpt>
   <trkpt lat="49.3276630" lon="-123.1589770">
    <ele>9.9</ele>
    <time>2024-09-04T18:53:35Z</time>
   </trkpt>
   <trkpt lat="49.3276570" lon="-123.1589080">
    <ele>9.8</ele>
    <time>2024-09-04T18:53:36Z</time>
   </trkpt>
   <trkpt lat="49.3276550" lon="-123.1588310">
    <ele>9.8</ele>
    <time>2024-09-04T18:53:37Z</time>
   </trkpt>
   <trkpt lat="49.3276490" lon="-123.1587480">
    <ele>9.7</ele>
    <time>2024-09-04T18:53:38Z</time>
   </trkpt>
   <trkpt lat="49.3276420" lon="-123.1586640">
    <ele>9.6</ele>
    <time>2024-09-04T18:53:39Z</time>
   </trkpt>
   <trkpt lat="49.3276310" lon="-123.1585840">
    <ele>9.5</ele>
    <time>2024-09-04T18:53:40Z</time>
   </trkpt>
   <trkpt lat="49.3276180" lon="-123.1585060">
    <ele>9.4</ele>
    <time>2024-09-04T18:53:41Z</time>
   </trkpt>
   <trkpt lat="49.3276070" lon="-123.1584240">
    <ele>9.3</ele>
    <time>2024-09-04T18:53:42Z</time>
   </trkpt>
   <trkpt lat="49.3275930" lon="-123.1583400">
    <ele>9.3</ele>
    <time>2024-09-04T18:53:43Z</time>
   </trkpt>
   <trkpt lat="49.3275810" lon="-123.1582540">
    <ele>9.2</ele>
    <time>2024-09-04T18:53:44Z</time>
   </trkpt>
   <trkpt lat="49.3275710" lon="-123.1581690">
    <ele>9.1</ele>
    <time>2024-09-04T18:53:45Z</time>
   </trkpt>
   <trkpt lat="49.3275590" lon="-123.1580820">
    <ele>9.1</ele>
    <time>2024-09-04T18:53:46Z</time>
   </trkpt>
   <trkpt lat="49.3275450" lon="-123.1579940">
    <ele>9.1</ele>
    <time>2024-09-04T18:53:47Z</time>
   </trkpt>
   <trkpt lat="49.3275310" lon="-123.1579080">
    <ele>9.1</ele>
    <time>2024-09-04T18:53:48Z</time>
   </trkpt>
   <trkpt lat="49.3275190" lon="-123.1578270">
    <ele>9.1</ele>
    <time>2024-09-04T18:53:49Z</time>
   </trkpt>
   <trkpt lat="49.3275090" lon="-123.1577490">
    <ele>9.1</ele>
    <time>2024-09-04T18:53:50Z</time>
   </trkpt>
   <trkpt lat="49.3274980" lon="-123.1576750">
    <ele>9.1</ele>
    <time>2024-09-04T18:53:51Z</time>
   </trkpt>
   <trkpt lat="49.3274900" lon="-123.1576030">
    <ele>9.1</ele>
    <time>2024-09-04T18:53:52Z</time>
   </trkpt>
   <trkpt lat="49.3274800" lon="-123.1575320">
    <ele>9.1</ele>
    <time>2024-09-04T18:53:53Z</time>
   </trkpt>
   <trkpt lat="49.3274680" lon="-123.1574650">
    <ele>9.1</ele>
    <time>2024-09-04T18:53:54Z</time>
   </trkpt>
   <trkpt lat="49.3274580" lon="-123.1574050">
    <ele>9.1</ele>
    <time>2024-09-04T18:53:55Z</time>
   </trkpt>
   <trkpt lat="49.3274500" lon="-123.1573460">
    <ele>9.1</ele>
    <time>2024-09-04T18:53:56Z</time>
   </trkpt>
   <trkpt lat="49.3274410" lon="-123.1572870">
    <ele>9.2</ele>
    <time>2024-09-04T18:53:57Z</time>
   </trkpt>
   <trkpt lat="49.3274330" lon="-123.1572290">
    <ele>9.2</ele>
    <time>2024-09-04T18:53:58Z</time>
   </trkpt>
   <trkpt lat="49.3274260" lon="-123.1571760">
    <ele>9.3</ele>
    <time>2024-09-04T18:53:59Z</time>
   </trkpt>
   <trkpt lat="49.3274160" lon="-123.1571130">
    <ele>9.4</ele>
    <time>2024-09-04T18:54:00Z</time>
   </trkpt>
   <trkpt lat="49.3274090" lon="-123.1570470">
    <ele>9.4</ele>
    <time>2024-09-04T18:54:01Z</time>
   </trkpt>
   <trkpt lat="49.3273980" lon="-123.1569830">
    <ele>9.5</ele>
    <time>2024-09-04T18:54:02Z</time>
   </trkpt>
   <trkpt lat="49.3273930" lon="-123.1569320">
    <ele>9.5</ele>
    <time>2024-09-04T18:54:03Z</time>
   </trkpt>
   <trkpt lat="49.3273750" lon="-123.1568910">
    <ele>9.6</ele>
    <time>2024-09-04T18:54:04Z</time>
   </trkpt>
   <trkpt lat="49.3273580" lon="-123.1568570">
    <ele>9.6</ele>
    <time>2024-09-04T18:54:05Z</time>
   </trkpt>
   <trkpt lat="49.3273350" lon="-123.1568320">
    <ele>9.7</ele>
    <time>2024-09-04T18:54:06Z</time>
   </trkpt>
   <trkpt lat="49.3273080" lon="-123.1568170">
    <ele>9.7</ele>
    <time>2024-09-04T18:54:07Z</time>
   </trkpt>
   <trkpt lat="49.3272710" lon="-123.1567880">
    <ele>9.7</ele>
    <time>2024-09-04T18:54:08Z</time>
   </trkpt>
   <trkpt lat="49.3272580" lon="-123.1567750">
    <ele>9.7</ele>
    <time>2024-09-04T18:54:09Z</time>
   </trkpt>
   <trkpt lat="49.3272350" lon="-123.1567420">
    <ele>9.8</ele>
    <time>2024-09-04T18:54:10Z</time>
   </trkpt>
   <trkpt lat="49.3272100" lon="-123.1567040">
    <ele>9.8</ele>
    <time>2024-09-04T18:54:11Z</time>
   </trkpt>
   <trkpt lat="49.3271900" lon="-123.1566590">
    <ele>9.8</ele>
    <time>2024-09-04T18:54:12Z</time>
   </trkpt>
   <trkpt lat="49.3271750" lon="-123.1565900">
    <ele>9.7</ele>
    <time>2024-09-04T18:54:13Z</time>
   </trkpt>
   <trkpt lat="49.3271690" lon="-123.1565110">
    <ele>9.7</ele>
    <time>2024-09-04T18:54:14Z</time>
   </trkpt>
   <trkpt lat="49.3271710" lon="-123.1564290">
    <ele>9.7</ele>
    <time>2024-09-04T18:54:15Z</time>
   </trkpt>
   <trkpt lat="49.3271680" lon="-123.1563570">
    <ele>9.6</ele>
    <time>2024-09-04T18:54:16Z</time>
   </trkpt>
   <trkpt lat="49.3271680" lon="-123.1562850">
    <ele>9.6</ele>
    <time>2024-09-04T18:54:17Z</time>
   </trkpt>
   <trkpt lat="49.3271640" lon="-123.1562150">
    <ele>9.6</ele>
    <time>2024-09-04T18:54:18Z</time>
   </trkpt>
   <trkpt lat="49.3271610" lon="-123.1561450">
    <ele>9.6</ele>
    <time>2024-09-04T18:54:19Z</time>
   </trkpt>
   <trkpt lat="49.3271580" lon="-123.1560790">
    <ele>9.6</ele>
    <time>2024-09-04T18:54:20Z</time>
   </trkpt>
   <trkpt lat="49.3271580" lon="-123.1560020">
    <ele>9.6</ele>
    <time>2024-09-04T18:54:21Z</time>
   </trkpt>
   <trkpt lat="49.3271610" lon="-123.1559240">
    <ele>9.7</ele>
    <time>2024-09-04T18:54:22Z</time>
   </trkpt>
   <trkpt lat="49.3271620" lon="-123.1558430">
    <ele>9.7</ele>
    <time>2024-09-04T18:54:23Z</time>
   </trkpt>
   <trkpt lat="49.3271630" lon="-123.1557560">
    <ele>9.7</ele>
    <time>2024-09-04T18:54:24Z</time>
   </trkpt>
   <trkpt lat="49.3271620" lon="-123.1556720">
    <ele>9.6</ele>
    <time>2024-09-04T18:54:25Z</time>
   </trkpt>
   <trkpt lat="49.3271590" lon="-123.1555850">
    <ele>9.6</ele>
    <time>2024-09-04T18:54:26Z</time>
   </trkpt>
   <trkpt lat="49.3271570" lon="-123.1554970">
    <ele>9.6</ele>
    <time>2024-09-04T18:54:27Z</time>
   </trkpt>
   <trkpt lat="49.3271560" lon="-123.1554070">
    <ele>9.6</ele>
    <time>2024-09-04T18:54:28Z</time>
   </trkpt>
   <trkpt lat="49.3271560" lon="-123.1553170">
    <ele>9.7</ele>
    <time>2024-09-04T18:54:29Z</time>
   </trkpt>
   <trkpt lat="49.3271540" lon="-123.1552280">
    <ele>9.7</ele>
    <time>2024-09-04T18:54:30Z</time>
   </trkpt>
   <trkpt lat="49.3271510" lon="-123.1551450">
    <ele>9.7</ele>
    <time>2024-09-04T18:54:31Z</time>
   </trkpt>
   <trkpt lat="49.3271500" lon="-123.1550570">
    <ele>9.8</ele>
    <time>2024-09-04T18:54:32Z</time>
   </trkpt>
   <trkpt lat="49.3271440" lon="-123.1549750">
    <ele>9.8</ele>
    <time>2024-09-04T18:54:33Z</time>
   </trkpt>
   <trkpt lat="49.3271410" lon="-123.1548980">
    <ele>9.8</ele>
    <time>2024-09-04T18:54:34Z</time>
   </trkpt>
   <trkpt lat="49.3271380" lon="-123.1548230">
    <ele>9.9</ele>
    <time>2024-09-04T18:54:35Z</time>
   </trkpt>
   <trkpt lat="49.3271390" lon="-123.1547540">
    <ele>9.9</ele>
    <time>2024-09-04T18:54:36Z</time>
   </trkpt>
   <trkpt lat="49.3271370" lon="-123.1546920">
    <ele>9.9</ele>
    <time>2024-09-04T18:54:37Z</time>
   </trkpt>
   <trkpt lat="49.3271340" lon="-123.1546280">
    <ele>9.9</ele>
    <time>2024-09-04T18:54:38Z</time>
   </trkpt>
   <trkpt lat="49.3271240" lon="-123.1545660">
    <ele>9.9</ele>
    <time>2024-09-04T18:54:39Z</time>
   </trkpt>
   <trkpt lat="49.3271140" lon="-123.1544980">
    <ele>9.9</ele>
    <time>2024-09-04T18:54:40Z</time>
   </trkpt>
   <trkpt lat="49.3271020" lon="-123.1544360">
    <ele>9.9</ele>
    <time>2024-09-04T18:54:41Z</time>
   </trkpt>
   <trkpt lat="49.3270930" lon="-123.1543680">
    <ele>9.8</ele>
    <time>2024-09-04T18:54:42Z</time>
   </trkpt>
   <trkpt lat="49.3270820" lon="-123.1542940">
    <ele>9.7</ele>
    <time>2024-09-04T18:54:43Z</time>
   </trkpt>
   <trkpt lat="49.3270740" lon="-123.1542180">
    <ele>9.7</ele>
    <time>2024-09-04T18:54:44Z</time>
   </trkpt>
   <trkpt lat="49.3270650" lon="-123.1541380">
    <ele>9.6</ele>
    <time>2024-09-04T18:54:45Z</time>
   </trkpt>
   <trkpt lat="49.3270580" lon="-123.1540570">
    <ele>9.6</ele>
    <time>2024-09-04T18:54:46Z</time>
   </trkpt>
   <trkpt lat="49.3270560" lon="-123.1539780">
    <ele>9.5</ele>
    <time>2024-09-04T18:54:47Z</time>
   </trkpt>
   <trkpt lat="49.3270480" lon="-123.1538960">
    <ele>9.4</ele>
    <time>2024-09-04T18:54:48Z</time>
   </trkpt>
   <trkpt lat="49.3270370" lon="-123.1538210">
    <ele>9.4</ele>
    <time>2024-09-04T18:54:49Z</time>
   </trkpt>
   <trkpt lat="49.3270250" lon="-123.1537330">
    <ele>9.3</ele>
    <time>2024-09-04T18:54:50Z</time>
   </trkpt>
   <trkpt lat="49.3270120" lon="-123.1536420">
    <ele>9.3</ele>
    <time>2024-09-04T18:54:51Z</time>
   </trkpt>
   <trkpt lat="49.3269970" lon="-123.1535530">
    <ele>9.2</ele>
    <time>2024-09-04T18:54:52Z</time>
   </trkpt>
   <trkpt lat="49.3269810" lon="-123.1534650">
    <ele>9.2</ele>
    <time>2024-09-04T18:54:53Z</time>
   </trkpt>
   <trkpt lat="49.3269710" lon="-123.1533790">
    <ele>9.2</ele>
    <time>2024-09-04T18:54:54Z</time>
   </trkpt>
   <trkpt lat="49.3269590" lon="-123.1532940">
    <ele>9.2</ele>
    <time>2024-09-04T18:54:55Z</time>
   </trkpt>
   <trkpt lat="49.3269460" lon="-123.1532100">
    <ele>9.1</ele>
    <time>2024-09-04T18:54:57Z</time>
   </trkpt>
   <trkpt lat="49.3269300" lon="-123.1531300">
    <ele>9.1</ele>
    <time>2024-09-04T18:54:58Z</time>
   </trkpt>
   <trkpt lat="49.3269140" lon="-123.1530440">
    <ele>9.1</ele>
    <time>2024-09-04T18:54:59Z</time>
   </trkpt>
   <trkpt lat="49.3269000" lon="-123.1529580">
    <ele>9.1</ele>
    <time>2024-09-04T18:55:00Z</time>
   </trkpt>
   <trkpt lat="49.3268880" lon="-123.1528750">
    <ele>9.0</ele>
    <time>2024-09-04T18:55:01Z</time>
   </trkpt>
   <trkpt lat="49.3268780" lon="-123.1527960">
    <ele>9.0</ele>
    <time>2024-09-04T18:55:02Z</time>
   </trkpt>
   <trkpt lat="49.3268630" lon="-123.1527150">
    <ele>9.0</ele>
    <time>2024-09-04T18:55:03Z</time>
   </trkpt>
   <trkpt lat="49.3268490" lon="-123.1526400">
    <ele>9.0</ele>
    <time>2024-09-04T18:55:04Z</time>
   </trkpt>
   <trkpt lat="49.3268360" lon="-123.1525620">
    <ele>9.0</ele>
    <time>2024-09-04T18:55:05Z</time>
   </trkpt>
   <trkpt lat="49.3268150" lon="-123.1524920">
    <ele>9.0</ele>
    <time>2024-09-04T18:55:06Z</time>
   </trkpt>
   <trkpt lat="49.3267890" lon="-123.1524250">
    <ele>9.0</ele>
    <time>2024-09-04T18:55:07Z</time>
   </trkpt>
   <trkpt lat="49.3267650" lon="-123.1523610">
    <ele>9.0</ele>
    <time>2024-09-04T18:55:08Z</time>
   </trkpt>
   <trkpt lat="49.3267390" lon="-123.1523000">
    <ele>9.0</ele>
    <time>2024-09-04T18:55:09Z</time>
   </trkpt>
   <trkpt lat="49.3267280" lon="-123.1522330">
    <ele>9.0</ele>
    <time>2024-09-04T18:55:10Z</time>
   </trkpt>
   <trkpt lat="49.3266900" lon="-123.1521950">
    <ele>8.9</ele>
    <time>2024-09-04T18:55:11Z</time>
   </trkpt>
   <trkpt lat="49.3266480" lon="-123.1521540">
    <ele>8.9</ele>
    <time>2024-09-04T18:55:12Z</time>
   </trkpt>
   <trkpt lat="49.3266120" lon="-123.1521140">
    <ele>8.8</ele>
    <time>2024-09-04T18:55:13Z</time>
   </trkpt>
   <trkpt lat="49.3265850" lon="-123.1520630">
    <ele>8.7</ele>
    <time>2024-09-04T18:55:14Z</time>
   </trkpt>
   <trkpt lat="49.3265640" lon="-123.1520070">
    <ele>8.7</ele>
    <time>2024-09-04T18:55:15Z</time>
   </trkpt>
   <trkpt lat="49.3265570" lon="-123.1519350">
    <ele>8.6</ele>
    <time>2024-09-04T18:55:16Z</time>
   </trkpt>
   <trkpt lat="49.3265710" lon="-123.1518600">
    <ele>8.5</ele>
    <time>2024-09-04T18:55:17Z</time>
   </trkpt>
   <trkpt lat="49.3265860" lon="-123.1517910">
    <ele>8.4</ele>
    <time>2024-09-04T18:55:18Z</time>
   </trkpt>
   <trkpt lat="49.3265960" lon="-123.1517200">
    <ele>8.3</ele>
    <time>2024-09-04T18:55:19Z</time>
   </trkpt>
   <trkpt lat="49.3266030" lon="-123.1516460">
    <ele>8.3</ele>
    <time>2024-09-04T18:55:20Z</time>
   </trkpt>
   <trkpt lat="49.3266080" lon="-123.1515790">
    <ele>8.2</ele>
    <time>2024-09-04T18:55:21Z</time>
   </trkpt>
   <trkpt lat="49.3265960" lon="-123.1515150">
    <ele>8.1</ele>
    <time>2024-09-04T18:55:22Z</time>
   </trkpt>
   <trkpt lat="49.3265720" lon="-123.1514460">
    <ele>8.1</ele>
    <time>2024-09-04T18:55:23Z</time>
   </trkpt>
   <trkpt lat="49.3265510" lon="-123.1513750">
    <ele>8.0</ele>
    <time>2024-09-04T18:55:24Z</time>
   </trkpt>
   <trkpt lat="49.3265310" lon="-123.1513060">
    <ele>8.0</ele>
    <time>2024-09-04T18:55:25Z</time>
   </trkpt>
   <trkpt lat="49.3265090" lon="-123.1512330">
    <ele>8.0</ele>
    <time>2024-09-04T18:55:26Z</time>
   </trkpt>
   <trkpt lat="49.3264880" lon="-123.1511620">
    <ele>8.0</ele>
    <time>2024-09-04T18:55:27Z</time>
   </trkpt>
   <trkpt lat="49.3264640" lon="-123.1510880">
    <ele>8.0</ele>
    <time>2024-09-04T18:55:28Z</time>
   </trkpt>
   <trkpt lat="49.3264400" lon="-123.1510190">
    <ele>8.0</ele>
    <time>2024-09-04T18:55:29Z</time>
   </trkpt>
   <trkpt lat="49.3264150" lon="-123.1509510">
    <ele>8.0</ele>
    <time>2024-09-04T18:55:30Z</time>
   </trkpt>
   <trkpt lat="49.3263630" lon="-123.1508160">
    <ele>8.1</ele>
    <time>2024-09-04T18:55:31Z</time>
   </trkpt>
   <trkpt lat="49.3263360" lon="-123.1507490">
    <ele>8.1</ele>
    <time>2024-09-04T18:55:32Z</time>
   </trkpt>
   <trkpt lat="49.3263090" lon="-123.1506820">
    <ele>8.2</ele>
    <time>2024-09-04T18:55:33Z</time>
   </trkpt>
   <trkpt lat="49.3262820" lon="-123.1506160">
    <ele>8.2</ele>
    <time>2024-09-04T18:55:34Z</time>
   </trkpt>
   <trkpt lat="49.3262540" lon="-123.1505520">
    <ele>8.3</ele>
    <time>2024-09-04T18:55:35Z</time>
   </trkpt>
   <trkpt lat="49.3262260" lon="-123.1504870">
    <ele>8.3</ele>
    <time>2024-09-04T18:55:36Z</time>
   </trkpt>
   <trkpt lat="49.3261970" lon="-123.1504220">
    <ele>8.4</ele>
    <time>2024-09-04T18:55:37Z</time>
   </trkpt>
   <trkpt lat="49.3261670" lon="-123.1503550">
    <ele>8.5</ele>
    <time>2024-09-04T18:55:38Z</time>
   </trkpt>
   <trkpt lat="49.3261370" lon="-123.1502880">
    <ele>8.6</ele>
    <time>2024-09-04T18:55:39Z</time>
   </trkpt>
   <trkpt lat="49.3261050" lon="-123.1502200">
    <ele>8.6</ele>
    <time>2024-09-04T18:55:40Z</time>
   </trkpt>
   <trkpt lat="49.3260760" lon="-123.1501530">
    <ele>8.7</ele>
    <time>2024-09-04T18:55:41Z</time>
   </trkpt>
   <trkpt lat="49.3260470" lon="-123.1500860">
    <ele>8.7</ele>
    <time>2024-09-04T18:55:42Z</time>
   </trkpt>
   <trkpt lat="49.3260160" lon="-123.1500190">
    <ele>8.8</ele>
    <time>2024-09-04T18:55:43Z</time>
   </trkpt>
   <trkpt lat="49.3259860" lon="-123.1499490">
    <ele>8.8</ele>
    <time>2024-09-04T18:55:44Z</time>
   </trkpt>
   <trkpt lat="49.3259560" lon="-123.1498810">
    <ele>8.9</ele>
    <time>2024-09-04T18:55:45Z</time>
   </trkpt>
   <trkpt lat="49.3259260" lon="-123.1498130">
    <ele>8.9</ele>
    <time>2024-09-04T18:55:46Z</time>
   </trkpt>
   <trkpt lat="49.3258960" lon="-123.1497430">
    <ele>9.0</ele>
    <time>2024-09-04T18:55:47Z</time>
   </trkpt>
   <trkpt lat="49.3258660" lon="-123.1496730">
    <ele>9.0</ele>
    <time>2024-09-04T18:55:48Z</time>
   </trkpt>
   <trkpt lat="49.3258360" lon="-123.1496040">
    <ele>9.0</ele>
    <time>2024-09-04T18:55:49Z</time>
   </trkpt>
   <trkpt lat="49.3258040" lon="-123.1495360">
    <ele>9.0</ele>
    <time>2024-09-04T18:55:50Z</time>
   </trkpt>
   <trkpt lat="49.3257730" lon="-123.1494670">
    <ele>9.0</ele>
    <time>2024-09-04T18:55:51Z</time>
   </trkpt>
   <trkpt lat="49.3257440" lon="-123.1493960">
    <ele>9.0</ele>
    <time>2024-09-04T18:55:52Z</time>
   </trkpt>
   <trkpt lat="49.3257130" lon="-123.1493260">
    <ele>9.1</ele>
    <time>2024-09-04T18:55:53Z</time>
   </trkpt>
   <trkpt lat="49.3256830" lon="-123.1492550">
    <ele>9.1</ele>
    <time>2024-09-04T18:55:54Z</time>
   </trkpt>
   <trkpt lat="49.3256520" lon="-123.1491860">
    <ele>9.1</ele>
    <time>2024-09-04T18:55:55Z</time>
   </trkpt>
   <trkpt lat="49.3256200" lon="-123.1491160">
    <ele>9.1</ele>
    <time>2024-09-04T18:55:56Z</time>
   </trkpt>
   <trkpt lat="49.3255910" lon="-123.1490450">
    <ele>9.1</ele>
    <time>2024-09-04T18:55:57Z</time>
   </trkpt>
   <trkpt lat="49.3255620" lon="-123.1489740">
    <ele>9.1</ele>
    <time>2024-09-04T18:55:58Z</time>
   </trkpt>
   <trkpt lat="49.3255310" lon="-123.1489040">
    <ele>9.1</ele>
    <time>2024-09-04T18:55:59Z</time>
   </trkpt>
   <trkpt lat="49.3255020" lon="-123.1488350">
    <ele>9.1</ele>
    <time>2024-09-04T18:56:00Z</time>
   </trkpt>
   <trkpt lat="49.3254720" lon="-123.1487650">
    <ele>9.1</ele>
    <time>2024-09-04T18:56:01Z</time>
   </trkpt>
   <trkpt lat="49.3254420" lon="-123.1486980">
    <ele>9.1</ele>
    <time>2024-09-04T18:56:02Z</time>
   </trkpt>
   <trkpt lat="49.3254140" lon="-123.1486290">
    <ele>9.1</ele>
    <time>2024-09-04T18:56:03Z</time>
   </trkpt>
   <trkpt lat="49.3253830" lon="-123.1485620">
    <ele>9.1</ele>
    <time>2024-09-04T18:56:04Z</time>
   </trkpt>
   <trkpt lat="49.3253530" lon="-123.1484940">
    <ele>9.1</ele>
    <time>2024-09-04T18:56:05Z</time>
   </trkpt>
   <trkpt lat="49.3253240" lon="-123.1484240">
    <ele>9.1</ele>
    <time>2024-09-04T18:56:06Z</time>
   </trkpt>
   <trkpt lat="49.3252940" lon="-123.1483530">
    <ele>9.1</ele>
    <time>2024-09-04T18:56:07Z</time>
   </trkpt>
   <trkpt lat="49.3252630" lon="-123.1482820">
    <ele>9.0</ele>
    <time>2024-09-04T18:56:08Z</time>
   </trkpt>
   <trkpt lat="49.3252290" lon="-123.1482120">
    <ele>9.0</ele>
    <time>2024-09-04T18:56:09Z</time>
   </trkpt>
   <trkpt lat="49.3251980" lon="-123.1481420">
    <ele>9.1</ele>
    <time>2024-09-04T18:56:10Z</time>
   </trkpt>
   <trkpt lat="49.3251680" lon="-123.1480700">
    <ele>9.1</ele>
    <time>2024-09-04T18:56:11Z</time>
   </trkpt>
   <trkpt lat="49.3251380" lon="-123.1479980">
    <ele>9.1</ele>
    <time>2024-09-04T18:56:12Z</time>
   </trkpt>
   <trkpt lat="49.3251080" lon="-123.1479280">
    <ele>9.1</ele>
    <time>2024-09-04T18:56:13Z</time>
   </trkpt>
   <trkpt lat="49.3250780" lon="-123.1478560">
    <ele>9.1</ele>
    <time>2024-09-04T18:56:14Z</time>
   </trkpt>
   <trkpt lat="49.3250480" lon="-123.1477830">
    <ele>9.1</ele>
    <time>2024-09-04T18:56:15Z</time>
   </trkpt>
   <trkpt lat="49.3250160" lon="-123.1477090">
    <ele>9.1</ele>
    <time>2024-09-04T18:56:16Z</time>
   </trkpt>
   <trkpt lat="49.3249830" lon="-123.1476380">
    <ele>9.1</ele>
    <time>2024-09-04T18:56:17Z</time>
   </trkpt>
   <trkpt lat="49.3249490" lon="-123.1475660">
    <ele>9.1</ele>
    <time>2024-09-04T18:56:18Z</time>
   </trkpt>
   <trkpt lat="49.3249160" lon="-123.1474920">
    <ele>9.1</ele>
    <time>2024-09-04T18:56:19Z</time>
   </trkpt>
   <trkpt lat="49.3248800" lon="-123.1474230">
    <ele>9.1</ele>
    <time>2024-09-04T18:56:20Z</time>
   </trkpt>
   <trkpt lat="49.3248470" lon="-123.1473600">
    <ele>9.1</ele>
    <time>2024-09-04T18:56:21Z</time>
   </trkpt>
   <trkpt lat="49.3248140" lon="-123.1472900">
    <ele>9.1</ele>
    <time>2024-09-04T18:56:22Z</time>
   </trkpt>
   <trkpt lat="49.3247840" lon="-123.1472120">
    <ele>9.1</ele>
    <time>2024-09-04T18:56:23Z</time>
   </trkpt>
   <trkpt lat="49.3247520" lon="-123.1471390">
    <ele>9.2</ele>
    <time>2024-09-04T18:56:24Z</time>
   </trkpt>
   <trkpt lat="49.3247170" lon="-123.1470730">
    <ele>9.2</ele>
    <time>2024-09-04T18:56:25Z</time>
   </trkpt>
   <trkpt lat="49.3246840" lon="-123.1470040">
    <ele>9.2</ele>
    <time>2024-09-04T18:56:26Z</time>
   </trkpt>
   <trkpt lat="49.3246490" lon="-123.1469400">
    <ele>9.2</ele>
    <time>2024-09-04T18:56:27Z</time>
   </trkpt>
   <trkpt lat="49.3246140" lon="-123.1468750">
    <ele>9.2</ele>
    <time>2024-09-04T18:56:28Z</time>
   </trkpt>
   <trkpt lat="49.3245800" lon="-123.1468100">
    <ele>9.2</ele>
    <time>2024-09-04T18:56:29Z</time>
   </trkpt>
   <trkpt lat="49.3245450" lon="-123.1467430">
    <ele>9.2</ele>
    <time>2024-09-04T18:56:30Z</time>
   </trkpt>
   <trkpt lat="49.3245100" lon="-123.1466740">
    <ele>9.3</ele>
    <time>2024-09-04T18:56:31Z</time>
   </trkpt>
   <trkpt lat="49.3244750" lon="-123.1466060">
    <ele>9.3</ele>
    <time>2024-09-04T18:56:32Z</time>
   </trkpt>
   <trkpt lat="49.3244410" lon="-123.1465400">
    <ele>9.3</ele>
    <time>2024-09-04T18:56:33Z</time>
   </trkpt>
   <trkpt lat="49.3244070" lon="-123.1464780">
    <ele>9.3</ele>
    <time>2024-09-04T18:56:34Z</time>
   </trkpt>
   <trkpt lat="49.3243710" lon="-123.1464160">
    <ele>9.3</ele>
    <time>2024-09-04T18:56:35Z</time>
   </trkpt>
   <trkpt lat="49.3243350" lon="-123.1463560">
    <ele>9.2</ele>
    <time>2024-09-04T18:56:36Z</time>
   </trkpt>
   <trkpt lat="49.3243010" lon="-123.1462940">
    <ele>9.2</ele>
    <time>2024-09-04T18:56:37Z</time>
   </trkpt>
   <trkpt lat="49.3242710" lon="-123.1462320">
    <ele>9.2</ele>
    <time>2024-09-04T18:56:38Z</time>
   </trkpt>
   <trkpt lat="49.3242400" lon="-123.1461680">
    <ele>9.2</ele>
    <time>2024-09-04T18:56:39Z</time>
   </trkpt>
   <trkpt lat="49.3241970" lon="-123.1461000">
    <ele>9.2</ele>
    <time>2024-09-04T18:56:40Z</time>
   </trkpt>
   <trkpt lat="49.3241600" lon="-123.1460350">
    <ele>9.2</ele>
    <time>2024-09-04T18:56:41Z</time>
   </trkpt>
   <trkpt lat="49.3241230" lon="-123.1459670">
    <ele>9.2</ele>
    <time>2024-09-04T18:56:42Z</time>
   </trkpt>
   <trkpt lat="49.3240830" lon="-123.1458990">
    <ele>9.1</ele>
    <time>2024-09-04T18:56:43Z</time>
   </trkpt>
   <trkpt lat="49.3240460" lon="-123.1458260">
    <ele>9.1</ele>
    <time>2024-09-04T18:56:44Z</time>
   </trkpt>
   <trkpt lat="49.3240160" lon="-123.1457470">
    <ele>9.1</ele>
    <time>2024-09-04T18:56:45Z</time>
   </trkpt>
   <trkpt lat="49.3239850" lon="-123.1456700">
    <ele>9.1</ele>
    <time>2024-09-04T18:56:46Z</time>
   </trkpt>
   <trkpt lat="49.3239610" lon="-123.1455930">
    <ele>9.2</ele>
    <time>2024-09-04T18:56:47Z</time>
   </trkpt>
   <trkpt lat="49.3239380" lon="-123.1455150">
    <ele>9.2</ele>
    <time>2024-09-04T18:56:48Z</time>
   </trkpt>
   <trkpt lat="49.3239150" lon="-123.1454400">
    <ele>9.2</ele>
    <time>2024-09-04T18:56:49Z</time>
   </trkpt>
   <trkpt lat="49.3238900" lon="-123.1453610">
    <ele>9.3</ele>
    <time>2024-09-04T18:56:50Z</time>
   </trkpt>
   <trkpt lat="49.3238630" lon="-123.1452830">
    <ele>9.3</ele>
    <time>2024-09-04T18:56:51Z</time>
   </trkpt>
   <trkpt lat="49.3238360" lon="-123.1452120">
    <ele>9.3</ele>
    <time>2024-09-04T18:56:52Z</time>
   </trkpt>
   <trkpt lat="49.3238080" lon="-123.1451390">
    <ele>9.3</ele>
    <time>2024-09-04T18:56:53Z</time>
   </trkpt>
   <trkpt lat="49.3237800" lon="-123.1450690">
    <ele>9.3</ele>
    <time>2024-09-04T18:56:54Z</time>
   </trkpt>
   <trkpt lat="49.3237480" lon="-123.1449970">
    <ele>9.3</ele>
    <time>2024-09-04T18:56:55Z</time>
   </trkpt>
   <trkpt lat="49.3237180" lon="-123.1449200">
    <ele>9.2</ele>
    <time>2024-09-04T18:56:56Z</time>
   </trkpt>
   <trkpt lat="49.3236880" lon="-123.1448420">
    <ele>9.2</ele>
    <time>2024-09-04T18:56:57Z</time>
   </trkpt>
   <trkpt lat="49.3236590" lon="-123.1447600">
    <ele>9.1</ele>
    <time>2024-09-04T18:56:58Z</time>
   </trkpt>
   <trkpt lat="49.3236290" lon="-123.1446820">
    <ele>9.1</ele>
    <time>2024-09-04T18:56:59Z</time>
   </trkpt>
   <trkpt lat="49.3235970" lon="-123.1446060">
    <ele>9.1</ele>
    <time>2024-09-04T18:57:00Z</time>
   </trkpt>
   <trkpt lat="49.3235620" lon="-123.1445320">
    <ele>9.1</ele>
    <time>2024-09-04T18:57:02Z</time>
   </trkpt>
   <trkpt lat="49.3235270" lon="-123.1444600">
    <ele>9.1</ele>
    <time>2024-09-04T18:57:03Z</time>
   </trkpt>
   <trkpt lat="49.3234890" lon="-123.1443940">
    <ele>9.0</ele>
    <time>2024-09-04T18:57:04Z</time>
   </trkpt>
   <trkpt lat="49.3234510" lon="-123.1443280">
    <ele>9.0</ele>
    <time>2024-09-04T18:57:05Z</time>
   </trkpt>
   <trkpt lat="49.3234200" lon="-123.1442580">
    <ele>9.0</ele>
    <time>2024-09-04T18:57:06Z</time>
   </trkpt>
   <trkpt lat="49.3233890" lon="-123.1441820">
    <ele>9.0</ele>
    <time>2024-09-04T18:57:07Z</time>
   </trkpt>
   <trkpt lat="49.3233580" lon="-123.1441070">
    <ele>8.9</ele>
    <time>2024-09-04T18:57:08Z</time>
   </trkpt>
   <trkpt lat="49.3233200" lon="-123.1440370">
    <ele>8.9</ele>
    <time>2024-09-04T18:57:09Z</time>
   </trkpt>
   <trkpt lat="49.3232830" lon="-123.1439690">
    <ele>8.9</ele>
    <time>2024-09-04T18:57:10Z</time>
   </trkpt>
   <trkpt lat="49.3232460" lon="-123.1439000">
    <ele>8.8</ele>
    <time>2024-09-04T18:57:11Z</time>
   </trkpt>
   <trkpt lat="49.3232170" lon="-123.1438240">
    <ele>8.8</ele>
    <time>2024-09-04T18:57:12Z</time>
   </trkpt>
   <trkpt lat="49.3231840" lon="-123.1437490">
    <ele>8.8</ele>
    <time>2024-09-04T18:57:13Z</time>
   </trkpt>
   <trkpt lat="49.3231550" lon="-123.1436690">
    <ele>8.8</ele>
    <time>2024-09-04T18:57:14Z</time>
   </trkpt>
   <trkpt lat="49.3231230" lon="-123.1435920">
    <ele>8.8</ele>
    <time>2024-09-04T18:57:15Z</time>
   </trkpt>
   <trkpt lat="49.3230910" lon="-123.1435140">
    <ele>8.8</ele>
    <time>2024-09-04T18:57:16Z</time>
   </trkpt>
   <trkpt lat="49.3230600" lon="-123.1434380">
    <ele>8.8</ele>
    <time>2024-09-04T18:57:17Z</time>
   </trkpt>
   <trkpt lat="49.3230280" lon="-123.1433570">
    <ele>8.8</ele>
    <time>2024-09-04T18:57:18Z</time>
   </trkpt>
   <trkpt lat="49.3229970" lon="-123.1432780">
    <ele>8.8</ele>
    <time>2024-09-04T18:57:19Z</time>
   </trkpt>
   <trkpt lat="49.3229660" lon="-123.1431980">
    <ele>8.8</ele>
    <time>2024-09-04T18:57:20Z</time>
   </trkpt>
   <trkpt lat="49.3229390" lon="-123.1431210">
    <ele>8.8</ele>
    <time>2024-09-04T18:57:21Z</time>
   </trkpt>
   <trkpt lat="49.3229080" lon="-123.1430400">
    <ele>8.8</ele>
    <time>2024-09-04T18:57:22Z</time>
   </trkpt>
   <trkpt lat="49.3228770" lon="-123.1429610">
    <ele>8.9</ele>
    <time>2024-09-04T18:57:23Z</time>
   </trkpt>
   <trkpt lat="49.3228460" lon="-123.1428870">
    <ele>8.9</ele>
    <time>2024-09-04T18:57:24Z</time>
   </trkpt>
   <trkpt lat="49.3228160" lon="-123.1428120">
    <ele>8.9</ele>
    <time>2024-09-04T18:57:25Z</time>
   </trkpt>
   <trkpt lat="49.3227880" lon="-123.1427340">
    <ele>8.8</ele>
    <time>2024-09-04T18:57:26Z</time>
   </trkpt>
   <trkpt lat="49.3227610" lon="-123.1426590">
    <ele>8.8</ele>
    <time>2024-09-04T18:57:27Z</time>
   </trkpt>
   <trkpt lat="49.3227310" lon="-123.1425800">
    <ele>8.8</ele>
    <time>2024-09-04T18:57:28Z</time>
   </trkpt>
   <trkpt lat="49.3226990" lon="-123.1425030">
    <ele>8.8</ele>
    <time>2024-09-04T18:57:29Z</time>
   </trkpt>
   <trkpt lat="49.3226690" lon="-123.1424260">
    <ele>8.9</ele>
    <time>2024-09-04T18:57:30Z</time>
   </trkpt>
   <trkpt lat="49.3226400" lon="-123.1423490">
    <ele>8.9</ele>
    <time>2024-09-04T18:57:31Z</time>
   </trkpt>
   <trkpt lat="49.3226110" lon="-123.1422760">
    <ele>8.9</ele>
    <time>2024-09-04T18:57:32Z</time>
   </trkpt>
   <trkpt lat="49.3225790" lon="-123.1421990">
    <ele>8.9</ele>
    <time>2024-09-04T18:57:33Z</time>
   </trkpt>
   <trkpt lat="49.3225450" lon="-123.1421350">
    <ele>8.9</ele>
    <time>2024-09-04T18:57:34Z</time>
   </trkpt>
   <trkpt lat="49.3225110" lon="-123.1420700">
    <ele>8.9</ele>
    <time>2024-09-04T18:57:35Z</time>
   </trkpt>
   <trkpt lat="49.3224750" lon="-123.1420040">
    <ele>8.9</ele>
    <time>2024-09-04T18:57:36Z</time>
   </trkpt>
   <trkpt lat="49.3224090" lon="-123.1418700">
    <ele>8.9</ele>
    <time>2024-09-04T18:57:37Z</time>
   </trkpt>
   <trkpt lat="49.3223780" lon="-123.1417970">
    <ele>8.9</ele>
    <time>2024-09-04T18:57:38Z</time>
   </trkpt>
   <trkpt lat="49.3223470" lon="-123.1417240">
    <ele>8.8</ele>
    <time>2024-09-04T18:57:39Z</time>
   </trkpt>
   <trkpt lat="49.3223240" lon="-123.1416480">
    <ele>8.8</ele>
    <time>2024-09-04T18:57:40Z</time>
   </trkpt>
   <trkpt lat="49.3223000" lon="-123.1415670">
    <ele>8.7</ele>
    <time>2024-09-04T18:57:41Z</time>
   </trkpt>
   <trkpt lat="49.3222780" lon="-123.1414830">
    <ele>8.7</ele>
    <time>2024-09-04T18:57:42Z</time>
   </trkpt>
   <trkpt lat="49.3222560" lon="-123.1414010">
    <ele>8.6</ele>
    <time>2024-09-04T18:57:43Z</time>
   </trkpt>
   <trkpt lat="49.3222350" lon="-123.1413190">
    <ele>8.5</ele>
    <time>2024-09-04T18:57:44Z</time>
   </trkpt>
   <trkpt lat="49.3222140" lon="-123.1412360">
    <ele>8.5</ele>
    <time>2024-09-04T18:57:45Z</time>
   </trkpt>
   <trkpt lat="49.3221870" lon="-123.1411540">
    <ele>8.5</ele>
    <time>2024-09-04T18:57:46Z</time>
   </trkpt>
   <trkpt lat="49.3221590" lon="-123.1410740">
    <ele>8.5</ele>
    <time>2024-09-04T18:57:47Z</time>
   </trkpt>
   <trkpt lat="49.3221300" lon="-123.1409950">
    <ele>8.5</ele>
    <time>2024-09-04T18:57:48Z</time>
   </trkpt>
   <trkpt lat="49.3220960" lon="-123.1409220">
    <ele>8.5</ele>
    <time>2024-09-04T18:57:49Z</time>
   </trkpt>
   <trkpt lat="49.3220630" lon="-123.1408520">
    <ele>8.5</ele>
    <time>2024-09-04T18:57:50Z</time>
   </trkpt>
   <trkpt lat="49.3220320" lon="-123.1407800">
    <ele>8.5</ele>
    <time>2024-09-04T18:57:51Z</time>
   </trkpt>
   <trkpt lat="49.3220030" lon="-123.1407100">
    <ele>8.6</ele>
    <time>2024-09-04T18:57:52Z</time>
   </trkpt>
   <trkpt lat="49.3219740" lon="-123.1406420">
    <ele>8.6</ele>
    <time>2024-09-04T18:57:53Z</time>
   </trkpt>
   <trkpt lat="49.3219400" lon="-123.1405780">
    <ele>8.6</ele>
    <time>2024-09-04T18:57:54Z</time>
   </trkpt>
   <trkpt lat="49.3219140" lon="-123.1405100">
    <ele>8.7</ele>
    <time>2024-09-04T18:57:55Z</time>
   </trkpt>
   <trkpt lat="49.3218990" lon="-123.1404330">
    <ele>8.7</ele>
    <time>2024-09-04T18:57:56Z</time>
   </trkpt>
   <trkpt lat="49.3218930" lon="-123.1403510">
    <ele>8.7</ele>
    <time>2024-09-04T18:57:57Z</time>
   </trkpt>
   <trkpt lat="49.3218880" lon="-123.1402700">
    <ele>8.7</ele>
    <time>2024-09-04T18:57:58Z</time>
   </trkpt>
   <trkpt lat="49.3218890" lon="-123.1401900">
    <ele>8.7</ele>
    <time>2024-09-04T18:57:59Z</time>
   </trkpt>
   <trkpt lat="49.3218950" lon="-123.1401130">
    <ele>8.7</ele>
    <time>2024-09-04T18:58:00Z</time>
   </trkpt>
   <trkpt lat="49.3219260" lon="-123.1400510">
    <ele>8.7</ele>
    <time>2024-09-04T18:58:01Z</time>
   </trkpt>
   <trkpt lat="49.3219640" lon="-123.1400040">
    <ele>8.7</ele>
    <time>2024-09-04T18:58:02Z</time>
   </trkpt>
   <trkpt lat="49.3220090" lon="-123.1399720">
    <ele>8.8</ele>
    <time>2024-09-04T18:58:03Z</time>
   </trkpt>
   <trkpt lat="49.3220560" lon="-123.1399510">
    <ele>8.8</ele>
    <time>2024-09-04T18:58:04Z</time>
   </trkpt>
   <trkpt lat="49.3221090" lon="-123.1399410">
    <ele>8.8</ele>
    <time>2024-09-04T18:58:05Z</time>
   </trkpt>
   <trkpt lat="49.3221650" lon="-123.1399420">
    <ele>8.8</ele>
    <time>2024-09-04T18:58:06Z</time>
   </trkpt>
   <trkpt lat="49.3222180" lon="-123.1399150">
    <ele>8.8</ele>
    <time>2024-09-04T18:58:07Z</time>
   </trkpt>
   <trkpt lat="49.3222660" lon="-123.1398880">
    <ele>8.8</ele>
    <time>2024-09-04T18:58:08Z</time>
   </trkpt>
   <trkpt lat="49.3223220" lon="-123.1398840">
    <ele>8.9</ele>
    <time>2024-09-04T18:58:09Z</time>
   </trkpt>
   <trkpt lat="49.3223740" lon="-123.1398930">
    <ele>8.9</ele>
    <time>2024-09-04T18:58:10Z</time>
   </trkpt>
   <trkpt lat="49.3224240" lon="-123.1398980">
    <ele>9.0</ele>
    <time>2024-09-04T18:58:11Z</time>
   </trkpt>
   <trkpt lat="49.3224740" lon="-123.1399030">
    <ele>9.0</ele>
    <time>2024-09-04T18:58:12Z</time>
   </trkpt>
   <trkpt lat="49.3225270" lon="-123.1398850">
    <ele>9.1</ele>
    <time>2024-09-04T18:58:13Z</time>
   </trkpt>
   <trkpt lat="49.3225730" lon="-123.1398560">
    <ele>9.1</ele>
    <time>2024-09-04T18:58:14Z</time>
   </trkpt>
   <trkpt lat="49.3226190" lon="-123.1398370">
    <ele>9.1</ele>
    <time>2024-09-04T18:58:15Z</time>
   </trkpt>
   <trkpt lat="49.3226650" lon="-123.1398130">
    <ele>9.2</ele>
    <time>2024-09-04T18:58:16Z</time>
   </trkpt>
   <trkpt lat="49.3227140" lon="-123.1397880">
    <ele>9.2</ele>
    <time>2024-09-04T18:58:17Z</time>
   </trkpt>
   <trkpt lat="49.3227610" lon="-123.1397660">
    <ele>9.3</ele>
    <time>2024-09-04T18:58:18Z</time>
   </trkpt>
   <trkpt lat="49.3228060" lon="-123.1397370">
    <ele>9.3</ele>
    <time>2024-09-04T18:58:19Z</time>
   </trkpt>
   <trkpt lat="49.3228440" lon="-123.1397180">
    <ele>9.4</ele>
    <time>2024-09-04T18:58:20Z</time>
   </trkpt>
   <trkpt lat="49.3228900" lon="-123.1396900">
    <ele>9.4</ele>
    <time>2024-09-04T18:58:21Z</time>
   </trkpt>
   <trkpt lat="49.3229350" lon="-123.1396570">
    <ele>9.5</ele>
    <time>2024-09-04T18:58:22Z</time>
   </trkpt>
   <trkpt lat="49.3229800" lon="-123.1396370">
    <ele>9.6</ele>
    <time>2024-09-04T18:58:23Z</time>
   </trkpt>
   <trkpt lat="49.3230290" lon="-123.1396290">
    <ele>9.6</ele>
    <time>2024-09-04T18:58:24Z</time>
   </trkpt>
   <trkpt lat="49.3230770" lon="-123.1396180">
    <ele>9.7</ele>
    <time>2024-09-04T18:58:25Z</time>
   </trkpt>
   <trkpt lat="49.3231230" lon="-123.1396030">
    <ele>9.7</ele>
    <time>2024-09-04T18:58:26Z</time>
   </trkpt>
   <trkpt lat="49.3231740" lon="-123.1395820">
    <ele>9.7</ele>
    <time>2024-09-04T18:58:27Z</time>
   </trkpt>
   <trkpt lat="49.3232240" lon="-123.1395630">
    <ele>9.8</ele>
    <time>2024-09-04T18:58:28Z</time>
   </trkpt>
   <trkpt lat="49.3232740" lon="-123.1395590">
    <ele>9.8</ele>
    <time>2024-09-04T18:58:29Z</time>
   </trkpt>
   <trkpt lat="49.3233250" lon="-123.1395680">
    <ele>9.8</ele>
    <time>2024-09-04T18:58:30Z</time>
   </trkpt>
   <trkpt lat="49.3233720" lon="-123.1395710">
    <ele>9.9</ele>
    <time>2024-09-04T18:58:31Z</time>
   </trkpt>
   <trkpt lat="49.3234200" lon="-123.1395660">
    <ele>9.9</ele>
    <time>2024-09-04T18:58:32Z</time>
   </trkpt>
   <trkpt lat="49.3234680" lon="-123.1395570">
    <ele>9.9</ele>
    <time>2024-09-04T18:58:33Z</time>
   </trkpt>
   <trkpt lat="49.3235190" lon="-123.1395380">
    <ele>10.0</ele>
    <time>2024-09-04T18:58:34Z</time>
   </trkpt>
   <trkpt lat="49.3235650" lon="-123.1395180">
    <ele>10.1</ele>
    <time>2024-09-04T18:58:35Z</time>
   </trkpt>
   <trkpt lat="49.3236070" lon="-123.1394980">
    <ele>10.1</ele>
    <time>2024-09-04T18:58:36Z</time>
   </trkpt>
   <trkpt lat="49.3236560" lon="-123.1394680">
    <ele>10.2</ele>
    <time>2024-09-04T18:58:37Z</time>
   </trkpt>
   <trkpt lat="49.3236910" lon="-123.1394280">
    <ele>10.3</ele>
    <time>2024-09-04T18:58:38Z</time>
   </trkpt>
   <trkpt lat="49.3237260" lon="-123.1393870">
    <ele>10.4</ele>
    <time>2024-09-04T18:58:39Z</time>
   </trkpt>
   <trkpt lat="49.3237560" lon="-123.1393450">
    <ele>10.5</ele>
    <time>2024-09-04T18:58:40Z</time>
   </trkpt>
   <trkpt lat="49.3237860" lon="-123.1393070">
    <ele>10.6</ele>
    <time>2024-09-04T18:58:41Z</time>
   </trkpt>
   <trkpt lat="49.3238210" lon="-123.1392790">
    <ele>10.8</ele>
    <time>2024-09-04T18:58:42Z</time>
   </trkpt>
   <trkpt lat="49.3238550" lon="-123.1392610">
    <ele>11.0</ele>
    <time>2024-09-04T18:58:43Z</time>
   </trkpt>
   <trkpt lat="49.3238880" lon="-123.1392470">
    <ele>11.1</ele>
    <time>2024-09-04T18:58:44Z</time>
   </trkpt>
   <trkpt lat="49.3238960" lon="-123.1392450">
    <ele>11.1</ele>
    <time>2024-09-04T18:58:45Z</time>
   </trkpt>
   <trkpt lat="49.3239210" lon="-123.1392290">
    <ele>11.3</ele>
    <time>2024-09-04T18:58:46Z</time>
   </trkpt>
   <trkpt lat="49.3239290" lon="-123.1392180">
    <ele>11.3</ele>
    <time>2024-09-04T18:58:47Z</time>
   </trkpt>
   <trkpt lat="49.3239350" lon="-123.1391730">
    <ele>11.3</ele>
    <time>2024-09-04T18:58:48Z</time>
   </trkpt>
   <trkpt lat="49.3239330" lon="-123.1391170">
    <ele>11.3</ele>
    <time>2024-09-04T18:58:49Z</time>
   </trkpt>
   <trkpt lat="49.3239270" lon="-123.1390590">
    <ele>11.3</ele>
    <time>2024-09-04T18:58:50Z</time>
   </trkpt>
   <trkpt lat="49.3239220" lon="-123.1390020">
    <ele>11.4</ele>
    <time>2024-09-04T18:58:51Z</time>
   </trkpt>
   <trkpt lat="49.3239230" lon="-123.1389410">
    <ele>11.4</ele>
    <time>2024-09-04T18:58:52Z</time>
   </trkpt>
   <trkpt lat="49.3239220" lon="-123.1388760">
    <ele>11.4</ele>
    <time>2024-09-04T18:58:53Z</time>
   </trkpt>
   <trkpt lat="49.3239260" lon="-123.1387990">
    <ele>11.4</ele>
    <time>2024-09-04T18:58:54Z</time>
   </trkpt>
   <trkpt lat="49.3239290" lon="-123.1387230">
    <ele>11.3</ele>
    <time>2024-09-04T18:58:55Z</time>
   </trkpt>
   <trkpt lat="49.3239270" lon="-123.1386470">
    <ele>11.3</ele>
    <time>2024-09-04T18:58:56Z</time>
   </trkpt>
   <trkpt lat="49.3239270" lon="-123.1385660">
    <ele>11.2</ele>
    <time>2024-09-04T18:58:57Z</time>
   </trkpt>
   <trkpt lat="49.3239290" lon="-123.1384850">
    <ele>11.2</ele>
    <time>2024-09-04T18:58:58Z</time>
   </trkpt>
   <trkpt lat="49.3239300" lon="-123.1384040">
    <ele>11.1</ele>
    <time>2024-09-04T18:58:59Z</time>
   </trkpt>
   <trkpt lat="49.3239320" lon="-123.1383230">
    <ele>11.1</ele>
    <time>2024-09-04T18:59:00Z</time>
   </trkpt>
   <trkpt lat="49.3239330" lon="-123.1382410">
    <ele>11.1</ele>
    <time>2024-09-04T18:59:01Z</time>
   </trkpt>
   <trkpt lat="49.3239350" lon="-123.1381570">
    <ele>11.0</ele>
    <time>2024-09-04T18:59:02Z</time>
   </trkpt>
   <trkpt lat="49.3239360" lon="-123.1380700">
    <ele>11.0</ele>
    <time>2024-09-04T18:59:03Z</time>
   </trkpt>
   <trkpt lat="49.3239360" lon="-123.1379810">
    <ele>11.0</ele>
    <time>2024-09-04T18:59:04Z</time>
   </trkpt>
   <trkpt lat="49.3239380" lon="-123.1378960">
    <ele>11.0</ele>
    <time>2024-09-04T18:59:05Z</time>
   </trkpt>
   <trkpt lat="49.3239390" lon="-123.1378120">
    <ele>11.0</ele>
    <time>2024-09-04T18:59:07Z</time>
   </trkpt>
   <trkpt lat="49.3239420" lon="-123.1377320">
    <ele>10.8</ele>
    <time>2024-09-04T18:59:08Z</time>
   </trkpt>
   <trkpt lat="49.3239410" lon="-123.1376500">
    <ele>10.8</ele>
    <time>2024-09-04T18:59:09Z</time>
   </trkpt>
   <trkpt lat="49.3239450" lon="-123.1375670">
    <ele>10.8</ele>
    <time>2024-09-04T18:59:10Z</time>
   </trkpt>
   <trkpt lat="49.3239480" lon="-123.1374870">
    <ele>10.8</ele>
    <time>2024-09-04T18:59:11Z</time>
   </trkpt>
   <trkpt lat="49.3239480" lon="-123.1374110">
    <ele>10.8</ele>
    <time>2024-09-04T18:59:12Z</time>
   </trkpt>
   <trkpt lat="49.3239460" lon="-123.1373290">
    <ele>10.8</ele>
    <time>2024-09-04T18:59:13Z</time>
   </trkpt>
   <trkpt lat="49.3239470" lon="-123.1372390">
    <ele>10.7</ele>
    <time>2024-09-04T18:59:14Z</time>
   </trkpt>
   <trkpt lat="49.3239470" lon="-123.1371540">
    <ele>10.6</ele>
    <time>2024-09-04T18:59:15Z</time>
   </trkpt>
   <trkpt lat="49.3239470" lon="-123.1370710">
    <ele>10.6</ele>
    <time>2024-09-04T18:59:16Z</time>
   </trkpt>
   <trkpt lat="49.3239510" lon="-123.1369900">
    <ele>10.6</ele>
    <time>2024-09-04T18:59:17Z</time>
   </trkpt>
   <trkpt lat="49.3239550" lon="-123.1369090">
    <ele>10.6</ele>
    <time>2024-09-04T18:59:18Z</time>
   </trkpt>
   <trkpt lat="49.3239600" lon="-123.1368290">
    <ele>10.6</ele>
    <time>2024-09-04T18:59:19Z</time>
   </trkpt>
   <trkpt lat="49.3239640" lon="-123.1367470">
    <ele>10.6</ele>
    <time>2024-09-04T18:59:20Z</time>
   </trkpt>
   <trkpt lat="49.3239680" lon="-123.1366690">
    <ele>10.6</ele>
    <time>2024-09-04T18:59:21Z</time>
   </trkpt>
   <trkpt lat="49.3239660" lon="-123.1365880">
    <ele>10.6</ele>
    <time>2024-09-04T18:59:22Z</time>
   </trkpt>
   <trkpt lat="49.3239710" lon="-123.1365070">
    <ele>10.6</ele>
    <time>2024-09-04T18:59:23Z</time>
   </trkpt>
   <trkpt lat="49.3239730" lon="-123.1364250">
    <ele>10.6</ele>
    <time>2024-09-04T18:59:24Z</time>
   </trkpt>
   <trkpt lat="49.3239770" lon="-123.1363410">
    <ele>10.7</ele>
    <time>2024-09-04T18:59:25Z</time>
   </trkpt>
   <trkpt lat="49.3239880" lon="-123.1362580">
    <ele>10.7</ele>
    <time>2024-09-04T18:59:26Z</time>
   </trkpt>
   <trkpt lat="49.3240060" lon="-123.1361780">
    <ele>10.8</ele>
    <time>2024-09-04T18:59:27Z</time>
   </trkpt>
   <trkpt lat="49.3240270" lon="-123.1361020">
    <ele>10.8</ele>
    <time>2024-09-04T18:59:28Z</time>
   </trkpt>
   <trkpt lat="49.3240510" lon="-123.1360270">
    <ele>10.9</ele>
    <time>2024-09-04T18:59:29Z</time>
   </trkpt>
   <trkpt lat="49.3240780" lon="-123.1359560">
    <ele>11.0</ele>
    <time>2024-09-04T18:59:30Z</time>
   </trkpt>
   <trkpt lat="49.3241060" lon="-123.1358850">
    <ele>11.1</ele>
    <time>2024-09-04T18:59:31Z</time>
   </trkpt>
   <trkpt lat="49.3241330" lon="-123.1358120">
    <ele>11.2</ele>
    <time>2024-09-04T18:59:32Z</time>
   </trkpt>
   <trkpt lat="49.3241570" lon="-123.1357390">
    <ele>11.3</ele>
    <time>2024-09-04T18:59:33Z</time>
   </trkpt>
   <trkpt lat="49.3241840" lon="-123.1356690">
    <ele>11.3</ele>
    <time>2024-09-04T18:59:34Z</time>
   </trkpt>
   <trkpt lat="49.3242120" lon="-123.1355990">
    <ele>11.4</ele>
    <time>2024-09-04T18:59:35Z</time>
   </trkpt>
   <trkpt lat="49.3242370" lon="-123.1355290">
    <ele>11.4</ele>
    <time>2024-09-04T18:59:36Z</time>
   </trkpt>
   <trkpt lat="49.3242640" lon="-123.1354590">
    <ele>11.5</ele>
    <time>2024-09-04T18:59:37Z</time>
   </trkpt>
   <trkpt lat="49.3242900" lon="-123.1353890">
    <ele>11.5</ele>
    <time>2024-09-04T18:59:38Z</time>
   </trkpt>
   <trkpt lat="49.3243150" lon="-123.1353190">
    <ele>11.6</ele>
    <time>2024-09-04T18:59:39Z</time>
   </trkpt>
   <trkpt lat="49.3243420" lon="-123.1352500">
    <ele>11.7</ele>
    <time>2024-09-04T18:59:40Z</time>
   </trkpt>
   <trkpt lat="49.3243920" lon="-123.1351150">
    <ele>11.8</ele>
    <time>2024-09-04T18:59:41Z</time>
   </trkpt>
   <trkpt lat="49.3244160" lon="-123.1350450">
    <ele>11.9</ele>
    <time>2024-09-04T18:59:42Z</time>
   </trkpt>
   <trkpt lat="49.3244400" lon="-123.1349740">
    <ele>12.0</ele>
    <time>2024-09-04T18:59:43Z</time>
   </trkpt>
   <trkpt lat="49.3244600" lon="-123.1349030">
    <ele>12.1</ele>
    <time>2024-09-04T18:59:44Z</time>
   </trkpt>
   <trkpt lat="49.3244930" lon="-123.1348470">
    <ele>12.2</ele>
    <time>2024-09-04T18:59:45Z</time>
   </trkpt>
   <trkpt lat="49.3245340" lon="-123.1348190">
    <ele>12.2</ele>
    <time>2024-09-04T18:59:46Z</time>
   </trkpt>
   <trkpt lat="49.3245760" lon="-123.1348110">
    <ele>12.3</ele>
    <time>2024-09-04T18:59:47Z</time>
   </trkpt>
   <trkpt lat="49.3246200" lon="-123.1348060">
    <ele>12.5</ele>
    <time>2024-09-04T18:59:48Z</time>
   </trkpt>
   <trkpt lat="49.3246630" lon="-123.1348060">
    <ele>12.6</ele>
    <time>2024-09-04T18:59:49Z</time>
   </trkpt>
   <trkpt lat="49.3247040" lon="-123.1348030">
    <ele>12.7</ele>
    <time>2024-09-04T18:59:50Z</time>
   </trkpt>
   <trkpt lat="49.3247430" lon="-123.1347800">
    <ele>12.8</ele>
    <time>2024-09-04T18:59:51Z</time>
   </trkpt>
   <trkpt lat="49.3247730" lon="-123.1347290">
    <ele>13.0</ele>
    <time>2024-09-04T18:59:52Z</time>
   </trkpt>
   <trkpt lat="49.3247900" lon="-123.1346640">
    <ele>13.0</ele>
    <time>2024-09-04T18:59:53Z</time>
   </trkpt>
   <trkpt lat="49.3247870" lon="-123.1345980">
    <ele>13.0</ele>
    <time>2024-09-04T18:59:54Z</time>
   </trkpt>
   <trkpt lat="49.3247810" lon="-123.1345360">
    <ele>13.1</ele>
    <time>2024-09-04T18:59:55Z</time>
   </trkpt>
   <trkpt lat="49.3247800" lon="-123.1344800">
    <ele>13.2</ele>
    <time>2024-09-04T18:59:56Z</time>
   </trkpt>
   <trkpt lat="49.3247780" lon="-123.1344310">
    <ele>13.3</ele>
    <time>2024-09-04T18:59:57Z</time>
   </trkpt>
   <trkpt lat="49.3247760" lon="-123.1343810">
    <ele>13.4</ele>
    <time>2024-09-04T18:59:58Z</time>
   </trkpt>
   <trkpt lat="49.3247760" lon="-123.1343320">
    <ele>13.5</ele>
    <time>2024-09-04T18:59:59Z</time>
   </trkpt>
   <trkpt lat="49.3247750" lon="-123.1342830">
    <ele>13.6</ele>
    <time>2024-09-04T19:00:00Z</time>
   </trkpt>
   <trkpt lat="49.3247700" lon="-123.1342320">
    <ele>13.7</ele>
    <time>2024-09-04T19:00:01Z</time>
   </trkpt>
   <trkpt lat="49.3247670" lon="-123.1341810">
    <ele>13.8</ele>
    <time>2024-09-04T19:00:02Z</time>
   </trkpt>
   <trkpt lat="49.3247640" lon="-123.1341320">
    <ele>14.0</ele>
    <time>2024-09-04T19:00:03Z</time>
   </trkpt>
   <trkpt lat="49.3247620" lon="-123.1340900">
    <ele>14.1</ele>
    <time>2024-09-04T19:00:04Z</time>
   </trkpt>
   <trkpt lat="49.3247620" lon="-123.1340260">
    <ele>14.2</ele>
    <time>2024-09-04T19:00:05Z</time>
   </trkpt>
   <trkpt lat="49.3247630" lon="-123.1340020">
    <ele>14.3</ele>
    <time>2024-09-04T19:00:06Z</time>
   </trkpt>
   <trkpt lat="49.3247630" lon="-123.1339520">
    <ele>14.3</ele>
    <time>2024-09-04T19:00:07Z</time>
   </trkpt>
   <trkpt lat="49.3247570" lon="-123.1339010">
    <ele>14.4</ele>
    <time>2024-09-04T19:00:08Z</time>
   </trkpt>
   <trkpt lat="49.3247500" lon="-123.1338500">
    <ele>14.5</ele>
    <time>2024-09-04T19:00:09Z</time>
   </trkpt>
   <trkpt lat="49.3247390" lon="-123.1338000">
    <ele>14.5</ele>
    <time>2024-09-04T19:00:10Z</time>
   </trkpt>
   <trkpt lat="49.3247240" lon="-123.1337500">
    <ele>14.5</ele>
    <time>2024-09-04T19:00:11Z</time>
   </trkpt>
   <trkpt lat="49.3247110" lon="-123.1336980">
    <ele>14.6</ele>
    <time>2024-09-04T19:00:12Z</time>
   </trkpt>
   <trkpt lat="49.3246940" lon="-123.1336460">
    <ele>14.6</ele>
    <time>2024-09-04T19:00:13Z</time>
   </trkpt>
   <trkpt lat="49.3246720" lon="-123.1335920">
    <ele>14.6</ele>
    <time>2024-09-04T19:00:14Z</time>
   </trkpt>
   <trkpt lat="49.3246480" lon="-123.1335370">
    <ele>14.6</ele>
    <time>2024-09-04T19:00:15Z</time>
   </trkpt>
   <trkpt lat="49.3246200" lon="-123.1334800">
    <ele>14.6</ele>
    <time>2024-09-04T19:00:16Z</time>
   </trkpt>
   <trkpt lat="49.3245960" lon="-123.1334240">
    <ele>14.6</ele>
    <time>2024-09-04T19:00:17Z</time>
   </trkpt>
   <trkpt lat="49.3245720" lon="-123.1333630">
    <ele>14.6</ele>
    <time>2024-09-04T19:00:18Z</time>
   </trkpt>
   <trkpt lat="49.3245490" lon="-123.1332970">
    <ele>14.5</ele>
    <time>2024-09-04T19:00:19Z</time>
   </trkpt>
   <trkpt lat="49.3245210" lon="-123.1332380">
    <ele>14.5</ele>
    <time>2024-09-04T19:00:20Z</time>
   </trkpt>
   <trkpt lat="49.3244950" lon="-123.1331710">
    <ele>14.5</ele>
    <time>2024-09-04T19:00:21Z</time>
   </trkpt>
   <trkpt lat="49.3244700" lon="-123.1331070">
    <ele>14.5</ele>
    <time>2024-09-04T19:00:22Z</time>
   </trkpt>
   <trkpt lat="49.3244440" lon="-123.1330450">
    <ele>14.5</ele>
    <time>2024-09-04T19:00:23Z</time>
   </trkpt>
   <trkpt lat="49.3244160" lon="-123.1329800">
    <ele>14.5</ele>
    <time>2024-09-04T19:00:24Z</time>
   </trkpt>
   <trkpt lat="49.3243870" lon="-123.1329120">
    <ele>14.4</ele>
    <time>2024-09-04T19:00:25Z</time>
   </trkpt>
   <trkpt lat="49.3243580" lon="-123.1328440">
    <ele>14.4</ele>
    <time>2024-09-04T19:00:26Z</time>
   </trkpt>
   <trkpt lat="49.3243310" lon="-123.1327720">
    <ele>14.4</ele>
    <time>2024-09-04T19:00:27Z</time>
   </trkpt>
   <trkpt lat="49.3243020" lon="-123.1327000">
    <ele>14.4</ele>
    <time>2024-09-04T19:00:28Z</time>
   </trkpt>
   <trkpt lat="49.3242730" lon="-123.1326290">
    <ele>14.4</ele>
    <time>2024-09-04T19:00:29Z</time>
   </trkpt>
   <trkpt lat="49.3242430" lon="-123.1325590">
    <ele>14.3</ele>
    <time>2024-09-04T19:00:30Z</time>
   </trkpt>
   <trkpt lat="49.3242110" lon="-123.1324870">
    <ele>14.2</ele>
    <time>2024-09-04T19:00:31Z</time>
   </trkpt>
   <trkpt lat="49.3241790" lon="-123.1324170">
    <ele>14.1</ele>
    <time>2024-09-04T19:00:32Z</time>
   </trkpt>
   <trkpt lat="49.3241480" lon="-123.1323440">
    <ele>14.1</ele>
    <time>2024-09-04T19:00:33Z</time>
   </trkpt>
   <trkpt lat="49.3241170" lon="-123.1322750">
    <ele>14.0</ele>
    <time>2024-09-04T19:00:34Z</time>
   </trkpt>
   <trkpt lat="49.3240880" lon="-123.1322040">
    <ele>13.9</ele>
    <time>2024-09-04T19:00:35Z</time>
   </trkpt>
   <trkpt lat="49.3240610" lon="-123.1321310">
    <ele>13.9</ele>
    <time>2024-09-04T19:00:36Z</time>
   </trkpt>
   <trkpt lat="49.3240290" lon="-123.1320600">
    <ele>13.8</ele>
    <time>2024-09-04T19:00:37Z</time>
   </trkpt>
   <trkpt lat="49.3239970" lon="-123.1319890">
    <ele>13.7</ele>
    <time>2024-09-04T19:00:38Z</time>
   </trkpt>
   <trkpt lat="49.3239710" lon="-123.1319170">
    <ele>13.7</ele>
    <time>2024-09-04T19:00:39Z</time>
   </trkpt>
   <trkpt lat="49.3239410" lon="-123.1318450">
    <ele>13.7</ele>
    <time>2024-09-04T19:00:40Z</time>
   </trkpt>
   <trkpt lat="49.3239090" lon="-123.1317760">
    <ele>13.6</ele>
    <time>2024-09-04T19:00:41Z</time>
   </trkpt>
   <trkpt lat="49.3238750" lon="-123.1317090">
    <ele>13.5</ele>
    <time>2024-09-04T19:00:42Z</time>
   </trkpt>
   <trkpt lat="49.3238410" lon="-123.1316570">
    <ele>13.5</ele>
    <time>2024-09-04T19:00:43Z</time>
   </trkpt>
   <trkpt lat="49.3238100" lon="-123.1316050">
    <ele>13.4</ele>
    <time>2024-09-04T19:00:44Z</time>
   </trkpt>
   <trkpt lat="49.3237810" lon="-123.1315640">
    <ele>13.4</ele>
    <time>2024-09-04T19:00:45Z</time>
   </trkpt>
   <trkpt lat="49.3237530" lon="-123.1315370">
    <ele>13.4</ele>
    <time>2024-09-04T19:00:46Z</time>
   </trkpt>
   <trkpt lat="49.3237460" lon="-123.1315290">
    <ele>13.4</ele>
    <time>2024-09-04T19:00:47Z</time>
   </trkpt>
   <trkpt lat="49.3237310" lon="-123.1315120">
    <ele>13.3</ele>
    <time>2024-09-04T19:00:48Z</time>
   </trkpt>
   <trkpt lat="49.3237170" lon="-123.1314960">
    <ele>13.3</ele>
    <time>2024-09-04T19:00:49Z</time>
   </trkpt>
   <trkpt lat="49.3236980" lon="-123.1314540">
    <ele>13.3</ele>
    <time>2024-09-04T19:00:50Z</time>
   </trkpt>
   <trkpt lat="49.3236960" lon="-123.1314340">
    <ele>13.2</ele>
    <time>2024-09-04T19:00:51Z</time>
   </trkpt>
   <trkpt lat="49.3237130" lon="-123.1313770">
    <ele>13.1</ele>
    <time>2024-09-04T19:00:52Z</time>
   </trkpt>
   <trkpt lat="49.3237440" lon="-123.1313340">
    <ele>13.1</ele>
    <time>2024-09-04T19:00:53Z</time>
   </trkpt>
   <trkpt lat="49.3237700" lon="-123.1313120">
    <ele>13.1</ele>
    <time>2024-09-04T19:00:54Z</time>
   </trkpt>
   <trkpt lat="49.3237960" lon="-123.1312960">
    <ele>13.1</ele>
    <time>2024-09-04T19:00:55Z</time>
   </trkpt>
   <trkpt lat="49.3238320" lon="-123.1312850">
    <ele>13.1</ele>
    <time>2024-09-04T19:00:56Z</time>
   </trkpt>
   <trkpt lat="49.3238440" lon="-123.1312820">
    <ele>13.1</ele>
    <time>2024-09-04T19:00:57Z</time>
   </trkpt>
   <trkpt lat="49.3238710" lon="-123.1312560">
    <ele>13.1</ele>
    <time>2024-09-04T19:00:58Z</time>
   </trkpt>
   <trkpt lat="49.3238780" lon="-123.1312450">
    <ele>13.1</ele>
    <time>2024-09-04T19:00:59Z</time>
   </trkpt>
   <trkpt lat="49.3238840" lon="-123.1312430">
    <ele>13.1</ele>
    <time>2024-09-04T19:01:00Z</time>
   </trkpt>
   <trkpt lat="49.3238860" lon="-123.1312480">
    <ele>13.1</ele>
    <time>2024-09-04T19:01:01Z</time>
   </trkpt>
   <trkpt lat="49.3238870" lon="-123.1312540">
    <ele>13.1</ele>
    <time>2024-09-04T19:01:02Z</time>
   </trkpt>
   <trkpt lat="49.3238890" lon="-123.1312590">
    <ele>13.1</ele>
    <time>2024-09-04T19:01:03Z</time>
   </trkpt>
   <trkpt lat="49.3238910" lon="-123.1312640">
    <ele>13.1</ele>
    <time>2024-09-04T19:01:04Z</time>
   </trkpt>
   <trkpt lat="49.3238920" lon="-123.1312690">
    <ele>13.1</ele>
    <time>2024-09-04T19:01:05Z</time>
   </trkpt>
   <trkpt lat="49.3238940" lon="-123.1312750">
    <ele>13.1</ele>
    <time>2024-09-04T19:01:06Z</time>
   </trkpt>
   <trkpt lat="49.3238950" lon="-123.1312800">
    <ele>13.1</ele>
    <time>2024-09-04T19:01:07Z</time>
   </trkpt>
   <trkpt lat="49.3238970" lon="-123.1312850">
    <ele>13.1</ele>
    <time>2024-09-04T19:01:08Z</time>
   </trkpt>
   <trkpt lat="49.3238990" lon="-123.1312900">
    <ele>13.1</ele>
    <time>2024-09-04T19:01:09Z</time>
   </trkpt>
   <trkpt lat="49.3239000" lon="-123.1312960">
    <ele>13.1</ele>
    <time>2024-09-04T19:01:10Z</time>
   </trkpt>
   <trkpt lat="49.3239020" lon="-123.1313010">
    <ele>13.1</ele>
    <time>2024-09-04T19:01:11Z</time>
   </trkpt>
   <trkpt lat="49.3239040" lon="-123.1313060">
    <ele>13.1</ele>
    <time>2024-09-04T19:04:42Z</time>
   </trkpt>
   <trkpt lat="49.3239050" lon="-123.1313110">
    <ele>13.1</ele>
    <time>2024-09-04T19:04:43Z</time>
   </trkpt>
   <trkpt lat="49.3239070" lon="-123.1313170">
    <ele>13.1</ele>
    <time>2024-09-04T19:04:44Z</time>
   </trkpt>
   <trkpt lat="49.3238950" lon="-123.1313320">
    <ele>13.1</ele>
    <time>2024-09-04T19:04:45Z</time>
   </trkpt>
   <trkpt lat="49.3238750" lon="-123.1313320">
    <ele>13.2</ele>
    <time>2024-09-04T19:04:46Z</time>
   </trkpt>
   <trkpt lat="49.3238600" lon="-123.1313260">
    <ele>13.2</ele>
    <time>2024-09-04T19:04:47Z</time>
   </trkpt>
   <trkpt lat="49.3238480" lon="-123.1313120">
    <ele>13.2</ele>
    <time>2024-09-04T19:04:48Z</time>
   </trkpt>
   <trkpt lat="49.3238460" lon="-123.1312700">
    <ele>13.2</ele>
    <time>2024-09-04T19:04:49Z</time>
   </trkpt>
   <trkpt lat="49.3238520" lon="-123.1312540">
    <ele>13.3</ele>
    <time>2024-09-04T19:04:50Z</time>
   </trkpt>
   <trkpt lat="49.3238750" lon="-123.1312170">
    <ele>13.3</ele>
    <time>2024-09-04T19:04:51Z</time>
   </trkpt>
   <trkpt lat="49.3239040" lon="-123.1311870">
    <ele>13.4</ele>
    <time>2024-09-04T19:04:52Z</time>
   </trkpt>
   <trkpt lat="49.3239370" lon="-123.1311620">
    <ele>13.5</ele>
    <time>2024-09-04T19:04:53Z</time>
   </trkpt>
   <trkpt lat="49.3239720" lon="-123.1311370">
    <ele>13.6</ele>
    <time>2024-09-04T19:04:54Z</time>
   </trkpt>
   <trkpt lat="49.3239990" lon="-123.1311080">
    <ele>13.7</ele>
    <time>2024-09-04T19:04:55Z</time>
   </trkpt>
   <trkpt lat="49.3240290" lon="-123.1310950">
    <ele>13.8</ele>
    <time>2024-09-04T19:04:56Z</time>
   </trkpt>
   <trkpt lat="49.3240570" lon="-123.1310520">
    <ele>14.0</ele>
    <time>2024-09-04T19:04:57Z</time>
   </trkpt>
   <trkpt lat="49.3240880" lon="-123.1310140">
    <ele>14.1</ele>
    <time>2024-09-04T19:04:58Z</time>
   </trkpt>
   <trkpt lat="49.3241210" lon="-123.1309800">
    <ele>14.2</ele>
    <time>2024-09-04T19:04:59Z</time>
   </trkpt>
   <trkpt lat="49.3241530" lon="-123.1309480">
    <ele>14.4</ele>
    <time>2024-09-04T19:05:00Z</time>
   </trkpt>
   <trkpt lat="49.3241860" lon="-123.1309150">
    <ele>14.5</ele>
    <time>2024-09-04T19:05:01Z</time>
   </trkpt>
   <trkpt lat="49.3242200" lon="-123.1308830">
    <ele>14.7</ele>
    <time>2024-09-04T19:05:02Z</time>
   </trkpt>
   <trkpt lat="49.3242500" lon="-123.1308490">
    <ele>14.8</ele>
    <time>2024-09-04T19:05:03Z</time>
   </trkpt>
   <trkpt lat="49.3242820" lon="-123.1308190">
    <ele>15.0</ele>
    <time>2024-09-04T19:05:04Z</time>
   </trkpt>
   <trkpt lat="49.3243180" lon="-123.1307870">
    <ele>15.1</ele>
    <time>2024-09-04T19:05:05Z</time>
   </trkpt>
   <trkpt lat="49.3243510" lon="-123.1307660">
    <ele>15.3</ele>
    <time>2024-09-04T19:05:06Z</time>
   </trkpt>
   <trkpt lat="49.3243850" lon="-123.1307430">
    <ele>15.4</ele>
    <time>2024-09-04T19:05:07Z</time>
   </trkpt>
   <trkpt lat="49.3244200" lon="-123.1307240">
    <ele>15.5</ele>
    <time>2024-09-04T19:05:08Z</time>
   </trkpt>
   <trkpt lat="49.3244570" lon="-123.1307040">
    <ele>15.7</ele>
    <time>2024-09-04T19:05:09Z</time>
   </trkpt>
   <trkpt lat="49.3244880" lon="-123.1306750">
    <ele>15.8</ele>
    <time>2024-09-04T19:05:10Z</time>
   </trkpt>
   <trkpt lat="49.3245160" lon="-123.1306550">
    <ele>15.9</ele>
    <time>2024-09-04T19:05:11Z</time>
   </trkpt>
   <trkpt lat="49.3245470" lon="-123.1306380">
    <ele>16.0</ele>
    <time>2024-09-04T19:05:12Z</time>
   </trkpt>
   <trkpt lat="49.3245800" lon="-123.1306170">
    <ele>16.2</ele>
    <time>2024-09-04T19:05:13Z</time>
   </trkpt>
   <trkpt lat="49.3246080" lon="-123.1305910">
    <ele>16.3</ele>
    <time>2024-09-04T19:05:14Z</time>
   </trkpt>
   <trkpt lat="49.3246340" lon="-123.1305670">
    <ele>16.4</ele>
    <time>2024-09-04T19:05:15Z</time>
   </trkpt>
   <trkpt lat="49.3246630" lon="-123.1305500">
    <ele>16.5</ele>
    <time>2024-09-04T19:05:16Z</time>
   </trkpt>
   <trkpt lat="49.3246910" lon="-123.1305300">
    <ele>16.6</ele>
    <time>2024-09-04T19:05:17Z</time>
   </trkpt>
   <trkpt lat="49.3247160" lon="-123.1305080">
    <ele>16.8</ele>
    <time>2024-09-04T19:05:18Z</time>
   </trkpt>
   <trkpt lat="49.3247450" lon="-123.1304870">
    <ele>16.9</ele>
    <time>2024-09-04T19:05:19Z</time>
   </trkpt>
   <trkpt lat="49.3247730" lon="-123.1304670">
    <ele>17.0</ele>
    <time>2024-09-04T19:05:20Z</time>
   </trkpt>
   <trkpt lat="49.3247990" lon="-123.1304520">
    <ele>17.2</ele>
    <time>2024-09-04T19:05:21Z</time>
   </trkpt>
   <trkpt lat="49.3248240" lon="-123.1304330">
    <ele>17.3</ele>
    <time>2024-09-04T19:05:22Z</time>
   </trkpt>
   <trkpt lat="49.3248490" lon="-123.1304100">
    <ele>17.4</ele>
    <time>2024-09-04T19:05:24Z</time>
   </trkpt>
   <trkpt lat="49.3248740" lon="-123.1303950">
    <ele>17.5</ele>
    <time>2024-09-04T19:05:25Z</time>
   </trkpt>
   <trkpt lat="49.3249020" lon="-123.1303730">
    <ele>17.7</ele>
    <time>2024-09-04T19:05:26Z</time>
   </trkpt>
   <trkpt lat="49.3249070" lon="-123.1303630">
    <ele>17.7</ele>
    <time>2024-09-04T19:05:27Z</time>
   </trkpt>
   <trkpt lat="49.3249010" lon="-123.1303350">
    <ele>17.9</ele>
    <time>2024-09-04T19:05:28Z</time>
   </trkpt>
   <trkpt lat="49.3248870" lon="-123.1303270">
    <ele>17.9</ele>
    <time>2024-09-04T19:05:29Z</time>
   </trkpt>
   <trkpt lat="49.3248580" lon="-123.1303280">
    <ele>18.2</ele>
    <time>2024-09-04T19:05:30Z</time>
   </trkpt>
   <trkpt lat="49.3248470" lon="-123.1303310">
    <ele>18.2</ele>
    <time>2024-09-04T19:05:31Z</time>
   </trkpt>
   <trkpt lat="49.3248200" lon="-123.1303400">
    <ele>18.2</ele>
    <time>2024-09-04T19:05:32Z</time>
   </trkpt>
   <trkpt lat="49.3247910" lon="-123.1303550">
    <ele>18.2</ele>
    <time>2024-09-04T19:05:33Z</time>
   </trkpt>
   <trkpt lat="49.3247610" lon="-123.1303700">
    <ele>18.3</ele>
    <time>2024-09-04T19:05:34Z</time>
   </trkpt>
   <trkpt lat="49.3247290" lon="-123.1303860">
    <ele>18.3</ele>
    <time>2024-09-04T19:05:35Z</time>
   </trkpt>
   <trkpt lat="49.3246960" lon="-123.1304030">
    <ele>18.4</ele>
    <time>2024-09-04T19:05:36Z</time>
   </trkpt>
   <trkpt lat="49.3246640" lon="-123.1304200">
    <ele>18.5</ele>
    <time>2024-09-04T19:05:37Z</time>
   </trkpt>
   <trkpt lat="49.3246330" lon="-123.1304370">
    <ele>18.6</ele>
    <time>2024-09-04T19:05:38Z</time>
   </trkpt>
   <trkpt lat="49.3246030" lon="-123.1304510">
    <ele>18.7</ele>
    <time>2024-09-04T19:05:39Z</time>
   </trkpt>
   <trkpt lat="49.3245730" lon="-123.1304650">
    <ele>18.8</ele>
    <time>2024-09-04T19:05:40Z</time>
   </trkpt>
   <trkpt lat="49.3245430" lon="-123.1304790">
    <ele>19.0</ele>
    <time>2024-09-04T19:05:41Z</time>
   </trkpt>
   <trkpt lat="49.3245140" lon="-123.1304950">
    <ele>19.1</ele>
    <time>2024-09-04T19:05:42Z</time>
   </trkpt>
   <trkpt lat="49.3244840" lon="-123.1305110">
    <ele>19.2</ele>
    <time>2024-09-04T19:05:43Z</time>
   </trkpt>
   <trkpt lat="49.3244530" lon="-123.1305260">
    <ele>19.4</ele>
    <time>2024-09-04T19:05:44Z</time>
   </trkpt>
   <trkpt lat="49.3244220" lon="-123.1305410">
    <ele>19.6</ele>
    <time>2024-09-04T19:05:45Z</time>
   </trkpt>
   <trkpt lat="49.3243920" lon="-123.1305580">
    <ele>19.7</ele>
    <time>2024-09-04T19:05:46Z</time>
   </trkpt>
   <trkpt lat="49.3243600" lon="-123.1305770">
    <ele>19.9</ele>
    <time>2024-09-04T19:05:47Z</time>
   </trkpt>
   <trkpt lat="49.3243290" lon="-123.1305920">
    <ele>20.1</ele>
    <time>2024-09-04T19:05:48Z</time>
   </trkpt>
   <trkpt lat="49.3242990" lon="-123.1306080">
    <ele>20.2</ele>
    <time>2024-09-04T19:05:49Z</time>
   </trkpt>
   <trkpt lat="49.3242670" lon="-123.1306200">
    <ele>20.4</ele>
    <time>2024-09-04T19:05:50Z</time>
   </trkpt>
   <trkpt lat="49.3242390" lon="-123.1306370">
    <ele>20.6</ele>
    <time>2024-09-04T19:05:51Z</time>
   </trkpt>
   <trkpt lat="49.3242100" lon="-123.1306520">
    <ele>20.8</ele>
    <time>2024-09-04T19:05:52Z</time>
   </trkpt>
   <trkpt lat="49.3241820" lon="-123.1306680">
    <ele>21.0</ele>
    <time>2024-09-04T19:05:53Z</time>
   </trkpt>
   <trkpt lat="49.3241550" lon="-123.1306860">
    <ele>21.1</ele>
    <time>2024-09-04T19:05:54Z</time>
   </trkpt>
   <trkpt lat="49.3241260" lon="-123.1307040">
    <ele>21.3</ele>
    <time>2024-09-04T19:05:55Z</time>
   </trkpt>
   <trkpt lat="49.3240980" lon="-123.1307220">
    <ele>21.5</ele>
    <time>2024-09-04T19:05:56Z</time>
   </trkpt>
   <trkpt lat="49.3240430" lon="-123.1307580">
    <ele>21.8</ele>
    <time>2024-09-04T19:05:57Z</time>
   </trkpt>
   <trkpt lat="49.3240160" lon="-123.1307820">
    <ele>21.9</ele>
    <time>2024-09-04T19:05:58Z</time>
   </trkpt>
   <trkpt lat="49.3239890" lon="-123.1308040">
    <ele>22.0</ele>
    <time>2024-09-04T19:05:59Z</time>
   </trkpt>
   <trkpt lat="49.3239630" lon="-123.1308290">
    <ele>22.1</ele>
    <time>2024-09-04T19:06:00Z</time>
   </trkpt>
   <trkpt lat="49.3239360" lon="-123.1308490">
    <ele>22.2</ele>
    <time>2024-09-04T19:06:01Z</time>
   </trkpt>
   <trkpt lat="49.3239100" lon="-123.1308740">
    <ele>22.3</ele>
    <time>2024-09-04T19:06:02Z</time>
   </trkpt>
   <trkpt lat="49.3238870" lon="-123.1309000">
    <ele>22.4</ele>
    <time>2024-09-04T19:06:03Z</time>
   </trkpt>
   <trkpt lat="49.3238610" lon="-123.1309210">
    <ele>22.5</ele>
    <time>2024-09-04T19:06:04Z</time>
   </trkpt>
   <trkpt lat="49.3238370" lon="-123.1309440">
    <ele>22.6</ele>
    <time>2024-09-04T19:06:05Z</time>
   </trkpt>
   <trkpt lat="49.3238120" lon="-123.1309650">
    <ele>22.8</ele>
    <time>2024-09-04T19:06:06Z</time>
   </trkpt>
   <trkpt lat="49.3237880" lon="-123.1309890">
    <ele>22.9</ele>
    <time>2024-09-04T19:06:07Z</time>
   </trkpt>
   <trkpt lat="49.3237630" lon="-123.1310090">
    <ele>23.0</ele>
    <time>2024-09-04T19:06:08Z</time>
   </trkpt>
   <trkpt lat="49.3237400" lon="-123.1310300">
    <ele>23.2</ele>
    <time>2024-09-04T19:06:09Z</time>
   </trkpt>
   <trkpt lat="49.3237140" lon="-123.1310520">
    <ele>23.3</ele>
    <time>2024-09-04T19:06:10Z</time>
   </trkpt>
   <trkpt lat="49.3236880" lon="-123.1310710">
    <ele>23.5</ele>
    <time>2024-09-04T19:06:11Z</time>
   </trkpt>
   <trkpt lat="49.3236630" lon="-123.1310950">
    <ele>23.6</ele>
    <time>2024-09-04T19:06:12Z</time>
   </trkpt>
   <trkpt lat="49.3236380" lon="-123.1311180">
    <ele>23.7</ele>
    <time>2024-09-04T19:06:13Z</time>
   </trkpt>
   <trkpt lat="49.3236120" lon="-123.1311410">
    <ele>23.9</ele>
    <time>2024-09-04T19:06:14Z</time>
   </trkpt>
   <trkpt lat="49.3235880" lon="-123.1311620">
    <ele>24.0</ele>
    <time>2024-09-04T19:06:15Z</time>
   </trkpt>
   <trkpt lat="49.3235630" lon="-123.1311840">
    <ele>24.2</ele>
    <time>2024-09-04T19:06:16Z</time>
   </trkpt>
   <trkpt lat="49.3235390" lon="-123.1312050">
    <ele>24.3</ele>
    <time>2024-09-04T19:06:17Z</time>
   </trkpt>
   <trkpt lat="49.3235150" lon="-123.1312290">
    <ele>24.4</ele>
    <time>2024-09-04T19:06:18Z</time>
   </trkpt>
   <trkpt lat="49.3234900" lon="-123.1312520">
    <ele>24.6</ele>
    <time>2024-09-04T19:06:19Z</time>
   </trkpt>
   <trkpt lat="49.3234650" lon="-123.1312750">
    <ele>24.7</ele>
    <time>2024-09-04T19:06:20Z</time>
   </trkpt>
   <trkpt lat="49.3234400" lon="-123.1313000">
    <ele>24.9</ele>
    <time>2024-09-04T19:06:21Z</time>
   </trkpt>
   <trkpt lat="49.3234160" lon="-123.1313220">
    <ele>25.0</ele>
    <time>2024-09-04T19:06:22Z</time>
   </trkpt>
   <trkpt lat="49.3233920" lon="-123.1313460">
    <ele>25.1</ele>
    <time>2024-09-04T19:06:23Z</time>
   </trkpt>
   <trkpt lat="49.3233670" lon="-123.1313690">
    <ele>25.3</ele>
    <time>2024-09-04T19:06:24Z</time>
   </trkpt>
   <trkpt lat="49.3233420" lon="-123.1313940">
    <ele>25.4</ele>
    <time>2024-09-04T19:06:25Z</time>
   </trkpt>
   <trkpt lat="49.3233130" lon="-123.1314210">
    <ele>25.6</ele>
    <time>2024-09-04T19:06:26Z</time>
   </trkpt>
   <trkpt lat="49.3232890" lon="-123.1314430">
    <ele>25.7</ele>
    <time>2024-09-04T19:06:27Z</time>
   </trkpt>
   <trkpt lat="49.3232630" lon="-123.1314680">
    <ele>25.9</ele>
    <time>2024-09-04T19:06:28Z</time>
   </trkpt>
   <trkpt lat="49.3232360" lon="-123.1314920">
    <ele>26.0</ele>
    <time>2024-09-04T19:06:29Z</time>
   </trkpt>
   <trkpt lat="49.3232100" lon="-123.1315190">
    <ele>26.2</ele>
    <time>2024-09-04T19:06:30Z</time>
   </trkpt>
   <trkpt lat="49.3231850" lon="-123.1315450">
    <ele>26.3</ele>
    <time>2024-09-04T19:06:31Z</time>
   </trkpt>
   <trkpt lat="49.3231580" lon="-123.1315690">
    <ele>26.5</ele>
    <time>2024-09-04T19:06:32Z</time>
   </trkpt>
   <trkpt lat="49.3231330" lon="-123.1315940">
    <ele>26.6</ele>
    <time>2024-09-04T19:06:33Z</time>
   </trkpt>
   <trkpt lat="49.3231070" lon="-123.1316160">
    <ele>26.8</ele>
    <time>2024-09-04T19:06:34Z</time>
   </trkpt>
   <trkpt lat="49.3230810" lon="-123.1316400">
    <ele>27.0</ele>
    <time>2024-09-04T19:06:35Z</time>
   </trkpt>
   <trkpt lat="49.3230550" lon="-123.1316640">
    <ele>27.1</ele>
    <time>2024-09-04T19:06:36Z</time>
   </trkpt>
   <trkpt lat="49.3230290" lon="-123.1316880">
    <ele>27.3</ele>
    <time>2024-09-04T19:06:37Z</time>
   </trkpt>
   <trkpt lat="49.3230030" lon="-123.1317150">
    <ele>27.4</ele>
    <time>2024-09-04T19:06:38Z</time>
   </trkpt>
   <trkpt lat="49.3229770" lon="-123.1317400">
    <ele>27.6</ele>
    <time>2024-09-04T19:06:39Z</time>
   </trkpt>
   <trkpt lat="49.3229510" lon="-123.1317650">
    <ele>27.8</ele>
    <time>2024-09-04T19:06:40Z</time>
   </trkpt>
   <trkpt lat="49.3229240" lon="-123.1317900">
    <ele>27.9</ele>
    <time>2024-09-04T19:06:41Z</time>
   </trkpt>
   <trkpt lat="49.3228970" lon="-123.1318120">
    <ele>28.1</ele>
    <time>2024-09-04T19:06:42Z</time>
   </trkpt>
   <trkpt lat="49.3228710" lon="-123.1318390">
    <ele>28.3</ele>
    <time>2024-09-04T19:06:43Z</time>
   </trkpt>
   <trkpt lat="49.3228460" lon="-123.1318630">
    <ele>28.4</ele>
    <time>2024-09-04T19:06:44Z</time>
   </trkpt>
   <trkpt lat="49.3228190" lon="-123.1318890">
    <ele>28.6</ele>
    <time>2024-09-04T19:06:45Z</time>
   </trkpt>
   <trkpt lat="49.3227930" lon="-123.1319140">
    <ele>28.8</ele>
    <time>2024-09-04T19:06:46Z</time>
   </trkpt>
   <trkpt lat="49.3227660" lon="-123.1319360">
    <ele>28.9</ele>
    <time>2024-09-04T19:06:47Z</time>
   </trkpt>
   <trkpt lat="49.3227400" lon="-123.1319590">
    <ele>29.1</ele>
    <time>2024-09-04T19:06:48Z</time>
   </trkpt>
   <trkpt lat="49.3227130" lon="-123.1319830">
    <ele>29.2</ele>
    <time>2024-09-04T19:06:49Z</time>
   </trkpt>
   <trkpt lat="49.3226880" lon="-123.1320060">
    <ele>29.4</ele>
    <time>2024-09-04T19:06:50Z</time>
   </trkpt>
   <trkpt lat="49.3226610" lon="-123.1320290">
    <ele>29.5</ele>
    <time>2024-09-04T19:06:51Z</time>
   </trkpt>
   <trkpt lat="49.3226350" lon="-123.1320520">
    <ele>29.7</ele>
    <time>2024-09-04T19:06:52Z</time>
   </trkpt>
   <trkpt lat="49.3226120" lon="-123.1320760">
    <ele>29.8</ele>
    <time>2024-09-04T19:06:53Z</time>
   </trkpt>
   <trkpt lat="49.3225850" lon="-123.1320980">
    <ele>30.0</ele>
    <time>2024-09-04T19:06:54Z</time>
   </trkpt>
   <trkpt lat="49.3225600" lon="-123.1321210">
    <ele>30.2</ele>
    <time>2024-09-04T19:06:55Z</time>
   </trkpt>
   <trkpt lat="49.3225340" lon="-123.1321450">
    <ele>30.3</ele>
    <time>2024-09-04T19:06:56Z</time>
   </trkpt>
   <trkpt lat="49.3225090" lon="-123.1321690">
    <ele>30.5</ele>
    <time>2024-09-04T19:06:57Z</time>
   </trkpt>
   <trkpt lat="49.3224840" lon="-123.1321920">
    <ele>30.6</ele>
    <time>2024-09-04T19:06:58Z</time>
   </trkpt>
   <trkpt lat="49.3224580" lon="-123.1322130">
    <ele>30.8</ele>
    <time>2024-09-04T19:06:59Z</time>
   </trkpt>
   <trkpt lat="49.3224320" lon="-123.1322330">
    <ele>30.9</ele>
    <time>2024-09-04T19:07:00Z</time>
   </trkpt>
   <trkpt lat="49.3224090" lon="-123.1322560">
    <ele>31.1</ele>
    <time>2024-09-04T19:07:01Z</time>
   </trkpt>
   <trkpt lat="49.3223840" lon="-123.1322790">
    <ele>31.2</ele>
    <time>2024-09-04T19:07:02Z</time>
   </trkpt>
   <trkpt lat="49.3223590" lon="-123.1323020">
    <ele>31.4</ele>
    <time>2024-09-04T19:07:03Z</time>
   </trkpt>
   <trkpt lat="49.3223350" lon="-123.1323230">
    <ele>31.5</ele>
    <time>2024-09-04T19:07:04Z</time>
   </trkpt>
   <trkpt lat="49.3223110" lon="-123.1323470">
    <ele>31.7</ele>
    <time>2024-09-04T19:07:05Z</time>
   </trkpt>
   <trkpt lat="49.3222870" lon="-123.1323690">
    <ele>31.8</ele>
    <time>2024-09-04T19:07:06Z</time>
   </trkpt>
   <trkpt lat="49.3222620" lon="-123.1323910">
    <ele>31.9</ele>
    <time>2024-09-04T19:07:07Z</time>
   </trkpt>
   <trkpt lat="49.3222360" lon="-123.1324130">
    <ele>32.1</ele>
    <time>2024-09-04T19:07:08Z</time>
   </trkpt>
   <trkpt lat="49.3222080" lon="-123.1324380">
    <ele>32.2</ele>
    <time>2024-09-04T19:07:09Z</time>
   </trkpt>
   <trkpt lat="49.3221790" lon="-123.1324630">
    <ele>32.4</ele>
    <time>2024-09-04T19:07:10Z</time>
   </trkpt>
   <trkpt lat="49.3221470" lon="-123.1324890">
    <ele>32.6</ele>
    <time>2024-09-04T19:07:11Z</time>
   </trkpt>
   <trkpt lat="49.3221220" lon="-123.1325100">
    <ele>32.7</ele>
    <time>2024-09-04T19:07:12Z</time>
   </trkpt>
   <trkpt lat="49.3220920" lon="-123.1325380">
    <ele>32.9</ele>
    <time>2024-09-04T19:07:13Z</time>
   </trkpt>
   <trkpt lat="49.3220570" lon="-123.1325720">
    <ele>33.1</ele>
    <time>2024-09-04T19:07:14Z</time>
   </trkpt>
   <trkpt lat="49.3220440" lon="-123.1325830">
    <ele>33.2</ele>
    <time>2024-09-04T19:07:15Z</time>
   </trkpt>
   <trkpt lat="49.3220190" lon="-123.1326090">
    <ele>33.4</ele>
    <time>2024-09-04T19:07:16Z</time>
   </trkpt>
   <trkpt lat="49.3219940" lon="-123.1326320">
    <ele>33.5</ele>
    <time>2024-09-04T19:07:17Z</time>
   </trkpt>
   <trkpt lat="49.3219700" lon="-123.1326530">
    <ele>33.7</ele>
    <time>2024-09-04T19:07:18Z</time>
   </trkpt>
   <trkpt lat="49.3219450" lon="-123.1326740">
    <ele>33.8</ele>
    <time>2024-09-04T19:07:19Z</time>
   </trkpt>
   <trkpt lat="49.3219220" lon="-123.1326960">
    <ele>34.0</ele>
    <time>2024-09-04T19:07:20Z</time>
   </trkpt>
   <trkpt lat="49.3218960" lon="-123.1327180">
    <ele>34.1</ele>
    <time>2024-09-04T19:07:21Z</time>
   </trkpt>
   <trkpt lat="49.3218710" lon="-123.1327400">
    <ele>34.3</ele>
    <time>2024-09-04T19:07:22Z</time>
   </trkpt>
   <trkpt lat="49.3218460" lon="-123.1327610">
    <ele>34.4</ele>
    <time>2024-09-04T19:07:23Z</time>
   </trkpt>
   <trkpt lat="49.3218210" lon="-123.1327830">
    <ele>34.6</ele>
    <time>2024-09-04T19:07:24Z</time>
   </trkpt>
   <trkpt lat="49.3217960" lon="-123.1328070">
    <ele>34.7</ele>
    <time>2024-09-04T19:07:25Z</time>
   </trkpt>
   <trkpt lat="49.3217710" lon="-123.1328310">
    <ele>34.9</ele>
    <time>2024-09-04T19:07:26Z</time>
   </trkpt>
   <trkpt lat="49.3217430" lon="-123.1328560">
    <ele>35.1</ele>
    <time>2024-09-04T19:07:27Z</time>
   </trkpt>
   <trkpt lat="49.3217220" lon="-123.1328760">
    <ele>35.2</ele>
    <time>2024-09-04T19:07:28Z</time>
   </trkpt>
   <trkpt lat="49.3216970" lon="-123.1329010">
    <ele>35.3</ele>
    <time>2024-09-04T19:07:30Z</time>
   </trkpt>
   <trkpt lat="49.3216720" lon="-123.1329220">
    <ele>35.5</ele>
    <time>2024-09-04T19:07:31Z</time>
   </trkpt>
   <trkpt lat="49.3216480" lon="-123.1329430">
    <ele>35.6</ele>
    <time>2024-09-04T19:07:32Z</time>
   </trkpt>
   <trkpt lat="49.3216240" lon="-123.1329640">
    <ele>35.8</ele>
    <time>2024-09-04T19:07:33Z</time>
   </trkpt>
   <trkpt lat="49.3215960" lon="-123.1329880">
    <ele>35.9</ele>
    <time>2024-09-04T19:07:34Z</time>
   </trkpt>
   <trkpt lat="49.3215630" lon="-123.1330180">
    <ele>36.1</ele>
    <time>2024-09-04T19:07:35Z</time>
   </trkpt>
   <trkpt lat="49.3215510" lon="-123.1330270">
    <ele>36.2</ele>
    <time>2024-09-04T19:07:36Z</time>
   </trkpt>
   <trkpt lat="49.3215260" lon="-123.1330490">
    <ele>36.3</ele>
    <time>2024-09-04T19:07:37Z</time>
   </trkpt>
   <trkpt lat="49.3215040" lon="-123.1330750">
    <ele>36.5</ele>
    <time>2024-09-04T19:07:38Z</time>
   </trkpt>
   <trkpt lat="49.3214800" lon="-123.1330970">
    <ele>36.6</ele>
    <time>2024-09-04T19:07:39Z</time>
   </trkpt>
   <trkpt lat="49.3214550" lon="-123.1331210">
    <ele>36.8</ele>
    <time>2024-09-04T19:07:40Z</time>
   </trkpt>
   <trkpt lat="49.3214290" lon="-123.1331440">
    <ele>36.9</ele>
    <time>2024-09-04T19:07:41Z</time>
   </trkpt>
   <trkpt lat="49.3214030" lon="-123.1331650">
    <ele>37.1</ele>
    <time>2024-09-04T19:07:42Z</time>
   </trkpt>
   <trkpt lat="49.3213770" lon="-123.1331890">
    <ele>37.2</ele>
    <time>2024-09-04T19:07:43Z</time>
   </trkpt>
   <trkpt lat="49.3213510" lon="-123.1332130">
    <ele>37.4</ele>
    <time>2024-09-04T19:07:44Z</time>
   </trkpt>
   <trkpt lat="49.3213250" lon="-123.1332380">
    <ele>37.6</ele>
    <time>2024-09-04T19:07:45Z</time>
   </trkpt>
   <trkpt lat="49.3212990" lon="-123.1332600">
    <ele>37.7</ele>
    <time>2024-09-04T19:07:46Z</time>
   </trkpt>
   <trkpt lat="49.3212740" lon="-123.1332840">
    <ele>37.9</ele>
    <time>2024-09-04T19:07:47Z</time>
   </trkpt>
   <trkpt lat="49.3212510" lon="-123.1333070">
    <ele>38.0</ele>
    <time>2024-09-04T19:07:48Z</time>
   </trkpt>
   <trkpt lat="49.3212260" lon="-123.1333270">
    <ele>38.2</ele>
    <time>2024-09-04T19:07:49Z</time>
   </trkpt>
   <trkpt lat="49.3212020" lon="-123.1333500">
    <ele>38.3</ele>
    <time>2024-09-04T19:07:50Z</time>
   </trkpt>
   <trkpt lat="49.3211770" lon="-123.1333690">
    <ele>38.5</ele>
    <time>2024-09-04T19:07:51Z</time>
   </trkpt>
   <trkpt lat="49.3211530" lon="-123.1333930">
    <ele>38.6</ele>
    <time>2024-09-04T19:07:52Z</time>
   </trkpt>
   <trkpt lat="49.3211300" lon="-123.1334160">
    <ele>38.8</ele>
    <time>2024-09-04T19:07:53Z</time>
   </trkpt>
   <trkpt lat="49.3211060" lon="-123.1334380">
    <ele>38.9</ele>
    <time>2024-09-04T19:07:54Z</time>
   </trkpt>
   <trkpt lat="49.3210810" lon="-123.1334610">
    <ele>39.1</ele>
    <time>2024-09-04T19:07:55Z</time>
   </trkpt>
   <trkpt lat="49.3210570" lon="-123.1334860">
    <ele>39.2</ele>
    <time>2024-09-04T19:07:56Z</time>
   </trkpt>
   <trkpt lat="49.3210300" lon="-123.1335110">
    <ele>39.4</ele>
    <time>2024-09-04T19:07:57Z</time>
   </trkpt>
   <trkpt lat="49.3210060" lon="-123.1335330">
    <ele>39.5</ele>
    <time>2024-09-04T19:07:58Z</time>
   </trkpt>
   <trkpt lat="49.3209730" lon="-123.1335660">
    <ele>39.8</ele>
    <time>2024-09-04T19:07:59Z</time>
   </trkpt>
   <trkpt lat="49.3209610" lon="-123.1335780">
    <ele>39.8</ele>
    <time>2024-09-04T19:08:00Z</time>
   </trkpt>
   <trkpt lat="49.3209350" lon="-123.1335980">
    <ele>40.0</ele>
    <time>2024-09-04T19:08:01Z</time>
   </trkpt>
   <trkpt lat="49.3209100" lon="-123.1336170">
    <ele>40.2</ele>
    <time>2024-09-04T19:08:02Z</time>
   </trkpt>
   <trkpt lat="49.3208610" lon="-123.1336620">
    <ele>40.5</ele>
    <time>2024-09-04T19:08:03Z</time>
   </trkpt>
   <trkpt lat="49.3208340" lon="-123.1336870">
    <ele>40.6</ele>
    <time>2024-09-04T19:08:04Z</time>
   </trkpt>
   <trkpt lat="49.3208060" lon="-123.1337140">
    <ele>40.8</ele>
    <time>2024-09-04T19:08:05Z</time>
   </trkpt>
   <trkpt lat="49.3207800" lon="-123.1337370">
    <ele>41.0</ele>
    <time>2024-09-04T19:08:06Z</time>
   </trkpt>
   <trkpt lat="49.3207550" lon="-123.1337590">
    <ele>41.1</ele>
    <time>2024-09-04T19:08:07Z</time>
   </trkpt>
   <trkpt lat="49.3207210" lon="-123.1337890">
    <ele>41.4</ele>
    <time>2024-09-04T19:08:08Z</time>
   </trkpt>
   <trkpt lat="49.3207100" lon="-123.1338000">
    <ele>41.4</ele>
    <time>2024-09-04T19:08:09Z</time>
   </trkpt>
   <trkpt lat="49.3206790" lon="-123.1338310">
    <ele>41.6</ele>
    <time>2024-09-04T19:08:10Z</time>
   </trkpt>
   <trkpt lat="49.3206690" lon="-123.1338410">
    <ele>41.7</ele>
    <time>2024-09-04T19:08:11Z</time>
   </trkpt>
   <trkpt lat="49.3206420" lon="-123.1338720">
    <ele>41.9</ele>
    <time>2024-09-04T19:08:12Z</time>
   </trkpt>
   <trkpt lat="49.3206330" lon="-123.1338830">
    <ele>42.0</ele>
    <time>2024-09-04T19:08:13Z</time>
   </trkpt>
   <trkpt lat="49.3206080" lon="-123.1339050">
    <ele>42.1</ele>
    <time>2024-09-04T19:08:14Z</time>
   </trkpt>
   <trkpt lat="49.3205820" lon="-123.1339270">
    <ele>42.3</ele>
    <time>2024-09-04T19:08:15Z</time>
   </trkpt>
   <trkpt lat="49.3205570" lon="-123.1339490">
    <ele>42.4</ele>
    <time>2024-09-04T19:08:16Z</time>
   </trkpt>
   <trkpt lat="49.3205310" lon="-123.1339720">
    <ele>42.6</ele>
    <time>2024-09-04T19:08:17Z</time>
   </trkpt>
   <trkpt lat="49.3205070" lon="-123.1339950">
    <ele>42.7</ele>
    <time>2024-09-04T19:08:18Z</time>
   </trkpt>
   <trkpt lat="49.3204830" lon="-123.1340180">
    <ele>42.9</ele>
    <time>2024-09-04T19:08:19Z</time>
   </trkpt>
   <trkpt lat="49.3204590" lon="-123.1340400">
    <ele>43.0</ele>
    <time>2024-09-04T19:08:20Z</time>
   </trkpt>
   <trkpt lat="49.3204350" lon="-123.1340600">
    <ele>43.2</ele>
    <time>2024-09-04T19:08:21Z</time>
   </trkpt>
   <trkpt lat="49.3204090" lon="-123.1340840">
    <ele>43.3</ele>
    <time>2024-09-04T19:08:22Z</time>
   </trkpt>
   <trkpt lat="49.3203850" lon="-123.1341030">
    <ele>43.5</ele>
    <time>2024-09-04T19:08:23Z</time>
   </trkpt>
   <trkpt lat="49.3203620" lon="-123.1341240">
    <ele>43.6</ele>
    <time>2024-09-04T19:08:24Z</time>
   </trkpt>
   <trkpt lat="49.3203380" lon="-123.1341470">
    <ele>43.8</ele>
    <time>2024-09-04T19:08:25Z</time>
   </trkpt>
   <trkpt lat="49.3203140" lon="-123.1341690">
    <ele>43.9</ele>
    <time>2024-09-04T19:08:26Z</time>
   </trkpt>
   <trkpt lat="49.3202860" lon="-123.1341950">
    <ele>44.1</ele>
    <time>2024-09-04T19:08:27Z</time>
   </trkpt>
   <trkpt lat="49.3202520" lon="-123.1342270">
    <ele>44.3</ele>
    <time>2024-09-04T19:08:28Z</time>
   </trkpt>
   <trkpt lat="49.3202400" lon="-123.1342370">
    <ele>44.4</ele>
    <time>2024-09-04T19:08:29Z</time>
   </trkpt>
   <trkpt lat="49.3202140" lon="-123.1342590">
    <ele>44.6</ele>
    <time>2024-09-04T19:08:30Z</time>
   </trkpt>
   <trkpt lat="49.3201900" lon="-123.1342820">
    <ele>44.7</ele>
    <time>2024-09-04T19:08:31Z</time>
   </trkpt>
   <trkpt lat="49.3201660" lon="-123.1343020">
    <ele>44.9</ele>
    <time>2024-09-04T19:08:32Z</time>
   </trkpt>
   <trkpt lat="49.3201410" lon="-123.1343240">
    <ele>45.0</ele>
    <time>2024-09-04T19:08:33Z</time>
   </trkpt>
   <trkpt lat="49.3201180" lon="-123.1343480">
    <ele>45.2</ele>
    <time>2024-09-04T19:08:34Z</time>
   </trkpt>
   <trkpt lat="49.3200930" lon="-123.1343700">
    <ele>45.3</ele>
    <time>2024-09-04T19:08:35Z</time>
   </trkpt>
   <trkpt lat="49.3200680" lon="-123.1343900">
    <ele>45.5</ele>
    <time>2024-09-04T19:08:36Z</time>
   </trkpt>
   <trkpt lat="49.3200450" lon="-123.1344140">
    <ele>45.7</ele>
    <time>2024-09-04T19:08:37Z</time>
   </trkpt>
   <trkpt lat="49.3200110" lon="-123.1344450">
    <ele>45.9</ele>
    <time>2024-09-04T19:08:38Z</time>
   </trkpt>
   <trkpt lat="49.3199990" lon="-123.1344530">
    <ele>46.0</ele>
    <time>2024-09-04T19:08:39Z</time>
   </trkpt>
   <trkpt lat="49.3199750" lon="-123.1344760">
    <ele>46.1</ele>
    <time>2024-09-04T19:08:40Z</time>
   </trkpt>
   <trkpt lat="49.3199490" lon="-123.1345000">
    <ele>46.3</ele>
    <time>2024-09-04T19:08:41Z</time>
   </trkpt>
   <trkpt lat="49.3199250" lon="-123.1345190">
    <ele>46.4</ele>
    <time>2024-09-04T19:08:42Z</time>
   </trkpt>
   <trkpt lat="49.3198900" lon="-123.1345510">
    <ele>46.6</ele>
    <time>2024-09-04T19:08:43Z</time>
   </trkpt>
   <trkpt lat="49.3198770" lon="-123.1345640">
    <ele>46.7</ele>
    <time>2024-09-04T19:08:44Z</time>
   </trkpt>
   <trkpt lat="49.3198420" lon="-123.1345910">
    <ele>46.9</ele>
    <time>2024-09-04T19:08:45Z</time>
   </trkpt>
   <trkpt lat="49.3198300" lon="-123.1346020">
    <ele>47.0</ele>
    <time>2024-09-04T19:08:46Z</time>
   </trkpt>
   <trkpt lat="49.3198060" lon="-123.1346260">
    <ele>47.2</ele>
    <time>2024-09-04T19:08:47Z</time>
   </trkpt>
   <trkpt lat="49.3197800" lon="-123.1346490">
    <ele>47.3</ele>
    <time>2024-09-04T19:08:48Z</time>
   </trkpt>
   <trkpt lat="49.3197550" lon="-123.1346700">
    <ele>47.5</ele>
    <time>2024-09-04T19:08:49Z</time>
   </trkpt>
   <trkpt lat="49.3197310" lon="-123.1346950">
    <ele>47.6</ele>
    <time>2024-09-04T19:08:50Z</time>
   </trkpt>
   <trkpt lat="49.3197050" lon="-123.1347210">
    <ele>47.8</ele>
    <time>2024-09-04T19:08:51Z</time>
   </trkpt>
   <trkpt lat="49.3196790" lon="-123.1347430">
    <ele>47.9</ele>
    <time>2024-09-04T19:08:52Z</time>
   </trkpt>
   <trkpt lat="49.3196530" lon="-123.1347660">
    <ele>48.1</ele>
    <time>2024-09-04T19:08:53Z</time>
   </trkpt>
   <trkpt lat="49.3196270" lon="-123.1347900">
    <ele>48.3</ele>
    <time>2024-09-04T19:08:54Z</time>
   </trkpt>
   <trkpt lat="49.3196020" lon="-123.1348140">
    <ele>48.4</ele>
    <time>2024-09-04T19:08:55Z</time>
   </trkpt>
   <trkpt lat="49.3195790" lon="-123.1348400">
    <ele>48.6</ele>
    <time>2024-09-04T19:08:56Z</time>
   </trkpt>
   <trkpt lat="49.3195570" lon="-123.1348660">
    <ele>48.7</ele>
    <time>2024-09-04T19:08:57Z</time>
   </trkpt>
   <trkpt lat="49.3195330" lon="-123.1348870">
    <ele>48.9</ele>
    <time>2024-09-04T19:08:58Z</time>
   </trkpt>
   <trkpt lat="49.3195070" lon="-123.1349100">
    <ele>49.0</ele>
    <time>2024-09-04T19:08:59Z</time>
   </trkpt>
   <trkpt lat="49.3194800" lon="-123.1349340">
    <ele>49.2</ele>
    <time>2024-09-04T19:09:00Z</time>
   </trkpt>
   <trkpt lat="49.3194540" lon="-123.1349590">
    <ele>49.3</ele>
    <time>2024-09-04T19:09:01Z</time>
   </trkpt>
   <trkpt lat="49.3194280" lon="-123.1349820">
    <ele>49.5</ele>
    <time>2024-09-04T19:09:02Z</time>
   </trkpt>
   <trkpt lat="49.3193990" lon="-123.1350110">
    <ele>49.7</ele>
    <time>2024-09-04T19:09:03Z</time>
   </trkpt>
   <trkpt lat="49.3193650" lon="-123.1350410">
    <ele>49.9</ele>
    <time>2024-09-04T19:09:04Z</time>
   </trkpt>
   <trkpt lat="49.3193520" lon="-123.1350530">
    <ele>50.0</ele>
    <time>2024-09-04T19:09:05Z</time>
   </trkpt>
   <trkpt lat="49.3193280" lon="-123.1350720">
    <ele>50.1</ele>
    <time>2024-09-04T19:09:06Z</time>
   </trkpt>
   <trkpt lat="49.3193030" lon="-123.1350950">
    <ele>50.3</ele>
    <time>2024-09-04T19:09:07Z</time>
   </trkpt>
   <trkpt lat="49.3192790" lon="-123.1351210">
    <ele>50.5</ele>
    <time>2024-09-04T19:09:08Z</time>
   </trkpt>
   <trkpt lat="49.3192560" lon="-123.1351430">
    <ele>50.6</ele>
    <time>2024-09-04T19:09:09Z</time>
   </trkpt>
   <trkpt lat="49.3192230" lon="-123.1351700">
    <ele>50.8</ele>
    <time>2024-09-04T19:09:10Z</time>
   </trkpt>
   <trkpt lat="49.3192130" lon="-123.1351810">
    <ele>50.9</ele>
    <time>2024-09-04T19:09:11Z</time>
   </trkpt>
   <trkpt lat="49.3191900" lon="-123.1352040">
    <ele>51.0</ele>
    <time>2024-09-04T19:09:12Z</time>
   </trkpt>
   <trkpt lat="49.3191670" lon="-123.1352270">
    <ele>51.2</ele>
    <time>2024-09-04T19:09:13Z</time>
   </trkpt>
   <trkpt lat="49.3191330" lon="-123.1352580">
    <ele>51.4</ele>
    <time>2024-09-04T19:09:14Z</time>
   </trkpt>
   <trkpt lat="49.3191210" lon="-123.1352680">
    <ele>51.5</ele>
    <time>2024-09-04T19:09:15Z</time>
   </trkpt>
   <trkpt lat="49.3190960" lon="-123.1352900">
    <ele>51.6</ele>
    <time>2024-09-04T19:09:16Z</time>
   </trkpt>
   <trkpt lat="49.3190710" lon="-123.1353120">
    <ele>51.8</ele>
    <time>2024-09-04T19:09:17Z</time>
   </trkpt>
   <trkpt lat="49.3190470" lon="-123.1353350">
    <ele>51.9</ele>
    <time>2024-09-04T19:09:18Z</time>
   </trkpt>
   <trkpt lat="49.3190240" lon="-123.1353560">
    <ele>52.1</ele>
    <time>2024-09-04T19:09:19Z</time>
   </trkpt>
   <trkpt lat="49.3189890" lon="-123.1353880">
    <ele>52.3</ele>
    <time>2024-09-04T19:09:20Z</time>
   </trkpt>
   <trkpt lat="49.3189780" lon="-123.1353990">
    <ele>52.4</ele>
    <time>2024-09-04T19:09:21Z</time>
   </trkpt>
   <trkpt lat="49.3189530" lon="-123.1354220">
    <ele>52.5</ele>
    <time>2024-09-04T19:09:22Z</time>
   </trkpt>
   <trkpt lat="49.3189290" lon="-123.1354420">
    <ele>52.7</ele>
    <time>2024-09-04T19:09:23Z</time>
   </trkpt>
   <trkpt lat="49.3189040" lon="-123.1354620">
    <ele>52.8</ele>
    <time>2024-09-04T19:09:24Z</time>
   </trkpt>
   <trkpt lat="49.3188770" lon="-123.1354860">
    <ele>53.0</ele>
    <time>2024-09-04T19:09:25Z</time>
   </trkpt>
   <trkpt lat="49.3188410" lon="-123.1355190">
    <ele>53.2</ele>
    <time>2024-09-04T19:09:26Z</time>
   </trkpt>
   <trkpt lat="49.3188290" lon="-123.1355300">
    <ele>53.3</ele>
    <time>2024-09-04T19:09:27Z</time>
   </trkpt>
   <trkpt lat="49.3188050" lon="-123.1355560">
    <ele>53.4</ele>
    <time>2024-09-04T19:09:28Z</time>
   </trkpt>
   <trkpt lat="49.3187800" lon="-123.1355800">
    <ele>53.6</ele>
    <time>2024-09-04T19:09:29Z</time>
   </trkpt>
   <trkpt lat="49.3187560" lon="-123.1356060">
    <ele>53.8</ele>
    <time>2024-09-04T19:09:30Z</time>
   </trkpt>
   <trkpt lat="49.3187340" lon="-123.1356310">
    <ele>53.9</ele>
    <time>2024-09-04T19:09:31Z</time>
   </trkpt>
   <trkpt lat="49.3187100" lon="-123.1356550">
    <ele>54.1</ele>
    <time>2024-09-04T19:09:32Z</time>
   </trkpt>
   <trkpt lat="49.3186880" lon="-123.1356780">
    <ele>54.2</ele>
    <time>2024-09-04T19:09:33Z</time>
   </trkpt>
   <trkpt lat="49.3186650" lon="-123.1357010">
    <ele>54.4</ele>
    <time>2024-09-04T19:09:34Z</time>
   </trkpt>
   <trkpt lat="49.3186340" lon="-123.1357280">
    <ele>54.6</ele>
    <time>2024-09-04T19:09:36Z</time>
   </trkpt>
   <trkpt lat="49.3186240" lon="-123.1357360">
    <ele>54.7</ele>
    <time>2024-09-04T19:09:37Z</time>
   </trkpt>
   <trkpt lat="49.3185890" lon="-123.1357590">
    <ele>54.9</ele>
    <time>2024-09-04T19:09:38Z</time>
   </trkpt>
   <trkpt lat="49.3185770" lon="-123.1357680">
    <ele>55.0</ele>
    <time>2024-09-04T19:09:39Z</time>
   </trkpt>
   <trkpt lat="49.3185520" lon="-123.1357910">
    <ele>55.1</ele>
    <time>2024-09-04T19:09:40Z</time>
   </trkpt>
   <trkpt lat="49.3185290" lon="-123.1358140">
    <ele>55.3</ele>
    <time>2024-09-04T19:09:41Z</time>
   </trkpt>
   <trkpt lat="49.3185040" lon="-123.1358350">
    <ele>55.5</ele>
    <time>2024-09-04T19:09:42Z</time>
   </trkpt>
   <trkpt lat="49.3184790" lon="-123.1358550">
    <ele>55.6</ele>
    <time>2024-09-04T19:09:43Z</time>
   </trkpt>
   <trkpt lat="49.3184540" lon="-123.1358760">
    <ele>55.8</ele>
    <time>2024-09-04T19:09:44Z</time>
   </trkpt>
   <trkpt lat="49.3184190" lon="-123.1359080">
    <ele>56.0</ele>
    <time>2024-09-04T19:09:45Z</time>
   </trkpt>
   <trkpt lat="49.3184070" lon="-123.1359190">
    <ele>56.1</ele>
    <time>2024-09-04T19:09:46Z</time>
   </trkpt>
   <trkpt lat="49.3183840" lon="-123.1359390">
    <ele>56.2</ele>
    <time>2024-09-04T19:09:47Z</time>
   </trkpt>
   <trkpt lat="49.3183580" lon="-123.1359640">
    <ele>56.4</ele>
    <time>2024-09-04T19:09:48Z</time>
   </trkpt>
   <trkpt lat="49.3183240" lon="-123.1359960">
    <ele>56.6</ele>
    <time>2024-09-04T19:09:49Z</time>
   </trkpt>
   <trkpt lat="49.3183130" lon="-123.1360060">
    <ele>56.7</ele>
    <time>2024-09-04T19:09:50Z</time>
   </trkpt>
   <trkpt lat="49.3182860" lon="-123.1360310">
    <ele>56.8</ele>
    <time>2024-09-04T19:09:51Z</time>
   </trkpt>
   <trkpt lat="49.3182520" lon="-123.1360620">
    <ele>57.1</ele>
    <time>2024-09-04T19:09:52Z</time>
   </trkpt>
   <trkpt lat="49.3182400" lon="-123.1360720">
    <ele>57.1</ele>
    <time>2024-09-04T19:09:53Z</time>
   </trkpt>
   <trkpt lat="49.3182130" lon="-123.1360960">
    <ele>57.3</ele>
    <time>2024-09-04T19:09:54Z</time>
   </trkpt>
   <trkpt lat="49.3181780" lon="-123.1361240">
    <ele>57.5</ele>
    <time>2024-09-04T19:09:55Z</time>
   </trkpt>
   <trkpt lat="49.3181660" lon="-123.1361340">
    <ele>57.6</ele>
    <time>2024-09-04T19:09:56Z</time>
   </trkpt>
   <trkpt lat="49.3181430" lon="-123.1361580">
    <ele>57.7</ele>
    <time>2024-09-04T19:09:57Z</time>
   </trkpt>
   <trkpt lat="49.3181190" lon="-123.1361820">
    <ele>57.9</ele>
    <time>2024-09-04T19:09:58Z</time>
   </trkpt>
   <trkpt lat="49.3180960" lon="-123.1362050">
    <ele>58.0</ele>
    <time>2024-09-04T19:09:59Z</time>
   </trkpt>
   <trkpt lat="49.3180710" lon="-123.1362280">
    <ele>58.2</ele>
    <time>2024-09-04T19:10:00Z</time>
   </trkpt>
   <trkpt lat="49.3180460" lon="-123.1362490">
    <ele>58.3</ele>
    <time>2024-09-04T19:10:01Z</time>
   </trkpt>
   <trkpt lat="49.3180230" lon="-123.1362730">
    <ele>58.5</ele>
    <time>2024-09-04T19:10:02Z</time>
   </trkpt>
   <trkpt lat="49.3179990" lon="-123.1362930">
    <ele>58.6</ele>
    <time>2024-09-04T19:10:03Z</time>
   </trkpt>
   <trkpt lat="49.3179750" lon="-123.1363150">
    <ele>58.8</ele>
    <time>2024-09-04T19:10:04Z</time>
   </trkpt>
   <trkpt lat="49.3179500" lon="-123.1363350">
    <ele>58.9</ele>
    <time>2024-09-04T19:10:05Z</time>
   </trkpt>
   <trkpt lat="49.3179240" lon="-123.1363570">
    <ele>59.1</ele>
    <time>2024-09-04T19:10:06Z</time>
   </trkpt>
   <trkpt lat="49.3178780" lon="-123.1364020">
    <ele>59.4</ele>
    <time>2024-09-04T19:10:07Z</time>
   </trkpt>
   <trkpt lat="49.3178540" lon="-123.1364250">
    <ele>59.5</ele>
    <time>2024-09-04T19:10:08Z</time>
   </trkpt>
   <trkpt lat="49.3178270" lon="-123.1364470">
    <ele>59.7</ele>
    <time>2024-09-04T19:10:09Z</time>
   </trkpt>
   <trkpt lat="49.3178000" lon="-123.1364720">
    <ele>59.8</ele>
    <time>2024-09-04T19:10:10Z</time>
   </trkpt>
   <trkpt lat="49.3177630" lon="-123.1365050">
    <ele>60.0</ele>
    <time>2024-09-04T19:10:11Z</time>
   </trkpt>
   <trkpt lat="49.3177490" lon="-123.1365180">
    <ele>60.1</ele>
    <time>2024-09-04T19:10:12Z</time>
   </trkpt>
   <trkpt lat="49.3177140" lon="-123.1365500">
    <ele>60.3</ele>
    <time>2024-09-04T19:10:13Z</time>
   </trkpt>
   <trkpt lat="49.3177010" lon="-123.1365620">
    <ele>60.4</ele>
    <time>2024-09-04T19:10:14Z</time>
   </trkpt>
   <trkpt lat="49.3176760" lon="-123.1365890">
    <ele>60.6</ele>
    <time>2024-09-04T19:10:15Z</time>
   </trkpt>
   <trkpt lat="49.3176410" lon="-123.1366170">
    <ele>60.8</ele>
    <time>2024-09-04T19:10:16Z</time>
   </trkpt>
   <trkpt lat="49.3176290" lon="-123.1366290">
    <ele>60.8</ele>
    <time>2024-09-04T19:10:17Z</time>
   </trkpt>
   <trkpt lat="49.3176010" lon="-123.1366540">
    <ele>61.0</ele>
    <time>2024-09-04T19:10:18Z</time>
   </trkpt>
   <trkpt lat="49.3175680" lon="-123.1366840">
    <ele>61.2</ele>
    <time>2024-09-04T19:10:19Z</time>
   </trkpt>
   <trkpt lat="49.3175560" lon="-123.1366950">
    <ele>61.3</ele>
    <time>2024-09-04T19:10:20Z</time>
   </trkpt>
   <trkpt lat="49.3175220" lon="-123.1367260">
    <ele>61.4</ele>
    <time>2024-09-04T19:10:21Z</time>
   </trkpt>
   <trkpt lat="49.3175100" lon="-123.1367360">
    <ele>61.5</ele>
    <time>2024-09-04T19:10:22Z</time>
   </trkpt>
   <trkpt lat="49.3174880" lon="-123.1367600">
    <ele>61.7</ele>
    <time>2024-09-04T19:10:23Z</time>
   </trkpt>
   <trkpt lat="49.3174530" lon="-123.1367900">
    <ele>61.9</ele>
    <time>2024-09-04T19:10:24Z</time>
   </trkpt>
   <trkpt lat="49.3174420" lon="-123.1368010">
    <ele>61.9</ele>
    <time>2024-09-04T19:10:25Z</time>
   </trkpt>
   <trkpt lat="49.3174090" lon="-123.1368310">
    <ele>62.1</ele>
    <time>2024-09-04T19:10:26Z</time>
   </trkpt>
   <trkpt lat="49.3173990" lon="-123.1368400">
    <ele>62.2</ele>
    <time>2024-09-04T19:10:27Z</time>
   </trkpt>
   <trkpt lat="49.3173670" lon="-123.1368680">
    <ele>62.4</ele>
    <time>2024-09-04T19:10:28Z</time>
   </trkpt>
   <trkpt lat="49.3173560" lon="-123.1368780">
    <ele>62.5</ele>
    <time>2024-09-04T19:10:29Z</time>
   </trkpt>
   <trkpt lat="49.3173230" lon="-123.1369080">
    <ele>62.7</ele>
    <time>2024-09-04T19:10:30Z</time>
   </trkpt>
   <trkpt lat="49.3173120" lon="-123.1369180">
    <ele>62.8</ele>
    <time>2024-09-04T19:10:31Z</time>
   </trkpt>
   <trkpt lat="49.3172890" lon="-123.1369400">
    <ele>62.9</ele>
    <time>2024-09-04T19:10:32Z</time>
   </trkpt>
   <trkpt lat="49.3172580" lon="-123.1369700">
    <ele>63.1</ele>
    <time>2024-09-04T19:10:33Z</time>
   </trkpt>
   <trkpt lat="49.3172480" lon="-123.1369800">
    <ele>63.2</ele>
    <time>2024-09-04T19:10:34Z</time>
   </trkpt>
   <trkpt lat="49.3172380" lon="-123.1369990">
    <ele>63.3</ele>
    <time>2024-09-04T19:10:35Z</time>
   </trkpt>
   <trkpt lat="49.3172380" lon="-123.1370140">
    <ele>63.4</ele>
    <time>2024-09-04T19:10:36Z</time>
   </trkpt>
   <trkpt lat="49.3172370" lon="-123.1370310">
    <ele>63.4</ele>
    <time>2024-09-04T19:10:37Z</time>
   </trkpt>
   <trkpt lat="49.3172280" lon="-123.1370430">
    <ele>63.5</ele>
    <time>2024-09-04T19:10:38Z</time>
   </trkpt>
   <trkpt lat="49.3172200" lon="-123.1370480">
    <ele>63.5</ele>
    <time>2024-09-04T19:10:39Z</time>
   </trkpt>
   <trkpt lat="49.3172110" lon="-123.1370530">
    <ele>63.6</ele>
    <time>2024-09-04T19:10:40Z</time>
   </trkpt>
   <trkpt lat="49.3172030" lon="-123.1370590">
    <ele>63.6</ele>
    <time>2024-09-04T19:10:41Z</time>
   </trkpt>
   <trkpt lat="49.3171950" lon="-123.1370640">
    <ele>63.7</ele>
    <time>2024-09-04T19:10:42Z</time>
   </trkpt>
   <trkpt lat="49.3171860" lon="-123.1370690">
    <ele>63.7</ele>
    <time>2024-09-04T19:10:43Z</time>
   </trkpt>
   <trkpt lat="49.3171780" lon="-123.1370740">
    <ele>63.7</ele>
    <time>2024-09-04T19:10:44Z</time>
   </trkpt>
   <trkpt lat="49.3171690" lon="-123.1370800">
    <ele>63.8</ele>
    <time>2024-09-04T19:11:01Z</time>
   </trkpt>
   <trkpt lat="49.3171610" lon="-123.1370850">
    <ele>63.8</ele>
    <time>2024-09-04T19:11:02Z</time>
   </trkpt>
   <trkpt lat="49.3171530" lon="-123.1370900">
    <ele>63.9</ele>
    <time>2024-09-04T19:11:03Z</time>
   </trkpt>
   <trkpt lat="49.3171290" lon="-123.1371140">
    <ele>64.0</ele>
    <time>2024-09-04T19:11:04Z</time>
   </trkpt>
   <trkpt lat="49.3171010" lon="-123.1371310">
    <ele>64.1</ele>
    <time>2024-09-04T19:11:05Z</time>
   </trkpt>
   <trkpt lat="49.3170700" lon="-123.1371590">
    <ele>64.2</ele>
    <time>2024-09-04T19:11:06Z</time>
   </trkpt>
   <trkpt lat="49.3170420" lon="-123.1371890">
    <ele>64.4</ele>
    <time>2024-09-04T19:11:07Z</time>
   </trkpt>
   <trkpt lat="49.3170150" lon="-123.1372160">
    <ele>64.5</ele>
    <time>2024-09-04T19:11:08Z</time>
   </trkpt>
   <trkpt lat="49.3169750" lon="-123.1372520">
    <ele>64.6</ele>
    <time>2024-09-04T19:11:09Z</time>
   </trkpt>
   <trkpt lat="49.3169420" lon="-123.1372890">
    <ele>64.8</ele>
    <time>2024-09-04T19:11:10Z</time>
   </trkpt>
   <trkpt lat="49.3169120" lon="-123.1373180">
    <ele>64.9</ele>
    <time>2024-09-04T19:11:11Z</time>
   </trkpt>
   <trkpt lat="49.3168840" lon="-123.1373430">
    <ele>65.0</ele>
    <time>2024-09-04T19:11:12Z</time>
   </trkpt>
   <trkpt lat="49.3168560" lon="-123.1373680">
    <ele>65.1</ele>
    <time>2024-09-04T19:11:13Z</time>
   </trkpt>
   <trkpt lat="49.3168270" lon="-123.1373930">
    <ele>65.3</ele>
    <time>2024-09-04T19:11:14Z</time>
   </trkpt>
   <trkpt lat="49.3168010" lon="-123.1374180">
    <ele>65.4</ele>
    <time>2024-09-04T19:11:15Z</time>
   </trkpt>
   <trkpt lat="49.3167720" lon="-123.1374410">
    <ele>65.5</ele>
    <time>2024-09-04T19:11:16Z</time>
   </trkpt>
   <trkpt lat="49.3167430" lon="-123.1374660">
    <ele>65.6</ele>
    <time>2024-09-04T19:11:17Z</time>
   </trkpt>
   <trkpt lat="49.3167140" lon="-123.1374910">
    <ele>65.8</ele>
    <time>2024-09-04T19:11:18Z</time>
   </trkpt>
   <trkpt lat="49.3166870" lon="-123.1375150">
    <ele>65.9</ele>
    <time>2024-09-04T19:11:19Z</time>
   </trkpt>
   <trkpt lat="49.3166590" lon="-123.1375410">
    <ele>66.0</ele>
    <time>2024-09-04T19:11:20Z</time>
   </trkpt>
   <trkpt lat="49.3166320" lon="-123.1375680">
    <ele>66.2</ele>
    <time>2024-09-04T19:11:21Z</time>
   </trkpt>
   <trkpt lat="49.3166030" lon="-123.1375890">
    <ele>66.3</ele>
    <time>2024-09-04T19:11:22Z</time>
   </trkpt>
   <trkpt lat="49.3165740" lon="-123.1376160">
    <ele>66.4</ele>
    <time>2024-09-04T19:11:23Z</time>
   </trkpt>
   <trkpt lat="49.3165500" lon="-123.1376440">
    <ele>66.6</ele>
    <time>2024-09-04T19:11:24Z</time>
   </trkpt>
   <trkpt lat="49.3165220" lon="-123.1376640">
    <ele>66.7</ele>
    <time>2024-09-04T19:11:25Z</time>
   </trkpt>
   <trkpt lat="49.3164940" lon="-123.1376910">
    <ele>66.8</ele>
    <time>2024-09-04T19:11:26Z</time>
   </trkpt>
   <trkpt lat="49.3164660" lon="-123.1377160">
    <ele>67.0</ele>
    <time>2024-09-04T19:11:27Z</time>
   </trkpt>
   <trkpt lat="49.3164380" lon="-123.1377400">
    <ele>67.1</ele>
    <time>2024-09-04T19:11:28Z</time>
   </trkpt>
   <trkpt lat="49.3164120" lon="-123.1377680">
    <ele>67.2</ele>
    <time>2024-09-04T19:11:29Z</time>
   </trkpt>
   <trkpt lat="49.3163830" lon="-123.1377920">
    <ele>67.4</ele>
    <time>2024-09-04T19:11:30Z</time>
   </trkpt>
   <trkpt lat="49.3163540" lon="-123.1378200">
    <ele>67.5</ele>
    <time>2024-09-04T19:11:31Z</time>
   </trkpt>
   <trkpt lat="49.3163250" lon="-123.1378450">
    <ele>67.7</ele>
    <time>2024-09-04T19:11:32Z</time>
   </trkpt>
   <trkpt lat="49.3162970" lon="-123.1378740">
    <ele>67.8</ele>
    <time>2024-09-04T19:11:33Z</time>
   </trkpt>
   <trkpt lat="49.3162670" lon="-123.1379010">
    <ele>68.0</ele>
    <time>2024-09-04T19:11:34Z</time>
   </trkpt>
   <trkpt lat="49.3162380" lon="-123.1379280">
    <ele>68.1</ele>
    <time>2024-09-04T19:11:35Z</time>
   </trkpt>
   <trkpt lat="49.3162080" lon="-123.1379490">
    <ele>68.2</ele>
    <time>2024-09-04T19:11:36Z</time>
   </trkpt>
   <trkpt lat="49.3161850" lon="-123.1379770">
    <ele>68.4</ele>
    <time>2024-09-04T19:11:37Z</time>
   </trkpt>
   <trkpt lat="49.3161540" lon="-123.1380020">
    <ele>68.5</ele>
    <time>2024-09-04T19:11:38Z</time>
   </trkpt>
   <trkpt lat="49.3161240" lon="-123.1380330">
    <ele>68.7</ele>
    <time>2024-09-04T19:11:39Z</time>
   </trkpt>
   <trkpt lat="49.3160960" lon="-123.1380560">
    <ele>68.8</ele>
    <time>2024-09-04T19:11:40Z</time>
   </trkpt>
   <trkpt lat="49.3160670" lon="-123.1380840">
    <ele>68.9</ele>
    <time>2024-09-04T19:11:42Z</time>
   </trkpt>
   <trkpt lat="49.3160390" lon="-123.1381070">
    <ele>69.0</ele>
    <time>2024-09-04T19:11:43Z</time>
   </trkpt>
   <trkpt lat="49.3160100" lon="-123.1381310">
    <ele>69.2</ele>
    <time>2024-09-04T19:11:44Z</time>
   </trkpt>
   <trkpt lat="49.3159810" lon="-123.1381560">
    <ele>69.3</ele>
    <time>2024-09-04T19:11:45Z</time>
   </trkpt>
   <trkpt lat="49.3159540" lon="-123.1381840">
    <ele>69.4</ele>
    <time>2024-09-04T19:11:46Z</time>
   </trkpt>
   <trkpt lat="49.3159210" lon="-123.1382110">
    <ele>69.6</ele>
    <time>2024-09-04T19:11:47Z</time>
   </trkpt>
   <trkpt lat="49.3158930" lon="-123.1382360">
    <ele>69.7</ele>
    <time>2024-09-04T19:11:48Z</time>
   </trkpt>
   <trkpt lat="49.3158620" lon="-123.1382640">
    <ele>69.8</ele>
    <time>2024-09-04T19:11:49Z</time>
   </trkpt>
   <trkpt lat="49.3158340" lon="-123.1382920">
    <ele>69.9</ele>
    <time>2024-09-04T19:11:50Z</time>
   </trkpt>
   <trkpt lat="49.3158050" lon="-123.1383200">
    <ele>70.0</ele>
    <time>2024-09-04T19:11:51Z</time>
   </trkpt>
   <trkpt lat="49.3157760" lon="-123.1383490">
    <ele>70.1</ele>
    <time>2024-09-04T19:11:52Z</time>
   </trkpt>
   <trkpt lat="49.3157470" lon="-123.1383770">
    <ele>70.1</ele>
    <time>2024-09-04T19:11:53Z</time>
   </trkpt>
   <trkpt lat="49.3157180" lon="-123.1384020">
    <ele>70.2</ele>
    <time>2024-09-04T19:11:54Z</time>
   </trkpt>
   <trkpt lat="49.3156890" lon="-123.1384280">
    <ele>70.3</ele>
    <time>2024-09-04T19:11:55Z</time>
   </trkpt>
   <trkpt lat="49.3156590" lon="-123.1384550">
    <ele>70.4</ele>
    <time>2024-09-04T19:11:56Z</time>
   </trkpt>
   <trkpt lat="49.3156290" lon="-123.1384870">
    <ele>70.5</ele>
    <time>2024-09-04T19:11:57Z</time>
   </trkpt>
   <trkpt lat="49.3156000" lon="-123.1385110">
    <ele>70.6</ele>
    <time>2024-09-04T19:11:58Z</time>
   </trkpt>
   <trkpt lat="49.3155700" lon="-123.1385380">
    <ele>70.6</ele>
    <time>2024-09-04T19:11:59Z</time>
   </trkpt>
   <trkpt lat="49.3155400" lon="-123.1385640">
    <ele>70.7</ele>
    <time>2024-09-04T19:12:00Z</time>
   </trkpt>
   <trkpt lat="49.3155090" lon="-123.1385910">
    <ele>70.7</ele>
    <time>2024-09-04T19:12:01Z</time>
   </trkpt>
   <trkpt lat="49.3154790" lon="-123.1386200">
    <ele>70.8</ele>
    <time>2024-09-04T19:12:02Z</time>
   </trkpt>
   <trkpt lat="49.3154470" lon="-123.1386480">
    <ele>70.8</ele>
    <time>2024-09-04T19:12:03Z</time>
   </trkpt>
   <trkpt lat="49.3154150" lon="-123.1386790">
    <ele>70.8</ele>
    <time>2024-09-04T19:12:04Z</time>
   </trkpt>
   <trkpt lat="49.3153780" lon="-123.1387100">
    <ele>70.8</ele>
    <time>2024-09-04T19:12:05Z</time>
   </trkpt>
   <trkpt lat="49.3153440" lon="-123.1387420">
    <ele>70.8</ele>
    <time>2024-09-04T19:12:06Z</time>
   </trkpt>
   <trkpt lat="49.3153080" lon="-123.1387770">
    <ele>70.8</ele>
    <time>2024-09-04T19:12:07Z</time>
   </trkpt>
   <trkpt lat="49.3152700" lon="-123.1388070">
    <ele>70.8</ele>
    <time>2024-09-04T19:12:08Z</time>
   </trkpt>
   <trkpt lat="49.3152320" lon="-123.1388480">
    <ele>70.8</ele>
    <time>2024-09-04T19:12:09Z</time>
   </trkpt>
   <trkpt lat="49.3152000" lon="-123.1388790">
    <ele>70.8</ele>
    <time>2024-09-04T19:12:10Z</time>
   </trkpt>
   <trkpt lat="49.3151600" lon="-123.1389150">
    <ele>70.7</ele>
    <time>2024-09-04T19:12:11Z</time>
   </trkpt>
   <trkpt lat="49.3151200" lon="-123.1389480">
    <ele>70.7</ele>
    <time>2024-09-04T19:12:12Z</time>
   </trkpt>
   <trkpt lat="49.3150800" lon="-123.1389840">
    <ele>70.6</ele>
    <time>2024-09-04T19:12:13Z</time>
   </trkpt>
   <trkpt lat="49.3150410" lon="-123.1390220">
    <ele>70.5</ele>
    <time>2024-09-04T19:12:14Z</time>
   </trkpt>
   <trkpt lat="49.3149990" lon="-123.1390580">
    <ele>70.4</ele>
    <time>2024-09-04T19:12:15Z</time>
   </trkpt>
   <trkpt lat="49.3149590" lon="-123.1390980">
    <ele>70.4</ele>
    <time>2024-09-04T19:12:16Z</time>
   </trkpt>
   <trkpt lat="49.3148740" lon="-123.1391780">
    <ele>70.1</ele>
    <time>2024-09-04T19:12:17Z</time>
   </trkpt>
   <trkpt lat="49.3148320" lon="-123.1392170">
    <ele>70.0</ele>
    <time>2024-09-04T19:12:18Z</time>
   </trkpt>
   <trkpt lat="49.3147900" lon="-123.1392580">
    <ele>69.8</ele>
    <time>2024-09-04T19:12:19Z</time>
   </trkpt>
   <trkpt lat="49.3147470" lon="-123.1392990">
    <ele>69.7</ele>
    <time>2024-09-04T19:12:20Z</time>
   </trkpt>
   <trkpt lat="49.3147050" lon="-123.1393370">
    <ele>69.5</ele>
    <time>2024-09-04T19:12:21Z</time>
   </trkpt>
   <trkpt lat="49.3146630" lon="-123.1393750">
    <ele>69.3</ele>
    <time>2024-09-04T19:12:22Z</time>
   </trkpt>
   <trkpt lat="49.3146220" lon="-123.1394160">
    <ele>69.1</ele>
    <time>2024-09-04T19:12:23Z</time>
   </trkpt>
   <trkpt lat="49.3145790" lon="-123.1394550">
    <ele>69.0</ele>
    <time>2024-09-04T19:12:24Z</time>
   </trkpt>
   <trkpt lat="49.3145340" lon="-123.1394940">
    <ele>68.8</ele>
    <time>2024-09-04T19:12:25Z</time>
   </trkpt>
   <trkpt lat="49.3144910" lon="-123.1395340">
    <ele>68.5</ele>
    <time>2024-09-04T19:12:26Z</time>
   </trkpt>
   <trkpt lat="49.3144470" lon="-123.1395770">
    <ele>68.3</ele>
    <time>2024-09-04T19:12:27Z</time>
   </trkpt>
   <trkpt lat="49.3144050" lon="-123.1396190">
    <ele>68.1</ele>
    <time>2024-09-04T19:12:28Z</time>
   </trkpt>
   <trkpt lat="49.3143600" lon="-123.1396580">
    <ele>67.9</ele>
    <time>2024-09-04T19:12:29Z</time>
   </trkpt>
   <trkpt lat="49.3143150" lon="-123.1396960">
    <ele>67.7</ele>
    <time>2024-09-04T19:12:30Z</time>
   </trkpt>
   <trkpt lat="49.3142710" lon="-123.1397410">
    <ele>67.4</ele>
    <time>2024-09-04T19:12:31Z</time>
   </trkpt>
   <trkpt lat="49.3142260" lon="-123.1397780">
    <ele>67.2</ele>
    <time>2024-09-04T19:12:32Z</time>
   </trkpt>
   <trkpt lat="49.3141800" lon="-123.1398200">
    <ele>67.0</ele>
    <time>2024-09-04T19:12:33Z</time>
   </trkpt>
   <trkpt lat="49.3141340" lon="-123.1398620">
    <ele>66.8</ele>
    <time>2024-09-04T19:12:34Z</time>
   </trkpt>
   <trkpt lat="49.3140880" lon="-123.1399030">
    <ele>66.5</ele>
    <time>2024-09-04T19:12:35Z</time>
   </trkpt>
   <trkpt lat="49.3140420" lon="-123.1399480">
    <ele>66.3</ele>
    <time>2024-09-04T19:12:36Z</time>
   </trkpt>
   <trkpt lat="49.3139960" lon="-123.1399900">
    <ele>66.1</ele>
    <time>2024-09-04T19:12:37Z</time>
   </trkpt>
   <trkpt lat="49.3139490" lon="-123.1400330">
    <ele>65.9</ele>
    <time>2024-09-04T19:12:38Z</time>
   </trkpt>
   <trkpt lat="49.3139010" lon="-123.1400750">
    <ele>65.7</ele>
    <time>2024-09-04T19:12:39Z</time>
   </trkpt>
   <trkpt lat="49.3138540" lon="-123.1401190">
    <ele>65.5</ele>
    <time>2024-09-04T19:12:40Z</time>
   </trkpt>
   <trkpt lat="49.3138070" lon="-123.1401640">
    <ele>65.3</ele>
    <time>2024-09-04T19:12:41Z</time>
   </trkpt>
   <trkpt lat="49.3137600" lon="-123.1402110">
    <ele>65.2</ele>
    <time>2024-09-04T19:12:42Z</time>
   </trkpt>
   <trkpt lat="49.3137100" lon="-123.1402550">
    <ele>65.1</ele>
    <time>2024-09-04T19:12:43Z</time>
   </trkpt>
   <trkpt lat="49.3136610" lon="-123.1402990">
    <ele>65.1</ele>
    <time>2024-09-04T19:12:44Z</time>
   </trkpt>
   <trkpt lat="49.3136120" lon="-123.1403430">
    <ele>64.8</ele>
    <time>2024-09-04T19:12:45Z</time>
   </trkpt>
   <trkpt lat="49.3135620" lon="-123.1403810">
    <ele>64.5</ele>
    <time>2024-09-04T19:12:46Z</time>
   </trkpt>
   <trkpt lat="49.3135190" lon="-123.1404240">
    <ele>64.3</ele>
    <time>2024-09-04T19:12:47Z</time>
   </trkpt>
   <trkpt lat="49.3134730" lon="-123.1404680">
    <ele>64.0</ele>
    <time>2024-09-04T19:12:48Z</time>
   </trkpt>
   <trkpt lat="49.3134300" lon="-123.1405050">
    <ele>63.7</ele>
    <time>2024-09-04T19:12:49Z</time>
   </trkpt>
   <trkpt lat="49.3133860" lon="-123.1405430">
    <ele>63.3</ele>
    <time>2024-09-04T19:12:50Z</time>
   </trkpt>
   <trkpt lat="49.3133040" lon="-123.1406130">
    <ele>62.8</ele>
    <time>2024-09-04T19:12:51Z</time>
   </trkpt>
   <trkpt lat="49.3132500" lon="-123.1406640">
    <ele>62.4</ele>
    <time>2024-09-04T19:12:52Z</time>
   </trkpt>
   <trkpt lat="49.3131980" lon="-123.1407160">
    <ele>62.0</ele>
    <time>2024-09-04T19:12:53Z</time>
   </trkpt>
   <trkpt lat="49.3131470" lon="-123.1407740">
    <ele>61.6</ele>
    <time>2024-09-04T19:12:54Z</time>
   </trkpt>
   <trkpt lat="49.3130900" lon="-123.1408220">
    <ele>61.3</ele>
    <time>2024-09-04T19:12:55Z</time>
   </trkpt>
   <trkpt lat="49.3130330" lon="-123.1408760">
    <ele>60.9</ele>
    <time>2024-09-04T19:12:56Z</time>
   </trkpt>
   <trkpt lat="49.3129720" lon="-123.1409400">
    <ele>60.5</ele>
    <time>2024-09-04T19:12:57Z</time>
   </trkpt>
   <trkpt lat="49.3129150" lon="-123.1410000">
    <ele>60.2</ele>
    <time>2024-09-04T19:12:58Z</time>
   </trkpt>
   <trkpt lat="49.3128520" lon="-123.1410510">
    <ele>59.8</ele>
    <time>2024-09-04T19:12:59Z</time>
   </trkpt>
   <trkpt lat="49.3127890" lon="-123.1411070">
    <ele>59.4</ele>
    <time>2024-09-04T19:13:00Z</time>
   </trkpt>
   <trkpt lat="49.3127210" lon="-123.1411620">
    <ele>59.0</ele>
    <time>2024-09-04T19:13:01Z</time>
   </trkpt>
   <trkpt lat="49.3126570" lon="-123.1412230">
    <ele>58.7</ele>
    <time>2024-09-04T19:13:02Z</time>
   </trkpt>
   <trkpt lat="49.3125930" lon="-123.1412790">
    <ele>58.3</ele>
    <time>2024-09-04T19:13:03Z</time>
   </trkpt>
   <trkpt lat="49.3125270" lon="-123.1413400">
    <ele>58.0</ele>
    <time>2024-09-04T19:13:04Z</time>
   </trkpt>
   <trkpt lat="49.3124620" lon="-123.1413990">
    <ele>57.6</ele>
    <time>2024-09-04T19:13:05Z</time>
   </trkpt>
   <trkpt lat="49.3123980" lon="-123.1414550">
    <ele>57.4</ele>
    <time>2024-09-04T19:13:06Z</time>
   </trkpt>
   <trkpt lat="49.3123360" lon="-123.1415180">
    <ele>57.1</ele>
    <time>2024-09-04T19:13:07Z</time>
   </trkpt>
   <trkpt lat="49.3122670" lon="-123.1415820">
    <ele>56.8</ele>
    <time>2024-09-04T19:13:08Z</time>
   </trkpt>
   <trkpt lat="49.3121960" lon="-123.1416470">
    <ele>56.5</ele>
    <time>2024-09-04T19:13:09Z</time>
   </trkpt>
   <trkpt lat="49.3121270" lon="-123.1417080">
    <ele>56.2</ele>
    <time>2024-09-04T19:13:10Z</time>
   </trkpt>
   <trkpt lat="49.3120570" lon="-123.1417840">
    <ele>55.9</ele>
    <time>2024-09-04T19:13:11Z</time>
   </trkpt>
   <trkpt lat="49.3120020" lon="-123.1418550">
    <ele>55.8</ele>
    <time>2024-09-04T19:13:12Z</time>
   </trkpt>
   <trkpt lat="49.3119440" lon="-123.1419430">
    <ele>55.9</ele>
    <time>2024-09-04T19:13:13Z</time>
   </trkpt>
   <trkpt lat="49.3118850" lon="-123.1420170">
    <ele>55.8</ele>
    <time>2024-09-04T19:13:14Z</time>
   </trkpt>
   <trkpt lat="49.3118410" lon="-123.1420520">
    <ele>55.8</ele>
    <time>2024-09-04T19:13:15Z</time>
   </trkpt>
   <trkpt lat="49.3117860" lon="-123.1420890">
    <ele>55.8</ele>
    <time>2024-09-04T19:13:16Z</time>
   </trkpt>
   <trkpt lat="49.3117090" lon="-123.1421140">
    <ele>55.8</ele>
    <time>2024-09-04T19:13:17Z</time>
   </trkpt>
   <trkpt lat="49.3116630" lon="-123.1421640">
    <ele>55.9</ele>
    <time>2024-09-04T19:13:18Z</time>
   </trkpt>
   <trkpt lat="49.3116190" lon="-123.1422090">
    <ele>56.0</ele>
    <time>2024-09-04T19:13:19Z</time>
   </trkpt>
   <trkpt lat="49.3115760" lon="-123.1422450">
    <ele>56.0</ele>
    <time>2024-09-04T19:13:20Z</time>
   </trkpt>
   <trkpt lat="49.3115270" lon="-123.1422710">
    <ele>56.1</ele>
    <time>2024-09-04T19:13:21Z</time>
   </trkpt>
   <trkpt lat="49.3114800" lon="-123.1422920">
    <ele>56.2</ele>
    <time>2024-09-04T19:13:22Z</time>
   </trkpt>
   <trkpt lat="49.3114440" lon="-123.1423220">
    <ele>56.4</ele>
    <time>2024-09-04T19:13:23Z</time>
   </trkpt>
   <trkpt lat="49.3114030" lon="-123.1423570">
    <ele>56.5</ele>
    <time>2024-09-04T19:13:24Z</time>
   </trkpt>
   <trkpt lat="49.3113660" lon="-123.1424050">
    <ele>56.7</ele>
    <time>2024-09-04T19:13:25Z</time>
   </trkpt>
   <trkpt lat="49.3113320" lon="-123.1424440">
    <ele>56.9</ele>
    <time>2024-09-04T19:13:26Z</time>
   </trkpt>
   <trkpt lat="49.3112990" lon="-123.1424820">
    <ele>57.1</ele>
    <time>2024-09-04T19:13:27Z</time>
   </trkpt>
   <trkpt lat="49.3112590" lon="-123.1425150">
    <ele>57.3</ele>
    <time>2024-09-04T19:13:28Z</time>
   </trkpt>
   <trkpt lat="49.3112220" lon="-123.1425460">
    <ele>57.5</ele>
    <time>2024-09-04T19:13:29Z</time>
   </trkpt>
   <trkpt lat="49.3111880" lon="-123.1425740">
    <ele>57.7</ele>
    <time>2024-09-04T19:13:30Z</time>
   </trkpt>
   <trkpt lat="49.3111520" lon="-123.1426240">
    <ele>57.9</ele>
    <time>2024-09-04T19:13:31Z</time>
   </trkpt>
   <trkpt lat="49.3111250" lon="-123.1426600">
    <ele>58.1</ele>
    <time>2024-09-04T19:13:32Z</time>
   </trkpt>
   <trkpt lat="49.3110910" lon="-123.1426490">
    <ele>58.2</ele>
    <time>2024-09-04T19:13:33Z</time>
   </trkpt>
   <trkpt lat="49.3110580" lon="-123.1426920">
    <ele>58.4</ele>
    <time>2024-09-04T19:13:34Z</time>
   </trkpt>
   <trkpt lat="49.3110100" lon="-123.1427320">
    <ele>58.6</ele>
    <time>2024-09-04T19:13:35Z</time>
   </trkpt>
   <trkpt lat="49.3109780" lon="-123.1427710">
    <ele>58.7</ele>
    <time>2024-09-04T19:13:36Z</time>
   </trkpt>
   <trkpt lat="49.3109420" lon="-123.1428050">
    <ele>58.9</ele>
    <time>2024-09-04T19:13:37Z</time>
   </trkpt>
   <trkpt lat="49.3109050" lon="-123.1428390">
    <ele>59.0</ele>
    <time>2024-09-04T19:13:38Z</time>
   </trkpt>
   <trkpt lat="49.3108700" lon="-123.1428690">
    <ele>59.2</ele>
    <time>2024-09-04T19:13:39Z</time>
   </trkpt>
   <trkpt lat="49.3108320" lon="-123.1429030">
    <ele>59.3</ele>
    <time>2024-09-04T19:13:40Z</time>
   </trkpt>
   <trkpt lat="49.3107990" lon="-123.1429330">
    <ele>59.5</ele>
    <time>2024-09-04T19:13:41Z</time>
   </trkpt>
   <trkpt lat="49.3107640" lon="-123.1429690">
    <ele>59.6</ele>
    <time>2024-09-04T19:13:42Z</time>
   </trkpt>
   <trkpt lat="49.3107230" lon="-123.1430000">
    <ele>59.7</ele>
    <time>2024-09-04T19:13:43Z</time>
   </trkpt>
   <trkpt lat="49.3106860" lon="-123.1430320">
    <ele>59.8</ele>
    <time>2024-09-04T19:13:44Z</time>
   </trkpt>
   <trkpt lat="49.3106450" lon="-123.1430750">
    <ele>60.0</ele>
    <time>2024-09-04T19:13:45Z</time>
   </trkpt>
   <trkpt lat="49.3106070" lon="-123.1431130">
    <ele>60.1</ele>
    <time>2024-09-04T19:13:46Z</time>
   </trkpt>
   <trkpt lat="49.3105640" lon="-123.1431500">
    <ele>60.2</ele>
    <time>2024-09-04T19:13:48Z</time>
   </trkpt>
   <trkpt lat="49.3105160" lon="-123.1431800">
    <ele>60.2</ele>
    <time>2024-09-04T19:13:49Z</time>
   </trkpt>
   <trkpt lat="49.3104780" lon="-123.1432250">
    <ele>60.3</ele>
    <time>2024-09-04T19:13:50Z</time>
   </trkpt>
   <trkpt lat="49.3104440" lon="-123.1432700">
    <ele>60.3</ele>
    <time>2024-09-04T19:13:51Z</time>
   </trkpt>
   <trkpt lat="49.3104130" lon="-123.1433210">
    <ele>60.3</ele>
    <time>2024-09-04T19:13:52Z</time>
   </trkpt>
   <trkpt lat="49.3103720" lon="-123.1433590">
    <ele>60.4</ele>
    <time>2024-09-04T19:13:53Z</time>
   </trkpt>
   <trkpt lat="49.3103350" lon="-123.1433920">
    <ele>60.4</ele>
    <time>2024-09-04T19:13:54Z</time>
   </trkpt>
   <trkpt lat="49.3102970" lon="-123.1434240">
    <ele>60.4</ele>
    <time>2024-09-04T19:13:55Z</time>
   </trkpt>
   <trkpt lat="49.3102600" lon="-123.1434550">
    <ele>60.4</ele>
    <time>2024-09-04T19:13:56Z</time>
   </trkpt>
   <trkpt lat="49.3102230" lon="-123.1434810">
    <ele>60.4</ele>
    <time>2024-09-04T19:13:57Z</time>
   </trkpt>
   <trkpt lat="49.3101860" lon="-123.1435110">
    <ele>60.5</ele>
    <time>2024-09-04T19:13:58Z</time>
   </trkpt>
   <trkpt lat="49.3101510" lon="-123.1435420">
    <ele>60.5</ele>
    <time>2024-09-04T19:13:59Z</time>
   </trkpt>
   <trkpt lat="49.3101150" lon="-123.1435670">
    <ele>60.5</ele>
    <time>2024-09-04T19:14:00Z</time>
   </trkpt>
   <trkpt lat="49.3100800" lon="-123.1435970">
    <ele>60.5</ele>
    <time>2024-09-04T19:14:01Z</time>
   </trkpt>
   <trkpt lat="49.3100420" lon="-123.1436360">
    <ele>60.5</ele>
    <time>2024-09-04T19:14:02Z</time>
   </trkpt>
   <trkpt lat="49.3100060" lon="-123.1436650">
    <ele>60.5</ele>
    <time>2024-09-04T19:14:03Z</time>
   </trkpt>
   <trkpt lat="49.3099650" lon="-123.1436940">
    <ele>60.5</ele>
    <time>2024-09-04T19:14:04Z</time>
   </trkpt>
   <trkpt lat="49.3099310" lon="-123.1437310">
    <ele>60.5</ele>
    <time>2024-09-04T19:14:05Z</time>
   </trkpt>
   <trkpt lat="49.3098970" lon="-123.1437630">
    <ele>60.5</ele>
    <time>2024-09-04T19:14:06Z</time>
   </trkpt>
   <trkpt lat="49.3098600" lon="-123.1438170">
    <ele>60.5</ele>
    <time>2024-09-04T19:14:07Z</time>
   </trkpt>
   <trkpt lat="49.3098330" lon="-123.1438540">
    <ele>60.5</ele>
    <time>2024-09-04T19:14:08Z</time>
   </trkpt>
   <trkpt lat="49.3098200" lon="-123.1438790">
    <ele>60.5</ele>
    <time>2024-09-04T19:14:09Z</time>
   </trkpt>
   <trkpt lat="49.3098150" lon="-123.1438940">
    <ele>60.5</ele>
    <time>2024-09-04T19:14:10Z</time>
   </trkpt>
   <trkpt lat="49.3098180" lon="-123.1439100">
    <ele>60.5</ele>
    <time>2024-09-04T19:14:11Z</time>
   </trkpt>
   <trkpt lat="49.3098170" lon="-123.1439210">
    <ele>60.5</ele>
    <time>2024-09-04T19:14:12Z</time>
   </trkpt>
   <trkpt lat="49.3098180" lon="-123.1439210">
    <ele>60.5</ele>
    <time>2024-09-04T19:14:13Z</time>
   </trkpt>
   <trkpt lat="49.3098180" lon="-123.1439220">
    <ele>60.5</ele>
    <time>2024-09-04T19:14:14Z</time>
   </trkpt>
   <trkpt lat="49.3098180" lon="-123.1439230">
    <ele>60.5</ele>
    <time>2024-09-04T19:14:15Z</time>
   </trkpt>
   <trkpt lat="49.3098180" lon="-123.1439230">
    <ele>60.5</ele>
    <time>2024-09-04T19:14:16Z</time>
   </trkpt>
   <trkpt lat="49.3098170" lon="-123.1439380">
    <ele>60.5</ele>
    <time>2024-09-04T19:14:17Z</time>
   </trkpt>
   <trkpt lat="49.3098160" lon="-123.1439830">
    <ele>60.5</ele>
    <time>2024-09-04T19:14:18Z</time>
   </trkpt>
   <trkpt lat="49.3098130" lon="-123.1439970">
    <ele>60.6</ele>
    <time>2024-09-04T19:14:19Z</time>
   </trkpt>
   <trkpt lat="49.3098190" lon="-123.1440650">
    <ele>60.6</ele>
    <time>2024-09-04T19:14:20Z</time>
   </trkpt>
   <trkpt lat="49.3098200" lon="-123.1440940">
    <ele>60.6</ele>
    <time>2024-09-04T19:14:21Z</time>
   </trkpt>
   <trkpt lat="49.3098500" lon="-123.1442030">
    <ele>60.9</ele>
    <time>2024-09-04T19:14:22Z</time>
   </trkpt>
   <trkpt lat="49.3098810" lon="-123.1442550">
    <ele>61.1</ele>
    <time>2024-09-04T19:14:23Z</time>
   </trkpt>
   <trkpt lat="49.3098980" lon="-123.1443100">
    <ele>61.3</ele>
    <time>2024-09-04T19:14:24Z</time>
   </trkpt>
   <trkpt lat="49.3099220" lon="-123.1443510">
    <ele>61.5</ele>
    <time>2024-09-04T19:14:25Z</time>
   </trkpt>
   <trkpt lat="49.3099460" lon="-123.1443880">
    <ele>61.8</ele>
    <time>2024-09-04T19:14:26Z</time>
   </trkpt>
   <trkpt lat="49.3099780" lon="-123.1444180">
    <ele>62.0</ele>
    <time>2024-09-04T19:14:27Z</time>
   </trkpt>
   <trkpt lat="49.3100060" lon="-123.1444450">
    <ele>62.2</ele>
    <time>2024-09-04T19:14:28Z</time>
   </trkpt>
   <trkpt lat="49.3100450" lon="-123.1444590">
    <ele>62.5</ele>
    <time>2024-09-04T19:14:29Z</time>
   </trkpt>
   <trkpt lat="49.3100800" lon="-123.1444750">
    <ele>62.8</ele>
    <time>2024-09-04T19:14:30Z</time>
   </trkpt>
   <trkpt lat="49.3101140" lon="-123.1444880">
    <ele>63.0</ele>
    <time>2024-09-04T19:14:31Z</time>
   </trkpt>
   <trkpt lat="49.3101520" lon="-123.1444990">
    <ele>63.3</ele>
    <time>2024-09-04T19:14:32Z</time>
   </trkpt>
   <trkpt lat="49.3101840" lon="-123.1444970">
    <ele>63.5</ele>
    <time>2024-09-04T19:14:33Z</time>
   </trkpt>
   <trkpt lat="49.3102160" lon="-123.1444980">
    <ele>63.6</ele>
    <time>2024-09-04T19:14:34Z</time>
   </trkpt>
   <trkpt lat="49.3102370" lon="-123.1444890">
    <ele>63.7</ele>
    <time>2024-09-04T19:14:35Z</time>
   </trkpt>
   <trkpt lat="49.3102500" lon="-123.1444830">
    <ele>63.8</ele>
    <time>2024-09-04T19:14:36Z</time>
   </trkpt>
   <trkpt lat="49.3102800" lon="-123.1444740">
    <ele>63.9</ele>
    <time>2024-09-04T19:14:37Z</time>
   </trkpt>
   <trkpt lat="49.3103250" lon="-123.1444370">
    <ele>64.1</ele>
    <time>2024-09-04T19:14:38Z</time>
   </trkpt>
   <trkpt lat="49.3103590" lon="-123.1444020">
    <ele>64.2</ele>
    <time>2024-09-04T19:14:39Z</time>
   </trkpt>
   <trkpt lat="49.3103890" lon="-123.1443730">
    <ele>64.3</ele>
    <time>2024-09-04T19:14:40Z</time>
   </trkpt>
   <trkpt lat="49.3104150" lon="-123.1443430">
    <ele>64.4</ele>
    <time>2024-09-04T19:14:41Z</time>
   </trkpt>
   <trkpt lat="49.3104410" lon="-123.1443090">
    <ele>64.4</ele>
    <time>2024-09-04T19:14:42Z</time>
   </trkpt>
   <trkpt lat="49.3104700" lon="-123.1442680">
    <ele>64.5</ele>
    <time>2024-09-04T19:14:43Z</time>
   </trkpt>
   <trkpt lat="49.3104970" lon="-123.1442280">
    <ele>64.6</ele>
    <time>2024-09-04T19:14:44Z</time>
   </trkpt>
   <trkpt lat="49.3105220" lon="-123.1441870">
    <ele>64.7</ele>
    <time>2024-09-04T19:14:45Z</time>
   </trkpt>
   <trkpt lat="49.3105520" lon="-123.1441410">
    <ele>64.7</ele>
    <time>2024-09-04T19:14:46Z</time>
   </trkpt>
   <trkpt lat="49.3105800" lon="-123.1440990">
    <ele>64.8</ele>
    <time>2024-09-04T19:14:47Z</time>
   </trkpt>
   <trkpt lat="49.3106070" lon="-123.1440610">
    <ele>64.8</ele>
    <time>2024-09-04T19:14:48Z</time>
   </trkpt>
   <trkpt lat="49.3106320" lon="-123.1440230">
    <ele>64.9</ele>
    <time>2024-09-04T19:14:49Z</time>
   </trkpt>
   <trkpt lat="49.3106560" lon="-123.1439850">
    <ele>64.9</ele>
    <time>2024-09-04T19:14:50Z</time>
   </trkpt>
   <trkpt lat="49.3106820" lon="-123.1439320">
    <ele>65.0</ele>
    <time>2024-09-04T19:14:51Z</time>
   </trkpt>
   <trkpt lat="49.3107120" lon="-123.1438890">
    <ele>65.0</ele>
    <time>2024-09-04T19:14:52Z</time>
   </trkpt>
   <trkpt lat="49.3107410" lon="-123.1438460">
    <ele>65.1</ele>
    <time>2024-09-04T19:14:53Z</time>
   </trkpt>
   <trkpt lat="49.3107700" lon="-123.1438000">
    <ele>65.1</ele>
    <time>2024-09-04T19:14:54Z</time>
   </trkpt>
   <trkpt lat="49.3107980" lon="-123.1437540">
    <ele>65.2</ele>
    <time>2024-09-04T19:14:55Z</time>
   </trkpt>
   <trkpt lat="49.3108250" lon="-123.1437130">
    <ele>65.2</ele>
    <time>2024-09-04T19:14:56Z</time>
   </trkpt>
   <trkpt lat="49.3108550" lon="-123.1436740">
    <ele>65.3</ele>
    <time>2024-09-04T19:14:57Z</time>
   </trkpt>
   <trkpt lat="49.3108860" lon="-123.1436390">
    <ele>65.3</ele>
    <time>2024-09-04T19:14:58Z</time>
   </trkpt>
   <trkpt lat="49.3109150" lon="-123.1435930">
    <ele>65.4</ele>
    <time>2024-09-04T19:14:59Z</time>
   </trkpt>
   <trkpt lat="49.3109480" lon="-123.1435410">
    <ele>65.5</ele>
    <time>2024-09-04T19:15:00Z</time>
   </trkpt>
   <trkpt lat="49.3109810" lon="-123.1435100">
    <ele>65.5</ele>
    <time>2024-09-04T19:15:01Z</time>
   </trkpt>
   <trkpt lat="49.3110100" lon="-123.1434610">
    <ele>65.6</ele>
    <time>2024-09-04T19:15:02Z</time>
   </trkpt>
   <trkpt lat="49.3110350" lon="-123.1434300">
    <ele>65.7</ele>
    <time>2024-09-04T19:15:03Z</time>
   </trkpt>
   <trkpt lat="49.3110720" lon="-123.1433910">
    <ele>65.8</ele>
    <time>2024-09-04T19:15:04Z</time>
   </trkpt>
   <trkpt lat="49.3111070" lon="-123.1433510">
    <ele>65.9</ele>
    <time>2024-09-04T19:15:05Z</time>
   </trkpt>
   <trkpt lat="49.3111410" lon="-123.1433120">
    <ele>66.0</ele>
    <time>2024-09-04T19:15:06Z</time>
   </trkpt>
   <trkpt lat="49.3111680" lon="-123.1432820">
    <ele>66.1</ele>
    <time>2024-09-04T19:15:07Z</time>
   </trkpt>
   <trkpt lat="49.3111940" lon="-123.1432400">
    <ele>66.2</ele>
    <time>2024-09-04T19:15:08Z</time>
   </trkpt>
   <trkpt lat="49.3112360" lon="-123.1432020">
    <ele>66.3</ele>
    <time>2024-09-04T19:15:09Z</time>
   </trkpt>
   <trkpt lat="49.3112610" lon="-123.1431690">
    <ele>66.4</ele>
    <time>2024-09-04T19:15:10Z</time>
   </trkpt>
   <trkpt lat="49.3112890" lon="-123.1431310">
    <ele>66.5</ele>
    <time>2024-09-04T19:15:11Z</time>
   </trkpt>
   <trkpt lat="49.3113200" lon="-123.1431030">
    <ele>66.6</ele>
    <time>2024-09-04T19:15:12Z</time>
   </trkpt>
   <trkpt lat="49.3113510" lon="-123.1430760">
    <ele>66.8</ele>
    <time>2024-09-04T19:15:13Z</time>
   </trkpt>
   <trkpt lat="49.3113790" lon="-123.1430380">
    <ele>66.9</ele>
    <time>2024-09-04T19:15:14Z</time>
   </trkpt>
   <trkpt lat="49.3114080" lon="-123.1430050">
    <ele>67.0</ele>
    <time>2024-09-04T19:15:15Z</time>
   </trkpt>
   <trkpt lat="49.3114360" lon="-123.1429760">
    <ele>67.1</ele>
    <time>2024-09-04T19:15:16Z</time>
   </trkpt>
   <trkpt lat="49.3114640" lon="-123.1429420">
    <ele>67.1</ele>
    <time>2024-09-04T19:15:17Z</time>
   </trkpt>
   <trkpt lat="49.3114940" lon="-123.1429110">
    <ele>67.2</ele>
    <time>2024-09-04T19:15:18Z</time>
   </trkpt>
   <trkpt lat="49.3115260" lon="-123.1428840">
    <ele>67.2</ele>
    <time>2024-09-04T19:15:19Z</time>
   </trkpt>
   <trkpt lat="49.3115590" lon="-123.1428660">
    <ele>67.2</ele>
    <time>2024-09-04T19:15:20Z</time>
   </trkpt>
   <trkpt lat="49.3115920" lon="-123.1428520">
    <ele>67.3</ele>
    <time>2024-09-04T19:15:21Z</time>
   </trkpt>
   <trkpt lat="49.3116230" lon="-123.1428510">
    <ele>67.3</ele>
    <time>2024-09-04T19:15:22Z</time>
   </trkpt>
   <trkpt lat="49.3116580" lon="-123.1428500">
    <ele>67.4</ele>
    <time>2024-09-04T19:15:23Z</time>
   </trkpt>
   <trkpt lat="49.3116910" lon="-123.1428500">
    <ele>67.6</ele>
    <time>2024-09-04T19:15:24Z</time>
   </trkpt>
   <trkpt lat="49.3117220" lon="-123.1428530">
    <ele>67.7</ele>
    <time>2024-09-04T19:15:25Z</time>
   </trkpt>
   <trkpt lat="49.3117570" lon="-123.1428600">
    <ele>67.8</ele>
    <time>2024-09-04T19:15:26Z</time>
   </trkpt>
   <trkpt lat="49.3117930" lon="-123.1428700">
    <ele>67.9</ele>
    <time>2024-09-04T19:15:27Z</time>
   </trkpt>
   <trkpt lat="49.3118290" lon="-123.1428760">
    <ele>68.0</ele>
    <time>2024-09-04T19:15:28Z</time>
   </trkpt>
   <trkpt lat="49.3118660" lon="-123.1428790">
    <ele>68.1</ele>
    <time>2024-09-04T19:15:29Z</time>
   </trkpt>
   <trkpt lat="49.3118950" lon="-123.1428830">
    <ele>68.3</ele>
    <time>2024-09-04T19:15:30Z</time>
   </trkpt>
   <trkpt lat="49.3119360" lon="-123.1428840">
    <ele>68.5</ele>
    <time>2024-09-04T19:15:31Z</time>
   </trkpt>
   <trkpt lat="49.3119750" lon="-123.1428830">
    <ele>68.7</ele>
    <time>2024-09-04T19:15:32Z</time>
   </trkpt>
   <trkpt lat="49.3120130" lon="-123.1428880">
    <ele>68.9</ele>
    <time>2024-09-04T19:15:33Z</time>
   </trkpt>
   <trkpt lat="49.3120510" lon="-123.1428950">
    <ele>69.2</ele>
    <time>2024-09-04T19:15:34Z</time>
   </trkpt>
   <trkpt lat="49.3120890" lon="-123.1429010">
    <ele>69.4</ele>
    <time>2024-09-04T19:15:35Z</time>
   </trkpt>
   <trkpt lat="49.3121240" lon="-123.1429090">
    <ele>69.6</ele>
    <time>2024-09-04T19:15:36Z</time>
   </trkpt>
   <trkpt lat="49.3121620" lon="-123.1429170">
    <ele>69.8</ele>
    <time>2024-09-04T19:15:37Z</time>
   </trkpt>
   <trkpt lat="49.3121990" lon="-123.1429330">
    <ele>70.0</ele>
    <time>2024-09-04T19:15:38Z</time>
   </trkpt>
   <trkpt lat="49.3122370" lon="-123.1429570">
    <ele>70.2</ele>
    <time>2024-09-04T19:15:39Z</time>
   </trkpt>
   <trkpt lat="49.3122710" lon="-123.1429880">
    <ele>70.3</ele>
    <time>2024-09-04T19:15:40Z</time>
   </trkpt>
   <trkpt lat="49.3123050" lon="-123.1430230">
    <ele>70.5</ele>
    <time>2024-09-04T19:15:41Z</time>
   </trkpt>
   <trkpt lat="49.3123330" lon="-123.1430730">
    <ele>70.6</ele>
    <time>2024-09-04T19:15:42Z</time>
   </trkpt>
   <trkpt lat="49.3123570" lon="-123.1431240">
    <ele>70.8</ele>
    <time>2024-09-04T19:15:43Z</time>
   </trkpt>
   <trkpt lat="49.3123820" lon="-123.1431780">
    <ele>70.9</ele>
    <time>2024-09-04T19:15:44Z</time>
   </trkpt>
   <trkpt lat="49.3124020" lon="-123.1432350">
    <ele>70.9</ele>
    <time>2024-09-04T19:15:45Z</time>
   </trkpt>
   <trkpt lat="49.3124200" lon="-123.1432930">
    <ele>70.9</ele>
    <time>2024-09-04T19:15:46Z</time>
   </trkpt>
   <trkpt lat="49.3124390" lon="-123.1433530">
    <ele>70.9</ele>
    <time>2024-09-04T19:15:47Z</time>
   </trkpt>
   <trkpt lat="49.3124550" lon="-123.1434150">
    <ele>70.8</ele>
    <time>2024-09-04T19:15:48Z</time>
   </trkpt>
   <trkpt lat="49.3124690" lon="-123.1434800">
    <ele>70.8</ele>
    <time>2024-09-04T19:15:49Z</time>
   </trkpt>
   <trkpt lat="49.3124770" lon="-123.1435480">
    <ele>70.7</ele>
    <time>2024-09-04T19:15:50Z</time>
   </trkpt>
   <trkpt lat="49.3124810" lon="-123.1436160">
    <ele>70.7</ele>
    <time>2024-09-04T19:15:51Z</time>
   </trkpt>
   <trkpt lat="49.3124800" lon="-123.1436850">
    <ele>70.6</ele>
    <time>2024-09-04T19:15:52Z</time>
   </trkpt>
   <trkpt lat="49.3124840" lon="-123.1437530">
    <ele>70.6</ele>
    <time>2024-09-04T19:15:54Z</time>
   </trkpt>
   <trkpt lat="49.3124920" lon="-123.1438190">
    <ele>70.5</ele>
    <time>2024-09-04T19:15:55Z</time>
   </trkpt>
   <trkpt lat="49.3125040" lon="-123.1438860">
    <ele>70.5</ele>
    <time>2024-09-04T19:15:56Z</time>
   </trkpt>
   <trkpt lat="49.3125160" lon="-123.1439530">
    <ele>70.4</ele>
    <time>2024-09-04T19:15:57Z</time>
   </trkpt>
   <trkpt lat="49.3125270" lon="-123.1440180">
    <ele>70.4</ele>
    <time>2024-09-04T19:15:58Z</time>
   </trkpt>
   <trkpt lat="49.3125370" lon="-123.1440850">
    <ele>70.3</ele>
    <time>2024-09-04T19:15:59Z</time>
   </trkpt>
   <trkpt lat="49.3125430" lon="-123.1441520">
    <ele>70.3</ele>
    <time>2024-09-04T19:16:00Z</time>
   </trkpt>
   <trkpt lat="49.3125440" lon="-123.1442180">
    <ele>70.3</ele>
    <time>2024-09-04T19:16:01Z</time>
   </trkpt>
   <trkpt lat="49.3125370" lon="-123.1442790">
    <ele>70.2</ele>
    <time>2024-09-04T19:16:02Z</time>
   </trkpt>
   <trkpt lat="49.3125240" lon="-123.1443440">
    <ele>70.1</ele>
    <time>2024-09-04T19:16:03Z</time>
   </trkpt>
   <trkpt lat="49.3125250" lon="-123.1444090">
    <ele>70.1</ele>
    <time>2024-09-04T19:16:04Z</time>
   </trkpt>
   <trkpt lat="49.3125250" lon="-123.1444740">
    <ele>70.0</ele>
    <time>2024-09-04T19:16:05Z</time>
   </trkpt>
   <trkpt lat="49.3125160" lon="-123.1445390">
    <ele>70.0</ele>
    <time>2024-09-04T19:16:06Z</time>
   </trkpt>
   <trkpt lat="49.3124940" lon="-123.1445960">
    <ele>69.9</ele>
    <time>2024-09-04T19:16:07Z</time>
   </trkpt>
   <trkpt lat="49.3124690" lon="-123.1446560">
    <ele>69.8</ele>
    <time>2024-09-04T19:16:08Z</time>
   </trkpt>
   <trkpt lat="49.3124320" lon="-123.1447070">
    <ele>69.6</ele>
    <time>2024-09-04T19:16:09Z</time>
   </trkpt>
   <trkpt lat="49.3123960" lon="-123.1447580">
    <ele>69.4</ele>
    <time>2024-09-04T19:16:10Z</time>
   </trkpt>
   <trkpt lat="49.3123560" lon="-123.1448120">
    <ele>69.2</ele>
    <time>2024-09-04T19:16:11Z</time>
   </trkpt>
   <trkpt lat="49.3123130" lon="-123.1448630">
    <ele>68.9</ele>
    <time>2024-09-04T19:16:12Z</time>
   </trkpt>
   <trkpt lat="49.3122680" lon="-123.1449170">
    <ele>68.7</ele>
    <time>2024-09-04T19:16:13Z</time>
   </trkpt>
   <trkpt lat="49.3122270" lon="-123.1449800">
    <ele>68.4</ele>
    <time>2024-09-04T19:16:14Z</time>
   </trkpt>
   <trkpt lat="49.3121870" lon="-123.1450480">
    <ele>68.2</ele>
    <time>2024-09-04T19:16:15Z</time>
   </trkpt>
   <trkpt lat="49.3121470" lon="-123.1451180">
    <ele>68.0</ele>
    <time>2024-09-04T19:16:16Z</time>
   </trkpt>
   <trkpt lat="49.3121100" lon="-123.1451920">
    <ele>67.8</ele>
    <time>2024-09-04T19:16:17Z</time>
   </trkpt>
   <trkpt lat="49.3120740" lon="-123.1452640">
    <ele>67.7</ele>
    <time>2024-09-04T19:16:18Z</time>
   </trkpt>
   <trkpt lat="49.3120430" lon="-123.1453350">
    <ele>67.6</ele>
    <time>2024-09-04T19:16:19Z</time>
   </trkpt>
   <trkpt lat="49.3120160" lon="-123.1454090">
    <ele>67.6</ele>
    <time>2024-09-04T19:16:20Z</time>
   </trkpt>
   <trkpt lat="49.3119820" lon="-123.1454710">
    <ele>67.6</ele>
    <time>2024-09-04T19:16:21Z</time>
   </trkpt>
   <trkpt lat="49.3119560" lon="-123.1455430">
    <ele>67.6</ele>
    <time>2024-09-04T19:16:22Z</time>
   </trkpt>
   <trkpt lat="49.3119320" lon="-123.1456190">
    <ele>67.7</ele>
    <time>2024-09-04T19:16:23Z</time>
   </trkpt>
   <trkpt lat="49.3119080" lon="-123.1456920">
    <ele>67.8</ele>
    <time>2024-09-04T19:16:24Z</time>
   </trkpt>
   <trkpt lat="49.3118840" lon="-123.1457630">
    <ele>67.9</ele>
    <time>2024-09-04T19:16:25Z</time>
   </trkpt>
   <trkpt lat="49.3118640" lon="-123.1458360">
    <ele>68.0</ele>
    <time>2024-09-04T19:16:26Z</time>
   </trkpt>
   <trkpt lat="49.3118430" lon="-123.1459070">
    <ele>68.2</ele>
    <time>2024-09-04T19:16:27Z</time>
   </trkpt>
   <trkpt lat="49.3118230" lon="-123.1459760">
    <ele>68.3</ele>
    <time>2024-09-04T19:16:28Z</time>
   </trkpt>
   <trkpt lat="49.3117800" lon="-123.1461140">
    <ele>68.7</ele>
    <time>2024-09-04T19:16:29Z</time>
   </trkpt>
   <trkpt lat="49.3117580" lon="-123.1461830">
    <ele>68.8</ele>
    <time>2024-09-04T19:16:30Z</time>
   </trkpt>
   <trkpt lat="49.3117360" lon="-123.1462520">
    <ele>69.0</ele>
    <time>2024-09-04T19:16:31Z</time>
   </trkpt>
   <trkpt lat="49.3117170" lon="-123.1463200">
    <ele>69.1</ele>
    <time>2024-09-04T19:16:32Z</time>
   </trkpt>
   <trkpt lat="49.3116980" lon="-123.1463890">
    <ele>69.3</ele>
    <time>2024-09-04T19:16:33Z</time>
   </trkpt>
   <trkpt lat="49.3116770" lon="-123.1464560">
    <ele>69.4</ele>
    <time>2024-09-04T19:16:34Z</time>
   </trkpt>
   <trkpt lat="49.3116560" lon="-123.1465220">
    <ele>69.5</ele>
    <time>2024-09-04T19:16:35Z</time>
   </trkpt>
   <trkpt lat="49.3116380" lon="-123.1465910">
    <ele>69.7</ele>
    <time>2024-09-04T19:16:36Z</time>
   </trkpt>
   <trkpt lat="49.3116170" lon="-123.1466610">
    <ele>69.8</ele>
    <time>2024-09-04T19:16:37Z</time>
   </trkpt>
   <trkpt lat="49.3115970" lon="-123.1467290">
    <ele>70.0</ele>
    <time>2024-09-04T19:16:38Z</time>
   </trkpt>
   <trkpt lat="49.3115760" lon="-123.1467980">
    <ele>70.1</ele>
    <time>2024-09-04T19:16:39Z</time>
   </trkpt>
   <trkpt lat="49.3115530" lon="-123.1468630">
    <ele>70.2</ele>
    <time>2024-09-04T19:16:40Z</time>
   </trkpt>
   <trkpt lat="49.3115300" lon="-123.1469310">
    <ele>70.3</ele>
    <time>2024-09-04T19:16:41Z</time>
   </trkpt>
   <trkpt lat="49.3115090" lon="-123.1469980">
    <ele>70.4</ele>
    <time>2024-09-04T19:16:42Z</time>
   </trkpt>
   <trkpt lat="49.3114860" lon="-123.1470640">
    <ele>70.5</ele>
    <time>2024-09-04T19:16:43Z</time>
   </trkpt>
   <trkpt lat="49.3114600" lon="-123.1471270">
    <ele>70.6</ele>
    <time>2024-09-04T19:16:44Z</time>
   </trkpt>
   <trkpt lat="49.3114350" lon="-123.1471910">
    <ele>70.8</ele>
    <time>2024-09-04T19:16:45Z</time>
   </trkpt>
   <trkpt lat="49.3114090" lon="-123.1472530">
    <ele>70.9</ele>
    <time>2024-09-04T19:16:46Z</time>
   </trkpt>
   <trkpt lat="49.3113840" lon="-123.1473160">
    <ele>71.0</ele>
    <time>2024-09-04T19:16:47Z</time>
   </trkpt>
   <trkpt lat="49.3113590" lon="-123.1473780">
    <ele>71.1</ele>
    <time>2024-09-04T19:16:48Z</time>
   </trkpt>
   <trkpt lat="49.3113320" lon="-123.1474420">
    <ele>71.2</ele>
    <time>2024-09-04T19:16:49Z</time>
   </trkpt>
   <trkpt lat="49.3113070" lon="-123.1475030">
    <ele>71.3</ele>
    <time>2024-09-04T19:16:50Z</time>
   </trkpt>
   <trkpt lat="49.3112840" lon="-123.1475650">
    <ele>71.5</ele>
    <time>2024-09-04T19:16:51Z</time>
   </trkpt>
   <trkpt lat="49.3112590" lon="-123.1476280">
    <ele>71.6</ele>
    <time>2024-09-04T19:16:52Z</time>
   </trkpt>
   <trkpt lat="49.3112350" lon="-123.1476880">
    <ele>71.7</ele>
    <time>2024-09-04T19:16:53Z</time>
   </trkpt>
   <trkpt lat="49.3112120" lon="-123.1477480">
    <ele>71.8</ele>
    <time>2024-09-04T19:16:54Z</time>
   </trkpt>
   <trkpt lat="49.3111870" lon="-123.1478070">
    <ele>71.9</ele>
    <time>2024-09-04T19:16:55Z</time>
   </trkpt>
   <trkpt lat="49.3111640" lon="-123.1478650">
    <ele>72.0</ele>
    <time>2024-09-04T19:16:56Z</time>
   </trkpt>
   <trkpt lat="49.3111410" lon="-123.1479180">
    <ele>72.1</ele>
    <time>2024-09-04T19:16:57Z</time>
   </trkpt>
   <trkpt lat="49.3111160" lon="-123.1479670">
    <ele>72.2</ele>
    <time>2024-09-04T19:16:58Z</time>
   </trkpt>
   <trkpt lat="49.3110930" lon="-123.1480200">
    <ele>72.4</ele>
    <time>2024-09-04T19:16:59Z</time>
   </trkpt>
   <trkpt lat="49.3110700" lon="-123.1480770">
    <ele>72.5</ele>
    <time>2024-09-04T19:17:00Z</time>
   </trkpt>
   <trkpt lat="49.3110490" lon="-123.1481320">
    <ele>72.6</ele>
    <time>2024-09-04T19:17:01Z</time>
   </trkpt>
   <trkpt lat="49.3110270" lon="-123.1481890">
    <ele>72.7</ele>
    <time>2024-09-04T19:17:02Z</time>
   </trkpt>
   <trkpt lat="49.3110040" lon="-123.1482430">
    <ele>72.9</ele>
    <time>2024-09-04T19:17:03Z</time>
   </trkpt>
   <trkpt lat="49.3109830" lon="-123.1482960">
    <ele>73.0</ele>
    <time>2024-09-04T19:17:04Z</time>
   </trkpt>
   <trkpt lat="49.3109640" lon="-123.1483490">
    <ele>73.2</ele>
    <time>2024-09-04T19:17:05Z</time>
   </trkpt>
   <trkpt lat="49.3109430" lon="-123.1484010">
    <ele>73.3</ele>
    <time>2024-09-04T19:17:06Z</time>
   </trkpt>
   <trkpt lat="49.3109240" lon="-123.1484530">
    <ele>73.5</ele>
    <time>2024-09-04T19:17:07Z</time>
   </trkpt>
   <trkpt lat="49.3109030" lon="-123.1485050">
    <ele>73.7</ele>
    <time>2024-09-04T19:17:08Z</time>
   </trkpt>
   <trkpt lat="49.3108800" lon="-123.1485610">
    <ele>73.9</ele>
    <time>2024-09-04T19:17:09Z</time>
   </trkpt>
   <trkpt lat="49.3108630" lon="-123.1486110">
    <ele>74.0</ele>
    <time>2024-09-04T19:17:10Z</time>
   </trkpt>
   <trkpt lat="49.3108460" lon="-123.1486600">
    <ele>74.2</ele>
    <time>2024-09-04T19:17:11Z</time>
   </trkpt>
   <trkpt lat="49.3108290" lon="-123.1487050">
    <ele>74.4</ele>
    <time>2024-09-04T19:17:12Z</time>
   </trkpt>
   <trkpt lat="49.3108140" lon="-123.1487510">
    <ele>74.5</ele>
    <time>2024-09-04T19:17:13Z</time>
   </trkpt>
   <trkpt lat="49.3107970" lon="-123.1487930">
    <ele>74.6</ele>
    <time>2024-09-04T19:17:14Z</time>
   </trkpt>
   <trkpt lat="49.3107800" lon="-123.1488370">
    <ele>74.7</ele>
    <time>2024-09-04T19:17:15Z</time>
   </trkpt>
   <trkpt lat="49.3107620" lon="-123.1488810">
    <ele>74.8</ele>
    <time>2024-09-04T19:17:16Z</time>
   </trkpt>
   <trkpt lat="49.3107390" lon="-123.1489300">
    <ele>74.9</ele>
    <time>2024-09-04T19:17:17Z</time>
   </trkpt>
   <trkpt lat="49.3107130" lon="-123.1489780">
    <ele>75.0</ele>
    <time>2024-09-04T19:17:18Z</time>
   </trkpt>
   <trkpt lat="49.3106900" lon="-123.1490330">
    <ele>75.1</ele>
    <time>2024-09-04T19:17:19Z</time>
   </trkpt>
   <trkpt lat="49.3106660" lon="-123.1490850">
    <ele>75.1</ele>
    <time>2024-09-04T19:17:20Z</time>
   </trkpt>
   <trkpt lat="49.3106370" lon="-123.1491360">
    <ele>75.1</ele>
    <time>2024-09-04T19:17:21Z</time>
   </trkpt>
   <trkpt lat="49.3106050" lon="-123.1491850">
    <ele>75.2</ele>
    <time>2024-09-04T19:17:22Z</time>
   </trkpt>
   <trkpt lat="49.3105700" lon="-123.1492350">
    <ele>75.2</ele>
    <time>2024-09-04T19:17:23Z</time>
   </trkpt>
   <trkpt lat="49.3105350" lon="-123.1492830">
    <ele>75.2</ele>
    <time>2024-09-04T19:17:24Z</time>
   </trkpt>
   <trkpt lat="49.3104980" lon="-123.1493280">
    <ele>75.0</ele>
    <time>2024-09-04T19:17:25Z</time>
   </trkpt>
   <trkpt lat="49.3104600" lon="-123.1493800">
    <ele>74.8</ele>
    <time>2024-09-04T19:17:26Z</time>
   </trkpt>
   <trkpt lat="49.3104160" lon="-123.1494230">
    <ele>74.5</ele>
    <time>2024-09-04T19:17:27Z</time>
   </trkpt>
   <trkpt lat="49.3103660" lon="-123.1494610">
    <ele>74.2</ele>
    <time>2024-09-04T19:17:28Z</time>
   </trkpt>
   <trkpt lat="49.3103130" lon="-123.1495070">
    <ele>73.8</ele>
    <time>2024-09-04T19:17:29Z</time>
   </trkpt>
   <trkpt lat="49.3102560" lon="-123.1495510">
    <ele>73.4</ele>
    <time>2024-09-04T19:17:30Z</time>
   </trkpt>
   <trkpt lat="49.3101970" lon="-123.1496070">
    <ele>72.9</ele>
    <time>2024-09-04T19:17:31Z</time>
   </trkpt>
   <trkpt lat="49.3101320" lon="-123.1496610">
    <ele>72.4</ele>
    <time>2024-09-04T19:17:32Z</time>
   </trkpt>
   <trkpt lat="49.3100600" lon="-123.1497100">
    <ele>71.8</ele>
    <time>2024-09-04T19:17:33Z</time>
   </trkpt>
   <trkpt lat="49.3099860" lon="-123.1497620">
    <ele>71.3</ele>
    <time>2024-09-04T19:17:34Z</time>
   </trkpt>
   <trkpt lat="49.3099110" lon="-123.1498130">
    <ele>70.7</ele>
    <time>2024-09-04T19:17:35Z</time>
   </trkpt>
   <trkpt lat="49.3098340" lon="-123.1498700">
    <ele>70.1</ele>
    <time>2024-09-04T19:17:36Z</time>
   </trkpt>
   <trkpt lat="49.3097570" lon="-123.1499310">
    <ele>69.6</ele>
    <time>2024-09-04T19:17:37Z</time>
   </trkpt>
   <trkpt lat="49.3096840" lon="-123.1500040">
    <ele>69.1</ele>
    <time>2024-09-04T19:17:38Z</time>
   </trkpt>
   <trkpt lat="49.3096160" lon="-123.1500860">
    <ele>68.7</ele>
    <time>2024-09-04T19:17:39Z</time>
   </trkpt>
   <trkpt lat="49.3095520" lon="-123.1501720">
    <ele>68.4</ele>
    <time>2024-09-04T19:17:40Z</time>
   </trkpt>
   <trkpt lat="49.3094950" lon="-123.1502640">
    <ele>68.2</ele>
    <time>2024-09-04T19:17:41Z</time>
   </trkpt>
   <trkpt lat="49.3094480" lon="-123.1503670">
    <ele>67.9</ele>
    <time>2024-09-04T19:17:42Z</time>
   </trkpt>
   <trkpt lat="49.3094130" lon="-123.1504760">
    <ele>67.8</ele>
    <time>2024-09-04T19:17:43Z</time>
   </trkpt>
   <trkpt lat="49.3093830" lon="-123.1505860">
    <ele>67.6</ele>
    <time>2024-09-04T19:17:44Z</time>
   </trkpt>
   <trkpt lat="49.3093550" lon="-123.1506880">
    <ele>67.5</ele>
    <time>2024-09-04T19:17:45Z</time>
   </trkpt>
   <trkpt lat="49.3093300" lon="-123.1507860">
    <ele>67.4</ele>
    <time>2024-09-04T19:17:46Z</time>
   </trkpt>
   <trkpt lat="49.3093060" lon="-123.1508770">
    <ele>67.3</ele>
    <time>2024-09-04T19:17:47Z</time>
   </trkpt>
   <trkpt lat="49.3092850" lon="-123.1509640">
    <ele>67.2</ele>
    <time>2024-09-04T19:17:48Z</time>
   </trkpt>
   <trkpt lat="49.3092640" lon="-123.1510410">
    <ele>67.1</ele>
    <time>2024-09-04T19:17:49Z</time>
   </trkpt>
   <trkpt lat="49.3092340" lon="-123.1511050">
    <ele>67.0</ele>
    <time>2024-09-04T19:17:50Z</time>
   </trkpt>
   <trkpt lat="49.3092030" lon="-123.1511700">
    <ele>66.9</ele>
    <time>2024-09-04T19:17:51Z</time>
   </trkpt>
   <trkpt lat="49.3091750" lon="-123.1512390">
    <ele>66.7</ele>
    <time>2024-09-04T19:17:52Z</time>
   </trkpt>
   <trkpt lat="49.3091420" lon="-123.1513010">
    <ele>66.6</ele>
    <time>2024-09-04T19:17:53Z</time>
   </trkpt>
   <trkpt lat="49.3091020" lon="-123.1513700">
    <ele>66.4</ele>
    <time>2024-09-04T19:17:54Z</time>
   </trkpt>
   <trkpt lat="49.3090620" lon="-123.1514390">
    <ele>66.2</ele>
    <time>2024-09-04T19:17:55Z</time>
   </trkpt>
   <trkpt lat="49.3090200" lon="-123.1515100">
    <ele>65.9</ele>
    <time>2024-09-04T19:17:56Z</time>
   </trkpt>
   <trkpt lat="49.3089780" lon="-123.1515890">
    <ele>65.7</ele>
    <time>2024-09-04T19:17:57Z</time>
   </trkpt>
   <trkpt lat="49.3089400" lon="-123.1516750">
    <ele>65.3</ele>
    <time>2024-09-04T19:17:59Z</time>
   </trkpt>
   <trkpt lat="49.3088910" lon="-123.1517680">
    <ele>64.9</ele>
    <time>2024-09-04T19:18:00Z</time>
   </trkpt>
   <trkpt lat="49.3088410" lon="-123.1518640">
    <ele>64.5</ele>
    <time>2024-09-04T19:18:01Z</time>
   </trkpt>
   <trkpt lat="49.3087910" lon="-123.1519710">
    <ele>64.0</ele>
    <time>2024-09-04T19:18:02Z</time>
   </trkpt>
   <trkpt lat="49.3087370" lon="-123.1520910">
    <ele>63.4</ele>
    <time>2024-09-04T19:18:03Z</time>
   </trkpt>
   <trkpt lat="49.3086760" lon="-123.1522150">
    <ele>62.7</ele>
    <time>2024-09-04T19:18:04Z</time>
   </trkpt>
   <trkpt lat="49.3086120" lon="-123.1523460">
    <ele>62.1</ele>
    <time>2024-09-04T19:18:05Z</time>
   </trkpt>
   <trkpt lat="49.3085480" lon="-123.1524850">
    <ele>61.4</ele>
    <time>2024-09-04T19:18:06Z</time>
   </trkpt>
   <trkpt lat="49.3084820" lon="-123.1526290">
    <ele>60.7</ele>
    <time>2024-09-04T19:18:07Z</time>
   </trkpt>
   <trkpt lat="49.3084180" lon="-123.1527760">
    <ele>60.1</ele>
    <time>2024-09-04T19:18:08Z</time>
   </trkpt>
   <trkpt lat="49.3083500" lon="-123.1529160">
    <ele>59.6</ele>
    <time>2024-09-04T19:18:09Z</time>
   </trkpt>
   <trkpt lat="49.3082780" lon="-123.1530470">
    <ele>59.2</ele>
    <time>2024-09-04T19:18:10Z</time>
   </trkpt>
   <trkpt lat="49.3081910" lon="-123.1531580">
    <ele>58.8</ele>
    <time>2024-09-04T19:18:11Z</time>
   </trkpt>
   <trkpt lat="49.3080990" lon="-123.1532460">
    <ele>58.6</ele>
    <time>2024-09-04T19:18:12Z</time>
   </trkpt>
   <trkpt lat="49.3080000" lon="-123.1533050">
    <ele>58.3</ele>
    <time>2024-09-04T19:18:13Z</time>
   </trkpt>
   <trkpt lat="49.3078960" lon="-123.1533460">
    <ele>58.1</ele>
    <time>2024-09-04T19:18:14Z</time>
   </trkpt>
   <trkpt lat="49.3077910" lon="-123.1533870">
    <ele>58.0</ele>
    <time>2024-09-04T19:18:15Z</time>
   </trkpt>
   <trkpt lat="49.3076890" lon="-123.1534320">
    <ele>57.8</ele>
    <time>2024-09-04T19:18:16Z</time>
   </trkpt>
   <trkpt lat="49.3075880" lon="-123.1534750">
    <ele>57.5</ele>
    <time>2024-09-04T19:18:17Z</time>
   </trkpt>
   <trkpt lat="49.3074870" lon="-123.1535160">
    <ele>57.3</ele>
    <time>2024-09-04T19:18:18Z</time>
   </trkpt>
   <trkpt lat="49.3073830" lon="-123.1535680">
    <ele>57.0</ele>
    <time>2024-09-04T19:18:19Z</time>
   </trkpt>
   <trkpt lat="49.3072840" lon="-123.1536050">
    <ele>56.7</ele>
    <time>2024-09-04T19:18:20Z</time>
   </trkpt>
   <trkpt lat="49.3071850" lon="-123.1536470">
    <ele>56.3</ele>
    <time>2024-09-04T19:18:21Z</time>
   </trkpt>
   <trkpt lat="49.3070830" lon="-123.1536960">
    <ele>56.2</ele>
    <time>2024-09-04T19:18:22Z</time>
   </trkpt>
   <trkpt lat="49.3069800" lon="-123.1537450">
    <ele>55.5</ele>
    <time>2024-09-04T19:18:23Z</time>
   </trkpt>
   <trkpt lat="49.3068770" lon="-123.1537870">
    <ele>54.6</ele>
    <time>2024-09-04T19:18:24Z</time>
   </trkpt>
   <trkpt lat="49.3067720" lon="-123.1538310">
    <ele>53.7</ele>
    <time>2024-09-04T19:18:25Z</time>
   </trkpt>
   <trkpt lat="49.3066610" lon="-123.1538500">
    <ele>53.1</ele>
    <time>2024-09-04T19:18:26Z</time>
   </trkpt>
   <trkpt lat="49.3065490" lon="-123.1538430">
    <ele>52.5</ele>
    <time>2024-09-04T19:18:27Z</time>
   </trkpt>
   <trkpt lat="49.3064390" lon="-123.1538290">
    <ele>51.9</ele>
    <time>2024-09-04T19:18:28Z</time>
   </trkpt>
   <trkpt lat="49.3063300" lon="-123.1538030">
    <ele>51.2</ele>
    <time>2024-09-04T19:18:29Z</time>
   </trkpt>
   <trkpt lat="49.3062190" lon="-123.1537640">
    <ele>50.5</ele>
    <time>2024-09-04T19:18:30Z</time>
   </trkpt>
   <trkpt lat="49.3061040" lon="-123.1537250">
    <ele>49.7</ele>
    <time>2024-09-04T19:18:31Z</time>
   </trkpt>
   <trkpt lat="49.3059920" lon="-123.1537050">
    <ele>49.0</ele>
    <time>2024-09-04T19:18:32Z</time>
   </trkpt>
   <trkpt lat="49.3058800" lon="-123.1536920">
    <ele>48.3</ele>
    <time>2024-09-04T19:18:33Z</time>
   </trkpt>
   <trkpt lat="49.3057660" lon="-123.1536820">
    <ele>47.6</ele>
    <time>2024-09-04T19:18:34Z</time>
   </trkpt>
   <trkpt lat="49.3055420" lon="-123.1536600">
    <ele>46.4</ele>
    <time>2024-09-04T19:18:35Z</time>
   </trkpt>
   <trkpt lat="49.3054310" lon="-123.1536510">
    <ele>45.8</ele>
    <time>2024-09-04T19:18:36Z</time>
   </trkpt>
   <trkpt lat="49.3053160" lon="-123.1536460">
    <ele>45.2</ele>
    <time>2024-09-04T19:18:37Z</time>
   </trkpt>
   <trkpt lat="49.3051950" lon="-123.1536340">
    <ele>44.5</ele>
    <time>2024-09-04T19:18:38Z</time>
   </trkpt>
   <trkpt lat="49.3050770" lon="-123.1536200">
    <ele>43.9</ele>
    <time>2024-09-04T19:18:39Z</time>
   </trkpt>
   <trkpt lat="49.3049590" lon="-123.1536080">
    <ele>43.2</ele>
    <time>2024-09-04T19:18:40Z</time>
   </trkpt>
   <trkpt lat="49.3048400" lon="-123.1535940">
    <ele>42.5</ele>
    <time>2024-09-04T19:18:41Z</time>
   </trkpt>
   <trkpt lat="49.3047170" lon="-123.1535870">
    <ele>41.9</ele>
    <time>2024-09-04T19:18:42Z</time>
   </trkpt>
   <trkpt lat="49.3045960" lon="-123.1535760">
    <ele>41.4</ele>
    <time>2024-09-04T19:18:43Z</time>
   </trkpt>
   <trkpt lat="49.3044760" lon="-123.1535620">
    <ele>40.9</ele>
    <time>2024-09-04T19:18:44Z</time>
   </trkpt>
   <trkpt lat="49.3043580" lon="-123.1535480">
    <ele>40.3</ele>
    <time>2024-09-04T19:18:45Z</time>
   </trkpt>
   <trkpt lat="49.3042360" lon="-123.1535310">
    <ele>39.6</ele>
    <time>2024-09-04T19:18:46Z</time>
   </trkpt>
   <trkpt lat="49.3041140" lon="-123.1535110">
    <ele>38.9</ele>
    <time>2024-09-04T19:18:47Z</time>
   </trkpt>
   <trkpt lat="49.3039930" lon="-123.1534970">
    <ele>38.2</ele>
    <time>2024-09-04T19:18:48Z</time>
   </trkpt>
   <trkpt lat="49.3038760" lon="-123.1534790">
    <ele>37.5</ele>
    <time>2024-09-04T19:18:49Z</time>
   </trkpt>
   <trkpt lat="49.3037580" lon="-123.1534570">
    <ele>36.8</ele>
    <time>2024-09-04T19:18:50Z</time>
   </trkpt>
   <trkpt lat="49.3036380" lon="-123.1534380">
    <ele>36.1</ele>
    <time>2024-09-04T19:18:51Z</time>
   </trkpt>
   <trkpt lat="49.3035180" lon="-123.1534140">
    <ele>35.5</ele>
    <time>2024-09-04T19:18:52Z</time>
   </trkpt>
   <trkpt lat="49.3033930" lon="-123.1533910">
    <ele>34.9</ele>
    <time>2024-09-04T19:18:53Z</time>
   </trkpt>
   <trkpt lat="49.3032700" lon="-123.1533770">
    <ele>34.2</ele>
    <time>2024-09-04T19:18:54Z</time>
   </trkpt>
   <trkpt lat="49.3031450" lon="-123.1533660">
    <ele>33.6</ele>
    <time>2024-09-04T19:18:55Z</time>
   </trkpt>
   <trkpt lat="49.3030210" lon="-123.1533600">
    <ele>32.9</ele>
    <time>2024-09-04T19:18:56Z</time>
   </trkpt>
   <trkpt lat="49.3028980" lon="-123.1533830">
    <ele>32.2</ele>
    <time>2024-09-04T19:18:57Z</time>
   </trkpt>
   <trkpt lat="49.3027790" lon="-123.1534100">
    <ele>31.5</ele>
    <time>2024-09-04T19:18:58Z</time>
   </trkpt>
   <trkpt lat="49.3026610" lon="-123.1534500">
    <ele>30.7</ele>
    <time>2024-09-04T19:18:59Z</time>
   </trkpt>
   <trkpt lat="49.3025420" lon="-123.1534990">
    <ele>30.0</ele>
    <time>2024-09-04T19:19:00Z</time>
   </trkpt>
   <trkpt lat="49.3024280" lon="-123.1535570">
    <ele>29.3</ele>
    <time>2024-09-04T19:19:01Z</time>
   </trkpt>
   <trkpt lat="49.3023150" lon="-123.1536240">
    <ele>28.5</ele>
    <time>2024-09-04T19:19:02Z</time>
   </trkpt>
   <trkpt lat="49.3022050" lon="-123.1537120">
    <ele>27.7</ele>
    <time>2024-09-04T19:19:03Z</time>
   </trkpt>
   <trkpt lat="49.3020980" lon="-123.1538050">
    <ele>26.9</ele>
    <time>2024-09-04T19:19:04Z</time>
   </trkpt>
   <trkpt lat="49.3019930" lon="-123.1539060">
    <ele>26.1</ele>
    <time>2024-09-04T19:19:05Z</time>
   </trkpt>
   <trkpt lat="49.3018950" lon="-123.1540230">
    <ele>25.3</ele>
    <time>2024-09-04T19:19:06Z</time>
   </trkpt>
   <trkpt lat="49.3018150" lon="-123.1541690">
    <ele>24.5</ele>
    <time>2024-09-04T19:19:07Z</time>
   </trkpt>
   <trkpt lat="49.3017540" lon="-123.1543410">
    <ele>23.7</ele>
    <time>2024-09-04T19:19:08Z</time>
   </trkpt>
   <trkpt lat="49.3017060" lon="-123.1545160">
    <ele>22.9</ele>
    <time>2024-09-04T19:19:09Z</time>
   </trkpt>
   <trkpt lat="49.3016660" lon="-123.1546960">
    <ele>22.3</ele>
    <time>2024-09-04T19:19:10Z</time>
   </trkpt>
   <trkpt lat="49.3016360" lon="-123.1548780">
    <ele>21.8</ele>
    <time>2024-09-04T19:19:11Z</time>
   </trkpt>
   <trkpt lat="49.3016040" lon="-123.1550600">
    <ele>21.4</ele>
    <time>2024-09-04T19:19:12Z</time>
   </trkpt>
   <trkpt lat="49.3015820" lon="-123.1552260">
    <ele>21.1</ele>
    <time>2024-09-04T19:19:13Z</time>
   </trkpt>
   <trkpt lat="49.3015620" lon="-123.1553690">
    <ele>21.0</ele>
    <time>2024-09-04T19:19:14Z</time>
   </trkpt>
   <trkpt lat="49.3015460" lon="-123.1554930">
    <ele>21.0</ele>
    <time>2024-09-04T19:19:15Z</time>
   </trkpt>
   <trkpt lat="49.3015360" lon="-123.1556070">
    <ele>21.0</ele>
    <time>2024-09-04T19:19:16Z</time>
   </trkpt>
   <trkpt lat="49.3015260" lon="-123.1557080">
    <ele>21.0</ele>
    <time>2024-09-04T19:19:17Z</time>
   </trkpt>
   <trkpt lat="49.3015160" lon="-123.1558020">
    <ele>21.0</ele>
    <time>2024-09-04T19:19:18Z</time>
   </trkpt>
   <trkpt lat="49.3015030" lon="-123.1558970">
    <ele>21.1</ele>
    <time>2024-09-04T19:19:19Z</time>
   </trkpt>
   <trkpt lat="49.3014970" lon="-123.1559880">
    <ele>21.2</ele>
    <time>2024-09-04T19:19:20Z</time>
   </trkpt>
   <trkpt lat="49.3014910" lon="-123.1560790">
    <ele>21.2</ele>
    <time>2024-09-04T19:19:21Z</time>
   </trkpt>
   <trkpt lat="49.3014850" lon="-123.1561690">
    <ele>21.3</ele>
    <time>2024-09-04T19:19:22Z</time>
   </trkpt>
   <trkpt lat="49.3014760" lon="-123.1562500">
    <ele>21.4</ele>
    <time>2024-09-04T19:19:23Z</time>
   </trkpt>
   <trkpt lat="49.3014550" lon="-123.1563290">
    <ele>21.4</ele>
    <time>2024-09-04T19:19:24Z</time>
   </trkpt>
   <trkpt lat="49.3014340" lon="-123.1564020">
    <ele>21.5</ele>
    <time>2024-09-04T19:19:25Z</time>
   </trkpt>
   <trkpt lat="49.3014120" lon="-123.1564710">
    <ele>21.5</ele>
    <time>2024-09-04T19:19:26Z</time>
   </trkpt>
   <trkpt lat="49.3013880" lon="-123.1565340">
    <ele>21.6</ele>
    <time>2024-09-04T19:19:27Z</time>
   </trkpt>
   <trkpt lat="49.3013590" lon="-123.1565980">
    <ele>21.6</ele>
    <time>2024-09-04T19:19:28Z</time>
   </trkpt>
   <trkpt lat="49.3013300" lon="-123.1566650">
    <ele>21.7</ele>
    <time>2024-09-04T19:19:29Z</time>
   </trkpt>
   <trkpt lat="49.3013000" lon="-123.1567310">
    <ele>21.7</ele>
    <time>2024-09-04T19:19:30Z</time>
   </trkpt>
   <trkpt lat="49.3012610" lon="-123.1567870">
    <ele>21.8</ele>
    <time>2024-09-04T19:19:31Z</time>
   </trkpt>
   <trkpt lat="49.3012200" lon="-123.1568370">
    <ele>21.8</ele>
    <time>2024-09-04T19:19:32Z</time>
   </trkpt>
   <trkpt lat="49.3011740" lon="-123.1568740">
    <ele>21.9</ele>
    <time>2024-09-04T19:19:33Z</time>
   </trkpt>
   <trkpt lat="49.3011240" lon="-123.1569080">
    <ele>22.0</ele>
    <time>2024-09-04T19:19:34Z</time>
   </trkpt>
   <trkpt lat="49.3010740" lon="-123.1569340">
    <ele>22.0</ele>
    <time>2024-09-04T19:19:35Z</time>
   </trkpt>
   <trkpt lat="49.3010220" lon="-123.1569680">
    <ele>22.1</ele>
    <time>2024-09-04T19:19:36Z</time>
   </trkpt>
   <trkpt lat="49.3009720" lon="-123.1569990">
    <ele>22.2</ele>
    <time>2024-09-04T19:19:37Z</time>
   </trkpt>
   <trkpt lat="49.3009180" lon="-123.1570370">
    <ele>22.2</ele>
    <time>2024-09-04T19:19:38Z</time>
   </trkpt>
   <trkpt lat="49.3008680" lon="-123.1570670">
    <ele>22.3</ele>
    <time>2024-09-04T19:19:39Z</time>
   </trkpt>
   <trkpt lat="49.3008150" lon="-123.1570950">
    <ele>22.4</ele>
    <time>2024-09-04T19:19:40Z</time>
   </trkpt>
   <trkpt lat="49.3007600" lon="-123.1571220">
    <ele>22.4</ele>
    <time>2024-09-04T19:19:41Z</time>
   </trkpt>
   <trkpt lat="49.3007080" lon="-123.1571560">
    <ele>22.3</ele>
    <time>2024-09-04T19:19:42Z</time>
   </trkpt>
   <trkpt lat="49.3006570" lon="-123.1572000">
    <ele>22.3</ele>
    <time>2024-09-04T19:19:43Z</time>
   </trkpt>
   <trkpt lat="49.3006110" lon="-123.1572610">
    <ele>22.2</ele>
    <time>2024-09-04T19:19:44Z</time>
   </trkpt>
   <trkpt lat="49.3005650" lon="-123.1573200">
    <ele>22.1</ele>
    <time>2024-09-04T19:19:45Z</time>
   </trkpt>
   <trkpt lat="49.3005190" lon="-123.1573840">
    <ele>22.0</ele>
    <time>2024-09-04T19:19:46Z</time>
   </trkpt>
   <trkpt lat="49.3004710" lon="-123.1574450">
    <ele>21.9</ele>
    <time>2024-09-04T19:19:47Z</time>
   </trkpt>
   <trkpt lat="49.3004240" lon="-123.1575080">
    <ele>21.7</ele>
    <time>2024-09-04T19:19:48Z</time>
   </trkpt>
   <trkpt lat="49.3003730" lon="-123.1575700">
    <ele>21.5</ele>
    <time>2024-09-04T19:19:49Z</time>
   </trkpt>
   <trkpt lat="49.3003240" lon="-123.1576380">
    <ele>21.3</ele>
    <time>2024-09-04T19:19:50Z</time>
   </trkpt>
   <trkpt lat="49.3002740" lon="-123.1577010">
    <ele>21.0</ele>
    <time>2024-09-04T19:19:51Z</time>
   </trkpt>
   <trkpt lat="49.3002230" lon="-123.1577690">
    <ele>20.8</ele>
    <time>2024-09-04T19:19:52Z</time>
   </trkpt>
   <trkpt lat="49.3001700" lon="-123.1578360">
    <ele>20.6</ele>
    <time>2024-09-04T19:19:53Z</time>
   </trkpt>
   <trkpt lat="49.3001190" lon="-123.1578990">
    <ele>20.3</ele>
    <time>2024-09-04T19:19:54Z</time>
   </trkpt>
   <trkpt lat="49.3000590" lon="-123.1579530">
    <ele>20.1</ele>
    <time>2024-09-04T19:19:55Z</time>
   </trkpt>
   <trkpt lat="49.2999930" lon="-123.1579860">
    <ele>19.9</ele>
    <time>2024-09-04T19:19:56Z</time>
   </trkpt>
   <trkpt lat="49.2999260" lon="-123.1580060">
    <ele>19.7</ele>
    <time>2024-09-04T19:19:57Z</time>
   </trkpt>
   <trkpt lat="49.2998580" lon="-123.1580070">
    <ele>19.5</ele>
    <time>2024-09-04T19:19:58Z</time>
   </trkpt>
   <trkpt lat="49.2997930" lon="-123.1579960">
    <ele>19.3</ele>
    <time>2024-09-04T19:19:59Z</time>
   </trkpt>
   <trkpt lat="49.2997250" lon="-123.1579910">
    <ele>19.2</ele>
    <time>2024-09-04T19:20:00Z</time>
   </trkpt>
   <trkpt lat="49.2996560" lon="-123.1579850">
    <ele>19.1</ele>
    <time>2024-09-04T19:20:01Z</time>
   </trkpt>
   <trkpt lat="49.2995880" lon="-123.1579740">
    <ele>18.9</ele>
    <time>2024-09-04T19:20:02Z</time>
   </trkpt>
   <trkpt lat="49.2995180" lon="-123.1579570">
    <ele>18.8</ele>
    <time>2024-09-04T19:20:03Z</time>
   </trkpt>
   <trkpt lat="49.2994550" lon="-123.1579270">
    <ele>18.7</ele>
    <time>2024-09-04T19:20:05Z</time>
   </trkpt>
   <trkpt lat="49.2993900" lon="-123.1579000">
    <ele>18.6</ele>
    <time>2024-09-04T19:20:06Z</time>
   </trkpt>
   <trkpt lat="49.2993220" lon="-123.1578870">
    <ele>18.5</ele>
    <time>2024-09-04T19:20:07Z</time>
   </trkpt>
   <trkpt lat="49.2992570" lon="-123.1578670">
    <ele>18.4</ele>
    <time>2024-09-04T19:20:08Z</time>
   </trkpt>
   <trkpt lat="49.2991930" lon="-123.1578440">
    <ele>18.3</ele>
    <time>2024-09-04T19:20:09Z</time>
   </trkpt>
   <trkpt lat="49.2991310" lon="-123.1578240">
    <ele>18.2</ele>
    <time>2024-09-04T19:20:10Z</time>
   </trkpt>
   <trkpt lat="49.2990650" lon="-123.1578030">
    <ele>18.1</ele>
    <time>2024-09-04T19:20:11Z</time>
   </trkpt>
   <trkpt lat="49.2990000" lon="-123.1577780">
    <ele>18.0</ele>
    <time>2024-09-04T19:20:12Z</time>
   </trkpt>
   <trkpt lat="49.2989330" lon="-123.1577600">
    <ele>17.9</ele>
    <time>2024-09-04T19:20:13Z</time>
   </trkpt>
   <trkpt lat="49.2988650" lon="-123.1577640">
    <ele>17.7</ele>
    <time>2024-09-04T19:20:14Z</time>
   </trkpt>
   <trkpt lat="49.2987940" lon="-123.1577620">
    <ele>17.6</ele>
    <time>2024-09-04T19:20:15Z</time>
   </trkpt>
   <trkpt lat="49.2987200" lon="-123.1577640">
    <ele>17.4</ele>
    <time>2024-09-04T19:20:16Z</time>
   </trkpt>
   <trkpt lat="49.2986490" lon="-123.1577550">
    <ele>17.3</ele>
    <time>2024-09-04T19:20:17Z</time>
   </trkpt>
   <trkpt lat="49.2985780" lon="-123.1577410">
    <ele>17.2</ele>
    <time>2024-09-04T19:20:18Z</time>
   </trkpt>
   <trkpt lat="49.2985110" lon="-123.1577050">
    <ele>17.1</ele>
    <time>2024-09-04T19:20:19Z</time>
   </trkpt>
   <trkpt lat="49.2984460" lon="-123.1576670">
    <ele>16.9</ele>
    <time>2024-09-04T19:20:20Z</time>
   </trkpt>
   <trkpt lat="49.2983800" lon="-123.1576240">
    <ele>16.8</ele>
    <time>2024-09-04T19:20:21Z</time>
   </trkpt>
   <trkpt lat="49.2983120" lon="-123.1575900">
    <ele>16.6</ele>
    <time>2024-09-04T19:20:22Z</time>
   </trkpt>
   <trkpt lat="49.2982480" lon="-123.1575480">
    <ele>16.5</ele>
    <time>2024-09-04T19:20:23Z</time>
   </trkpt>
   <trkpt lat="49.2981800" lon="-123.1575060">
    <ele>16.4</ele>
    <time>2024-09-04T19:20:24Z</time>
   </trkpt>
   <trkpt lat="49.2981170" lon="-123.1574530">
    <ele>16.3</ele>
    <time>2024-09-04T19:20:25Z</time>
   </trkpt>
   <trkpt lat="49.2980570" lon="-123.1573830">
    <ele>16.2</ele>
    <time>2024-09-04T19:20:26Z</time>
   </trkpt>
   <trkpt lat="49.2980000" lon="-123.1573210">
    <ele>16.1</ele>
    <time>2024-09-04T19:20:27Z</time>
   </trkpt>
   <trkpt lat="49.2979520" lon="-123.1572500">
    <ele>16.0</ele>
    <time>2024-09-04T19:20:28Z</time>
   </trkpt>
   <trkpt lat="49.2979050" lon="-123.1571720">
    <ele>15.9</ele>
    <time>2024-09-04T19:20:29Z</time>
   </trkpt>
   <trkpt lat="49.2978620" lon="-123.1570890">
    <ele>15.9</ele>
    <time>2024-09-04T19:20:30Z</time>
   </trkpt>
   <trkpt lat="49.2978220" lon="-123.1569950">
    <ele>15.8</ele>
    <time>2024-09-04T19:20:31Z</time>
   </trkpt>
   <trkpt lat="49.2977910" lon="-123.1569090">
    <ele>15.7</ele>
    <time>2024-09-04T19:20:32Z</time>
   </trkpt>
   <trkpt lat="49.2977690" lon="-123.1568150">
    <ele>15.7</ele>
    <time>2024-09-04T19:20:33Z</time>
   </trkpt>
   <trkpt lat="49.2977440" lon="-123.1567100">
    <ele>15.7</ele>
    <time>2024-09-04T19:20:34Z</time>
   </trkpt>
   <trkpt lat="49.2977320" lon="-123.1566000">
    <ele>15.7</ele>
    <time>2024-09-04T19:20:35Z</time>
   </trkpt>
   <trkpt lat="49.2977240" lon="-123.1564950">
    <ele>15.7</ele>
    <time>2024-09-04T19:20:36Z</time>
   </trkpt>
   <trkpt lat="49.2977200" lon="-123.1563880">
    <ele>15.7</ele>
    <time>2024-09-04T19:20:37Z</time>
   </trkpt>
   <trkpt lat="49.2977270" lon="-123.1562800">
    <ele>15.7</ele>
    <time>2024-09-04T19:20:38Z</time>
   </trkpt>
   <trkpt lat="49.2977590" lon="-123.1560660">
    <ele>15.5</ele>
    <time>2024-09-04T19:20:39Z</time>
   </trkpt>
   <trkpt lat="49.2977760" lon="-123.1559610">
    <ele>15.4</ele>
    <time>2024-09-04T19:20:40Z</time>
   </trkpt>
   <trkpt lat="49.2977970" lon="-123.1558540">
    <ele>15.4</ele>
    <time>2024-09-04T19:20:41Z</time>
   </trkpt>
   <trkpt lat="49.2978200" lon="-123.1557500">
    <ele>15.3</ele>
    <time>2024-09-04T19:20:42Z</time>
   </trkpt>
   <trkpt lat="49.2978440" lon="-123.1556440">
    <ele>15.2</ele>
    <time>2024-09-04T19:20:43Z</time>
   </trkpt>
   <trkpt lat="49.2978610" lon="-123.1555330">
    <ele>15.1</ele>
    <time>2024-09-04T19:20:44Z</time>
   </trkpt>
   <trkpt lat="49.2978820" lon="-123.1554190">
    <ele>15.0</ele>
    <time>2024-09-04T19:20:45Z</time>
   </trkpt>
   <trkpt lat="49.2979000" lon="-123.1552980">
    <ele>14.9</ele>
    <time>2024-09-04T19:20:46Z</time>
   </trkpt>
   <trkpt lat="49.2979230" lon="-123.1551870">
    <ele>14.9</ele>
    <time>2024-09-04T19:20:47Z</time>
   </trkpt>
   <trkpt lat="49.2979370" lon="-123.1550710">
    <ele>14.8</ele>
    <time>2024-09-04T19:20:48Z</time>
   </trkpt>
   <trkpt lat="49.2979580" lon="-123.1549590">
    <ele>14.6</ele>
    <time>2024-09-04T19:20:49Z</time>
   </trkpt>
   <trkpt lat="49.2979750" lon="-123.1548470">
    <ele>14.5</ele>
    <time>2024-09-04T19:20:50Z</time>
   </trkpt>
   <trkpt lat="49.2979720" lon="-123.1547260">
    <ele>14.2</ele>
    <time>2024-09-04T19:20:51Z</time>
   </trkpt>
   <trkpt lat="49.2979570" lon="-123.1546070">
    <ele>14.0</ele>
    <time>2024-09-04T19:20:52Z</time>
   </trkpt>
   <trkpt lat="49.2979410" lon="-123.1544930">
    <ele>13.7</ele>
    <time>2024-09-04T19:20:53Z</time>
   </trkpt>
   <trkpt lat="49.2979150" lon="-123.1543760">
    <ele>13.3</ele>
    <time>2024-09-04T19:20:54Z</time>
   </trkpt>
   <trkpt lat="49.2978780" lon="-123.1542620">
    <ele>13.0</ele>
    <time>2024-09-04T19:20:55Z</time>
   </trkpt>
   <trkpt lat="49.2978310" lon="-123.1541560">
    <ele>12.6</ele>
    <time>2024-09-04T19:20:56Z</time>
   </trkpt>
   <trkpt lat="49.2977800" lon="-123.1540520">
    <ele>12.3</ele>
    <time>2024-09-04T19:20:57Z</time>
   </trkpt>
   <trkpt lat="49.2977270" lon="-123.1539510">
    <ele>11.9</ele>
    <time>2024-09-04T19:20:58Z</time>
   </trkpt>
   <trkpt lat="49.2976740" lon="-123.1538500">
    <ele>11.6</ele>
    <time>2024-09-04T19:20:59Z</time>
   </trkpt>
   <trkpt lat="49.2976200" lon="-123.1537530">
    <ele>11.4</ele>
    <time>2024-09-04T19:21:00Z</time>
   </trkpt>
   <trkpt lat="49.2975650" lon="-123.1536560">
    <ele>11.2</ele>
    <time>2024-09-04T19:21:01Z</time>
   </trkpt>
   <trkpt lat="49.2975100" lon="-123.1535570">
    <ele>11.1</ele>
    <time>2024-09-04T19:21:02Z</time>
   </trkpt>
   <trkpt lat="49.2974560" lon="-123.1534600">
    <ele>11.1</ele>
    <time>2024-09-04T19:21:03Z</time>
   </trkpt>
   <trkpt lat="49.2973970" lon="-123.1533740">
    <ele>11.1</ele>
    <time>2024-09-04T19:21:04Z</time>
   </trkpt>
   <trkpt lat="49.2973400" lon="-123.1532940">
    <ele>11.1</ele>
    <time>2024-09-04T19:21:05Z</time>
   </trkpt>
   <trkpt lat="49.2973000" lon="-123.1531980">
    <ele>11.1</ele>
    <time>2024-09-04T19:21:06Z</time>
   </trkpt>
   <trkpt lat="49.2972540" lon="-123.1531070">
    <ele>11.1</ele>
    <time>2024-09-04T19:21:07Z</time>
   </trkpt>
   <trkpt lat="49.2972150" lon="-123.1530140">
    <ele>11.1</ele>
    <time>2024-09-04T19:21:08Z</time>
   </trkpt>
   <trkpt lat="49.2971690" lon="-123.1529260">
    <ele>11.1</ele>
    <time>2024-09-04T19:21:09Z</time>
   </trkpt>
   <trkpt lat="49.2971290" lon="-123.1528310">
    <ele>11.1</ele>
    <time>2024-09-04T19:21:10Z</time>
   </trkpt>
   <trkpt lat="49.2970700" lon="-123.1527670">
    <ele>11.1</ele>
    <time>2024-09-04T19:21:11Z</time>
   </trkpt>
   <trkpt lat="49.2970050" lon="-123.1527100">
    <ele>11.2</ele>
    <time>2024-09-04T19:21:12Z</time>
   </trkpt>
   <trkpt lat="49.2969470" lon="-123.1526360">
    <ele>11.2</ele>
    <time>2024-09-04T19:21:13Z</time>
   </trkpt>
   <trkpt lat="49.2969020" lon="-123.1525470">
    <ele>11.2</ele>
    <time>2024-09-04T19:21:14Z</time>
   </trkpt>
   <trkpt lat="49.2968540" lon="-123.1524590">
    <ele>11.3</ele>
    <time>2024-09-04T19:21:15Z</time>
   </trkpt>
   <trkpt lat="49.2968060" lon="-123.1523770">
    <ele>11.4</ele>
    <time>2024-09-04T19:21:16Z</time>
   </trkpt>
   <trkpt lat="49.2967590" lon="-123.1522940">
    <ele>11.4</ele>
    <time>2024-09-04T19:21:17Z</time>
   </trkpt>
   <trkpt lat="49.2967160" lon="-123.1522080">
    <ele>11.4</ele>
    <time>2024-09-04T19:21:18Z</time>
   </trkpt>
   <trkpt lat="49.2966710" lon="-123.1521230">
    <ele>11.4</ele>
    <time>2024-09-04T19:21:19Z</time>
   </trkpt>
   <trkpt lat="49.2966240" lon="-123.1520410">
    <ele>11.4</ele>
    <time>2024-09-04T19:21:20Z</time>
   </trkpt>
   <trkpt lat="49.2965770" lon="-123.1519560">
    <ele>11.3</ele>
    <time>2024-09-04T19:21:21Z</time>
   </trkpt>
   <trkpt lat="49.2965330" lon="-123.1518710">
    <ele>11.3</ele>
    <time>2024-09-04T19:21:22Z</time>
   </trkpt>
   <trkpt lat="49.2964900" lon="-123.1517850">
    <ele>11.2</ele>
    <time>2024-09-04T19:21:23Z</time>
   </trkpt>
   <trkpt lat="49.2964440" lon="-123.1516930">
    <ele>11.2</ele>
    <time>2024-09-04T19:21:24Z</time>
   </trkpt>
   <trkpt lat="49.2963990" lon="-123.1516030">
    <ele>11.1</ele>
    <time>2024-09-04T19:21:25Z</time>
   </trkpt>
   <trkpt lat="49.2963560" lon="-123.1515080">
    <ele>11.1</ele>
    <time>2024-09-04T19:21:26Z</time>
   </trkpt>
   <trkpt lat="49.2963160" lon="-123.1514130">
    <ele>11.1</ele>
    <time>2024-09-04T19:21:27Z</time>
   </trkpt>
   <trkpt lat="49.2962790" lon="-123.1513160">
    <ele>11.0</ele>
    <time>2024-09-04T19:21:28Z</time>
   </trkpt>
   <trkpt lat="49.2962450" lon="-123.1512200">
    <ele>11.0</ele>
    <time>2024-09-04T19:21:29Z</time>
   </trkpt>
   <trkpt lat="49.2962060" lon="-123.1511250">
    <ele>10.9</ele>
    <time>2024-09-04T19:21:30Z</time>
   </trkpt>
   <trkpt lat="49.2961690" lon="-123.1510300">
    <ele>10.8</ele>
    <time>2024-09-04T19:21:31Z</time>
   </trkpt>
   <trkpt lat="49.2961270" lon="-123.1509370">
    <ele>10.6</ele>
    <time>2024-09-04T19:21:32Z</time>
   </trkpt>
   <trkpt lat="49.2960950" lon="-123.1508330">
    <ele>10.7</ele>
    <time>2024-09-04T19:21:33Z</time>
   </trkpt>
   <trkpt lat="49.2960620" lon="-123.1507300">
    <ele>10.5</ele>
    <time>2024-09-04T19:21:34Z</time>
   </trkpt>
   <trkpt lat="49.2960260" lon="-123.1506260">
    <ele>10.2</ele>
    <time>2024-09-04T19:21:35Z</time>
   </trkpt>
   <trkpt lat="49.2959880" lon="-123.1505220">
    <ele>9.8</ele>
    <time>2024-09-04T19:21:36Z</time>
   </trkpt>
   <trkpt lat="49.2959500" lon="-123.1504190">
    <ele>9.5</ele>
    <time>2024-09-04T19:21:37Z</time>
   </trkpt>
   <trkpt lat="49.2959080" lon="-123.1503120">
    <ele>9.1</ele>
    <time>2024-09-04T19:21:38Z</time>
   </trkpt>
   <trkpt lat="49.2958670" lon="-123.1502030">
    <ele>8.7</ele>
    <time>2024-09-04T19:21:39Z</time>
   </trkpt>
   <trkpt lat="49.2958220" lon="-123.1501010">
    <ele>8.4</ele>
    <time>2024-09-04T19:21:40Z</time>
   </trkpt>
   <trkpt lat="49.2957760" lon="-123.1499980">
    <ele>8.1</ele>
    <time>2024-09-04T19:21:41Z</time>
   </trkpt>
   <trkpt lat="49.2957280" lon="-123.1498940">
    <ele>7.8</ele>
    <time>2024-09-04T19:21:42Z</time>
   </trkpt>
   <trkpt lat="49.2956790" lon="-123.1497970">
    <ele>7.5</ele>
    <time>2024-09-04T19:21:43Z</time>
   </trkpt>
   <trkpt lat="49.2956310" lon="-123.1496980">
    <ele>7.2</ele>
    <time>2024-09-04T19:21:44Z</time>
   </trkpt>
   <trkpt lat="49.2955860" lon="-123.1495980">
    <ele>7.0</ele>
    <time>2024-09-04T19:21:45Z</time>
   </trkpt>
   <trkpt lat="49.2955390" lon="-123.1495050">
    <ele>6.9</ele>
    <time>2024-09-04T19:21:46Z</time>
   </trkpt>
   <trkpt lat="49.2954930" lon="-123.1494140">
    <ele>6.8</ele>
    <time>2024-09-04T19:21:47Z</time>
   </trkpt>
   <trkpt lat="49.2954470" lon="-123.1493240">
    <ele>6.8</ele>
    <time>2024-09-04T19:21:48Z</time>
   </trkpt>
   <trkpt lat="49.2954010" lon="-123.1492370">
    <ele>6.8</ele>
    <time>2024-09-04T19:21:49Z</time>
   </trkpt>
   <trkpt lat="49.2953510" lon="-123.1491550">
    <ele>6.9</ele>
    <time>2024-09-04T19:21:50Z</time>
   </trkpt>
   <trkpt lat="49.2953030" lon="-123.1490780">
    <ele>6.8</ele>
    <time>2024-09-04T19:21:51Z</time>
   </trkpt>
   <trkpt lat="49.2952540" lon="-123.1490020">
    <ele>6.8</ele>
    <time>2024-09-04T19:21:52Z</time>
   </trkpt>
   <trkpt lat="49.2952030" lon="-123.1489280">
    <ele>6.8</ele>
    <time>2024-09-04T19:21:53Z</time>
   </trkpt>
   <trkpt lat="49.2951510" lon="-123.1488570">
    <ele>6.8</ele>
    <time>2024-09-04T19:21:54Z</time>
   </trkpt>
   <trkpt lat="49.2950990" lon="-123.1487880">
    <ele>6.9</ele>
    <time>2024-09-04T19:21:55Z</time>
   </trkpt>
   <trkpt lat="49.2950490" lon="-123.1487260">
    <ele>6.9</ele>
    <time>2024-09-04T19:21:56Z</time>
   </trkpt>
   <trkpt lat="49.2949950" lon="-123.1486670">
    <ele>7.0</ele>
    <time>2024-09-04T19:21:57Z</time>
   </trkpt>
   <trkpt lat="49.2949420" lon="-123.1486110">
    <ele>7.1</ele>
    <time>2024-09-04T19:21:58Z</time>
   </trkpt>
   <trkpt lat="49.2948910" lon="-123.1485540">
    <ele>7.2</ele>
    <time>2024-09-04T19:21:59Z</time>
   </trkpt>
   <trkpt lat="49.2948380" lon="-123.1485050">
    <ele>7.4</ele>
    <time>2024-09-04T19:22:00Z</time>
   </trkpt>
   <trkpt lat="49.2947840" lon="-123.1484620">
    <ele>7.6</ele>
    <time>2024-09-04T19:22:01Z</time>
   </trkpt>
   <trkpt lat="49.2947320" lon="-123.1484180">
    <ele>7.8</ele>
    <time>2024-09-04T19:22:02Z</time>
   </trkpt>
   <trkpt lat="49.2946830" lon="-123.1483760">
    <ele>8.0</ele>
    <time>2024-09-04T19:22:03Z</time>
   </trkpt>
   <trkpt lat="49.2946310" lon="-123.1483390">
    <ele>8.2</ele>
    <time>2024-09-04T19:22:04Z</time>
   </trkpt>
   <trkpt lat="49.2945810" lon="-123.1483030">
    <ele>8.4</ele>
    <time>2024-09-04T19:22:05Z</time>
   </trkpt>
   <trkpt lat="49.2945290" lon="-123.1482690">
    <ele>8.7</ele>
    <time>2024-09-04T19:22:06Z</time>
   </trkpt>
   <trkpt lat="49.2944760" lon="-123.1482400">
    <ele>8.9</ele>
    <time>2024-09-04T19:22:07Z</time>
   </trkpt>
   <trkpt lat="49.2944280" lon="-123.1482100">
    <ele>9.1</ele>
    <time>2024-09-04T19:22:08Z</time>
   </trkpt>
   <trkpt lat="49.2943770" lon="-123.1481810">
    <ele>9.2</ele>
    <time>2024-09-04T19:22:09Z</time>
   </trkpt>
   <trkpt lat="49.2943250" lon="-123.1481660">
    <ele>9.3</ele>
    <time>2024-09-04T19:22:11Z</time>
   </trkpt>
   <trkpt lat="49.2942750" lon="-123.1481380">
    <ele>9.5</ele>
    <time>2024-09-04T19:22:12Z</time>
   </trkpt>
   <trkpt lat="49.2942200" lon="-123.1481100">
    <ele>9.6</ele>
    <time>2024-09-04T19:22:13Z</time>
   </trkpt>
   <trkpt lat="49.2941650" lon="-123.1480820">
    <ele>9.8</ele>
    <time>2024-09-04T19:22:14Z</time>
   </trkpt>
   <trkpt lat="49.2941120" lon="-123.1480580">
    <ele>10.0</ele>
    <time>2024-09-04T19:22:15Z</time>
   </trkpt>
   <trkpt lat="49.2940570" lon="-123.1480400">
    <ele>10.2</ele>
    <time>2024-09-04T19:22:16Z</time>
   </trkpt>
   <trkpt lat="49.2940040" lon="-123.1480240">
    <ele>10.4</ele>
    <time>2024-09-04T19:22:17Z</time>
   </trkpt>
   <trkpt lat="49.2939510" lon="-123.1480110">
    <ele>10.5</ele>
    <time>2024-09-04T19:22:18Z</time>
   </trkpt>
   <trkpt lat="49.2938970" lon="-123.1480120">
    <ele>10.7</ele>
    <time>2024-09-04T19:22:19Z</time>
   </trkpt>
   <trkpt lat="49.2938440" lon="-123.1480070">
    <ele>10.9</ele>
    <time>2024-09-04T19:22:20Z</time>
   </trkpt>
   <trkpt lat="49.2937910" lon="-123.1480130">
    <ele>11.1</ele>
    <time>2024-09-04T19:22:21Z</time>
   </trkpt>
   <trkpt lat="49.2937400" lon="-123.1480150">
    <ele>11.3</ele>
    <time>2024-09-04T19:22:22Z</time>
   </trkpt>
   <trkpt lat="49.2936900" lon="-123.1480170">
    <ele>11.5</ele>
    <time>2024-09-04T19:22:23Z</time>
   </trkpt>
   <trkpt lat="49.2936400" lon="-123.1480180">
    <ele>11.7</ele>
    <time>2024-09-04T19:22:24Z</time>
   </trkpt>
   <trkpt lat="49.2935900" lon="-123.1480110">
    <ele>11.9</ele>
    <time>2024-09-04T19:22:25Z</time>
   </trkpt>
   <trkpt lat="49.2935410" lon="-123.1480080">
    <ele>12.0</ele>
    <time>2024-09-04T19:22:26Z</time>
   </trkpt>
   <trkpt lat="49.2934920" lon="-123.1480120">
    <ele>12.1</ele>
    <time>2024-09-04T19:22:27Z</time>
   </trkpt>
   <trkpt lat="49.2934450" lon="-123.1480080">
    <ele>12.2</ele>
    <time>2024-09-04T19:22:28Z</time>
   </trkpt>
   <trkpt lat="49.2934040" lon="-123.1480010">
    <ele>12.3</ele>
    <time>2024-09-04T19:22:29Z</time>
   </trkpt>
   <trkpt lat="49.2933590" lon="-123.1479950">
    <ele>12.5</ele>
    <time>2024-09-04T19:22:30Z</time>
   </trkpt>
   <trkpt lat="49.2933120" lon="-123.1479870">
    <ele>12.6</ele>
    <time>2024-09-04T19:22:31Z</time>
   </trkpt>
   <trkpt lat="49.2932650" lon="-123.1479870">
    <ele>12.7</ele>
    <time>2024-09-04T19:22:32Z</time>
   </trkpt>
   <trkpt lat="49.2932170" lon="-123.1479910">
    <ele>12.9</ele>
    <time>2024-09-04T19:22:33Z</time>
   </trkpt>
   <trkpt lat="49.2931710" lon="-123.1479900">
    <ele>13.0</ele>
    <time>2024-09-04T19:22:34Z</time>
   </trkpt>
   <trkpt lat="49.2931250" lon="-123.1479930">
    <ele>13.2</ele>
    <time>2024-09-04T19:22:35Z</time>
   </trkpt>
   <trkpt lat="49.2930770" lon="-123.1479970">
    <ele>13.3</ele>
    <time>2024-09-04T19:22:36Z</time>
   </trkpt>
   <trkpt lat="49.2930280" lon="-123.1479970">
    <ele>13.4</ele>
    <time>2024-09-04T19:22:37Z</time>
   </trkpt>
   <trkpt lat="49.2929790" lon="-123.1480050">
    <ele>13.5</ele>
    <time>2024-09-04T19:22:38Z</time>
   </trkpt>
   <trkpt lat="49.2929300" lon="-123.1480310">
    <ele>13.6</ele>
    <time>2024-09-04T19:22:39Z</time>
   </trkpt>
   <trkpt lat="49.2928820" lon="-123.1480690">
    <ele>13.7</ele>
    <time>2024-09-04T19:22:40Z</time>
   </trkpt>
   <trkpt lat="49.2928310" lon="-123.1480980">
    <ele>13.8</ele>
    <time>2024-09-04T19:22:41Z</time>
   </trkpt>
   <trkpt lat="49.2927820" lon="-123.1481080">
    <ele>13.9</ele>
    <time>2024-09-04T19:22:42Z</time>
   </trkpt>
   <trkpt lat="49.2927320" lon="-123.1481110">
    <ele>14.0</ele>
    <time>2024-09-04T19:22:43Z</time>
   </trkpt>
   <trkpt lat="49.2926870" lon="-123.1481220">
    <ele>14.1</ele>
    <time>2024-09-04T19:22:44Z</time>
   </trkpt>
   <trkpt lat="49.2926450" lon="-123.1481360">
    <ele>14.2</ele>
    <time>2024-09-04T19:22:45Z</time>
   </trkpt>
   <trkpt lat="49.2926090" lon="-123.1481530">
    <ele>14.3</ele>
    <time>2024-09-04T19:22:46Z</time>
   </trkpt>
   <trkpt lat="49.2925440" lon="-123.1481960">
    <ele>14.4</ele>
    <time>2024-09-04T19:22:47Z</time>
   </trkpt>
   <trkpt lat="49.2925130" lon="-123.1482100">
    <ele>14.4</ele>
    <time>2024-09-04T19:22:48Z</time>
   </trkpt>
   <trkpt lat="49.2924830" lon="-123.1482230">
    <ele>14.5</ele>
    <time>2024-09-04T19:22:49Z</time>
   </trkpt>
   <trkpt lat="49.2924550" lon="-123.1482330">
    <ele>14.5</ele>
    <time>2024-09-04T19:22:50Z</time>
   </trkpt>
   <trkpt lat="49.2924280" lon="-123.1482440">
    <ele>14.6</ele>
    <time>2024-09-04T19:22:51Z</time>
   </trkpt>
   <trkpt lat="49.2924010" lon="-123.1482560">
    <ele>14.6</ele>
    <time>2024-09-04T19:22:52Z</time>
   </trkpt>
   <trkpt lat="49.2923740" lon="-123.1482650">
    <ele>14.7</ele>
    <time>2024-09-04T19:22:53Z</time>
   </trkpt>
   <trkpt lat="49.2923370" lon="-123.1482790">
    <ele>14.7</ele>
    <time>2024-09-04T19:22:54Z</time>
   </trkpt>
   <trkpt lat="49.2923240" lon="-123.1482830">
    <ele>14.7</ele>
    <time>2024-09-04T19:22:55Z</time>
   </trkpt>
   <trkpt lat="49.2922860" lon="-123.1482890">
    <ele>14.7</ele>
    <time>2024-09-04T19:22:56Z</time>
   </trkpt>
   <trkpt lat="49.2922740" lon="-123.1482920">
    <ele>14.7</ele>
    <time>2024-09-04T19:22:57Z</time>
   </trkpt>
   <trkpt lat="49.2922470" lon="-123.1482970">
    <ele>14.7</ele>
    <time>2024-09-04T19:22:58Z</time>
   </trkpt>
   <trkpt lat="49.2922190" lon="-123.1483010">
    <ele>14.8</ele>
    <time>2024-09-04T19:22:59Z</time>
   </trkpt>
   <trkpt lat="49.2921900" lon="-123.1483080">
    <ele>14.8</ele>
    <time>2024-09-04T19:23:00Z</time>
   </trkpt>
   <trkpt lat="49.2921590" lon="-123.1483130">
    <ele>14.8</ele>
    <time>2024-09-04T19:23:01Z</time>
   </trkpt>
   <trkpt lat="49.2921260" lon="-123.1483200">
    <ele>14.8</ele>
    <time>2024-09-04T19:23:02Z</time>
   </trkpt>
   <trkpt lat="49.2920930" lon="-123.1483230">
    <ele>14.8</ele>
    <time>2024-09-04T19:23:03Z</time>
   </trkpt>
   <trkpt lat="49.2920580" lon="-123.1483180">
    <ele>14.8</ele>
    <time>2024-09-04T19:23:04Z</time>
   </trkpt>
   <trkpt lat="49.2920250" lon="-123.1483090">
    <ele>14.8</ele>
    <time>2024-09-04T19:23:05Z</time>
   </trkpt>
   <trkpt lat="49.2919910" lon="-123.1483060">
    <ele>14.7</ele>
    <time>2024-09-04T19:23:06Z</time>
   </trkpt>
   <trkpt lat="49.2919570" lon="-123.1483070">
    <ele>14.7</ele>
    <time>2024-09-04T19:23:07Z</time>
   </trkpt>
   <trkpt lat="49.2919200" lon="-123.1482960">
    <ele>14.7</ele>
    <time>2024-09-04T19:23:08Z</time>
   </trkpt>
   <trkpt lat="49.2918840" lon="-123.1482870">
    <ele>14.7</ele>
    <time>2024-09-04T19:23:09Z</time>
   </trkpt>
   <trkpt lat="49.2918470" lon="-123.1482820">
    <ele>14.6</ele>
    <time>2024-09-04T19:23:10Z</time>
   </trkpt>
   <trkpt lat="49.2918080" lon="-123.1482770">
    <ele>14.6</ele>
    <time>2024-09-04T19:23:11Z</time>
   </trkpt>
   <trkpt lat="49.2917700" lon="-123.1482600">
    <ele>14.6</ele>
    <time>2024-09-04T19:23:12Z</time>
   </trkpt>
   <trkpt lat="49.2917320" lon="-123.1482450">
    <ele>14.5</ele>
    <time>2024-09-04T19:23:13Z</time>
   </trkpt>
   <trkpt lat="49.2916960" lon="-123.1482230">
    <ele>14.5</ele>
    <time>2024-09-04T19:23:14Z</time>
   </trkpt>
   <trkpt lat="49.2916620" lon="-123.1482000">
    <ele>14.5</ele>
    <time>2024-09-04T19:23:15Z</time>
   </trkpt>
   <trkpt lat="49.2916290" lon="-123.1481740">
    <ele>14.5</ele>
    <time>2024-09-04T19:23:16Z</time>
   </trkpt>
   <trkpt lat="49.2915960" lon="-123.1481430">
    <ele>14.4</ele>
    <time>2024-09-04T19:23:17Z</time>
   </trkpt>
   <trkpt lat="49.2915650" lon="-123.1481030">
    <ele>14.4</ele>
    <time>2024-09-04T19:23:18Z</time>
   </trkpt>
   <trkpt lat="49.2915330" lon="-123.1480640">
    <ele>14.4</ele>
    <time>2024-09-04T19:23:19Z</time>
   </trkpt>
   <trkpt lat="49.2915000" lon="-123.1480230">
    <ele>14.4</ele>
    <time>2024-09-04T19:23:20Z</time>
   </trkpt>
   <trkpt lat="49.2914670" lon="-123.1479740">
    <ele>14.4</ele>
    <time>2024-09-04T19:23:21Z</time>
   </trkpt>
   <trkpt lat="49.2914320" lon="-123.1479310">
    <ele>14.4</ele>
    <time>2024-09-04T19:23:22Z</time>
   </trkpt>
   <trkpt lat="49.2913970" lon="-123.1478800">
    <ele>14.4</ele>
    <time>2024-09-04T19:23:23Z</time>
   </trkpt>
   <trkpt lat="49.2913600" lon="-123.1478420">
    <ele>14.4</ele>
    <time>2024-09-04T19:23:24Z</time>
   </trkpt>
   <trkpt lat="49.2913320" lon="-123.1478000">
    <ele>14.3</ele>
    <time>2024-09-04T19:23:25Z</time>
   </trkpt>
   <trkpt lat="49.2913000" lon="-123.1477550">
    <ele>14.3</ele>
    <time>2024-09-04T19:23:26Z</time>
   </trkpt>
   <trkpt lat="49.2912670" lon="-123.1477200">
    <ele>14.3</ele>
    <time>2024-09-04T19:23:27Z</time>
   </trkpt>
   <trkpt lat="49.2912340" lon="-123.1476800">
    <ele>14.3</ele>
    <time>2024-09-04T19:23:28Z</time>
   </trkpt>
   <trkpt lat="49.2912000" lon="-123.1476360">
    <ele>14.3</ele>
    <time>2024-09-04T19:23:29Z</time>
   </trkpt>
   <trkpt lat="49.2911660" lon="-123.1475940">
    <ele>14.3</ele>
    <time>2024-09-04T19:23:30Z</time>
   </trkpt>
   <trkpt lat="49.2911300" lon="-123.1475490">
    <ele>14.2</ele>
    <time>2024-09-04T19:23:31Z</time>
   </trkpt>
   <trkpt lat="49.2910910" lon="-123.1475040">
    <ele>14.2</ele>
    <time>2024-09-04T19:23:32Z</time>
   </trkpt>
   <trkpt lat="49.2910540" lon="-123.1474530">
    <ele>14.2</ele>
    <time>2024-09-04T19:23:33Z</time>
   </trkpt>
   <trkpt lat="49.2910190" lon="-123.1474030">
    <ele>14.2</ele>
    <time>2024-09-04T19:23:34Z</time>
   </trkpt>
   <trkpt lat="49.2909840" lon="-123.1473510">
    <ele>14.2</ele>
    <time>2024-09-04T19:23:35Z</time>
   </trkpt>
   <trkpt lat="49.2909500" lon="-123.1472930">
    <ele>14.2</ele>
    <time>2024-09-04T19:23:36Z</time>
   </trkpt>
   <trkpt lat="49.2909150" lon="-123.1472330">
    <ele>14.1</ele>
    <time>2024-09-04T19:23:37Z</time>
   </trkpt>
   <trkpt lat="49.2908850" lon="-123.1471720">
    <ele>14.1</ele>
    <time>2024-09-04T19:23:38Z</time>
   </trkpt>
   <trkpt lat="49.2908510" lon="-123.1471110">
    <ele>14.0</ele>
    <time>2024-09-04T19:23:39Z</time>
   </trkpt>
   <trkpt lat="49.2908190" lon="-123.1470460">
    <ele>13.9</ele>
    <time>2024-09-04T19:23:40Z</time>
   </trkpt>
   <trkpt lat="49.2907910" lon="-123.1469760">
    <ele>13.9</ele>
    <time>2024-09-04T19:23:41Z</time>
   </trkpt>
   <trkpt lat="49.2907630" lon="-123.1469040">
    <ele>13.8</ele>
    <time>2024-09-04T19:23:42Z</time>
   </trkpt>
   <trkpt lat="49.2907340" lon="-123.1468300">
    <ele>13.7</ele>
    <time>2024-09-04T19:23:43Z</time>
   </trkpt>
   <trkpt lat="49.2907090" lon="-123.1467550">
    <ele>13.7</ele>
    <time>2024-09-04T19:23:44Z</time>
   </trkpt>
   <trkpt lat="49.2906850" lon="-123.1466800">
    <ele>13.6</ele>
    <time>2024-09-04T19:23:45Z</time>
   </trkpt>
   <trkpt lat="49.2906580" lon="-123.1466030">
    <ele>13.5</ele>
    <time>2024-09-04T19:23:46Z</time>
   </trkpt>
   <trkpt lat="49.2906320" lon="-123.1465240">
    <ele>13.4</ele>
    <time>2024-09-04T19:23:47Z</time>
   </trkpt>
   <trkpt lat="49.2906030" lon="-123.1464430">
    <ele>13.4</ele>
    <time>2024-09-04T19:23:48Z</time>
   </trkpt>
   <trkpt lat="49.2905800" lon="-123.1463550">
    <ele>13.3</ele>
    <time>2024-09-04T19:23:49Z</time>
   </trkpt>
   <trkpt lat="49.2905620" lon="-123.1462650">
    <ele>13.1</ele>
    <time>2024-09-04T19:23:50Z</time>
   </trkpt>
   <trkpt lat="49.2905400" lon="-123.1461730">
    <ele>13.0</ele>
    <time>2024-09-04T19:23:51Z</time>
   </trkpt>
   <trkpt lat="49.2905130" lon="-123.1460830">
    <ele>12.9</ele>
    <time>2024-09-04T19:23:52Z</time>
   </trkpt>
   <trkpt lat="49.2904760" lon="-123.1459950">
    <ele>12.7</ele>
    <time>2024-09-04T19:23:53Z</time>
   </trkpt>
   <trkpt lat="49.2904350" lon="-123.1459090">
    <ele>12.5</ele>
    <time>2024-09-04T19:23:54Z</time>
   </trkpt>
   <trkpt lat="49.2903920" lon="-123.1458290">
    <ele>12.3</ele>
    <time>2024-09-04T19:23:55Z</time>
   </trkpt>
   <trkpt lat="49.2903510" lon="-123.1457430">
    <ele>12.2</ele>
    <time>2024-09-04T19:23:56Z</time>
   </trkpt>
   <trkpt lat="49.2903070" lon="-123.1456540">
    <ele>12.1</ele>
    <time>2024-09-04T19:23:57Z</time>
   </trkpt>
   <trkpt lat="49.2902610" lon="-123.1455660">
    <ele>12.0</ele>
    <time>2024-09-04T19:23:58Z</time>
   </trkpt>
   <trkpt lat="49.2902120" lon="-123.1454850">
    <ele>11.8</ele>
    <time>2024-09-04T19:23:59Z</time>
   </trkpt>
   <trkpt lat="49.2901630" lon="-123.1454040">
    <ele>11.7</ele>
    <time>2024-09-04T19:24:00Z</time>
   </trkpt>
   <trkpt lat="49.2901140" lon="-123.1453250">
    <ele>11.6</ele>
    <time>2024-09-04T19:24:01Z</time>
   </trkpt>
   <trkpt lat="49.2900630" lon="-123.1452490">
    <ele>11.5</ele>
    <time>2024-09-04T19:24:02Z</time>
   </trkpt>
   <trkpt lat="49.2900150" lon="-123.1451680">
    <ele>11.4</ele>
    <time>2024-09-04T19:24:03Z</time>
   </trkpt>
   <trkpt lat="49.2899630" lon="-123.1450910">
    <ele>11.3</ele>
    <time>2024-09-04T19:24:04Z</time>
   </trkpt>
   <trkpt lat="49.2899120" lon="-123.1450130">
    <ele>11.2</ele>
    <time>2024-09-04T19:24:05Z</time>
   </trkpt>
   <trkpt lat="49.2898610" lon="-123.1449360">
    <ele>11.2</ele>
    <time>2024-09-04T19:24:06Z</time>
   </trkpt>
   <trkpt lat="49.2898120" lon="-123.1448560">
    <ele>11.1</ele>
    <time>2024-09-04T19:24:07Z</time>
   </trkpt>
   <trkpt lat="49.2897630" lon="-123.1447760">
    <ele>11.0</ele>
    <time>2024-09-04T19:24:08Z</time>
   </trkpt>
   <trkpt lat="49.2897110" lon="-123.1447000">
    <ele>10.9</ele>
    <time>2024-09-04T19:24:09Z</time>
   </trkpt>
   <trkpt lat="49.2896600" lon="-123.1446220">
    <ele>10.8</ele>
    <time>2024-09-04T19:24:10Z</time>
   </trkpt>
   <trkpt lat="49.2896100" lon="-123.1445460">
    <ele>10.8</ele>
    <time>2024-09-04T19:24:11Z</time>
   </trkpt>
   <trkpt lat="49.2895610" lon="-123.1444680">
    <ele>10.8</ele>
    <time>2024-09-04T19:24:12Z</time>
   </trkpt>
   <trkpt lat="49.2895120" lon="-123.1443870">
    <ele>10.8</ele>
    <time>2024-09-04T19:24:13Z</time>
   </trkpt>
   <trkpt lat="49.2894630" lon="-123.1443090">
    <ele>10.7</ele>
    <time>2024-09-04T19:24:14Z</time>
   </trkpt>
   <trkpt lat="49.2894110" lon="-123.1442340">
    <ele>10.6</ele>
    <time>2024-09-04T19:24:15Z</time>
   </trkpt>
   <trkpt lat="49.2893550" lon="-123.1441620">
    <ele>10.5</ele>
    <time>2024-09-04T19:24:17Z</time>
   </trkpt>
   <trkpt lat="49.2893070" lon="-123.1440810">
    <ele>10.4</ele>
    <time>2024-09-04T19:24:18Z</time>
   </trkpt>
   <trkpt lat="49.2892560" lon="-123.1440040">
    <ele>10.3</ele>
    <time>2024-09-04T19:24:19Z</time>
   </trkpt>
   <trkpt lat="49.2892050" lon="-123.1439280">
    <ele>10.2</ele>
    <time>2024-09-04T19:24:20Z</time>
   </trkpt>
   <trkpt lat="49.2891560" lon="-123.1438470">
    <ele>10.0</ele>
    <time>2024-09-04T19:24:21Z</time>
   </trkpt>
   <trkpt lat="49.2891040" lon="-123.1437650">
    <ele>9.9</ele>
    <time>2024-09-04T19:24:22Z</time>
   </trkpt>
   <trkpt lat="49.2890530" lon="-123.1436820">
    <ele>9.8</ele>
    <time>2024-09-04T19:24:23Z</time>
   </trkpt>
   <trkpt lat="49.2890010" lon="-123.1436010">
    <ele>9.8</ele>
    <time>2024-09-04T19:24:24Z</time>
   </trkpt>
   <trkpt lat="49.2889510" lon="-123.1435210">
    <ele>9.7</ele>
    <time>2024-09-04T19:24:25Z</time>
   </trkpt>
   <trkpt lat="49.2888980" lon="-123.1434430">
    <ele>9.7</ele>
    <time>2024-09-04T19:24:26Z</time>
   </trkpt>
   <trkpt lat="49.2888480" lon="-123.1433650">
    <ele>9.8</ele>
    <time>2024-09-04T19:24:27Z</time>
   </trkpt>
   <trkpt lat="49.2887970" lon="-123.1432920">
    <ele>9.8</ele>
    <time>2024-09-04T19:24:28Z</time>
   </trkpt>
   <trkpt lat="49.2887480" lon="-123.1432200">
    <ele>9.9</ele>
    <time>2024-09-04T19:24:29Z</time>
   </trkpt>
   <trkpt lat="49.2887010" lon="-123.1431480">
    <ele>9.9</ele>
    <time>2024-09-04T19:24:30Z</time>
   </trkpt>
   <trkpt lat="49.2886570" lon="-123.1430770">
    <ele>10.0</ele>
    <time>2024-09-04T19:24:31Z</time>
   </trkpt>
   <trkpt lat="49.2886120" lon="-123.1430040">
    <ele>10.0</ele>
    <time>2024-09-04T19:24:32Z</time>
   </trkpt>
   <trkpt lat="49.2885650" lon="-123.1429310">
    <ele>10.0</ele>
    <time>2024-09-04T19:24:33Z</time>
   </trkpt>
   <trkpt lat="49.2885230" lon="-123.1428600">
    <ele>10.1</ele>
    <time>2024-09-04T19:24:34Z</time>
   </trkpt>
   <trkpt lat="49.2884790" lon="-123.1427950">
    <ele>10.1</ele>
    <time>2024-09-04T19:24:35Z</time>
   </trkpt>
   <trkpt lat="49.2884340" lon="-123.1427330">
    <ele>10.1</ele>
    <time>2024-09-04T19:24:36Z</time>
   </trkpt>
   <trkpt lat="49.2883860" lon="-123.1426770">
    <ele>10.1</ele>
    <time>2024-09-04T19:24:37Z</time>
   </trkpt>
   <trkpt lat="49.2883430" lon="-123.1426160">
    <ele>10.2</ele>
    <time>2024-09-04T19:24:38Z</time>
   </trkpt>
   <trkpt lat="49.2882950" lon="-123.1425740">
    <ele>10.2</ele>
    <time>2024-09-04T19:24:39Z</time>
   </trkpt>
   <trkpt lat="49.2882460" lon="-123.1425390">
    <ele>10.2</ele>
    <time>2024-09-04T19:24:40Z</time>
   </trkpt>
   <trkpt lat="49.2881930" lon="-123.1425170">
    <ele>10.2</ele>
    <time>2024-09-04T19:24:41Z</time>
   </trkpt>
   <trkpt lat="49.2881380" lon="-123.1425110">
    <ele>10.3</ele>
    <time>2024-09-04T19:24:42Z</time>
   </trkpt>
   <trkpt lat="49.2880870" lon="-123.1424890">
    <ele>10.3</ele>
    <time>2024-09-04T19:24:43Z</time>
   </trkpt>
   <trkpt lat="49.2880460" lon="-123.1424650">
    <ele>10.3</ele>
    <time>2024-09-04T19:24:44Z</time>
   </trkpt>
   <trkpt lat="49.2879950" lon="-123.1424620">
    <ele>10.3</ele>
    <time>2024-09-04T19:24:45Z</time>
   </trkpt>
   <trkpt lat="49.2879420" lon="-123.1424640">
    <ele>10.4</ele>
    <time>2024-09-04T19:24:46Z</time>
   </trkpt>
   <trkpt lat="49.2878940" lon="-123.1424570">
    <ele>10.4</ele>
    <time>2024-09-04T19:24:47Z</time>
   </trkpt>
   <trkpt lat="49.2878450" lon="-123.1424510">
    <ele>10.4</ele>
    <time>2024-09-04T19:24:48Z</time>
   </trkpt>
   <trkpt lat="49.2878000" lon="-123.1424500">
    <ele>10.5</ele>
    <time>2024-09-04T19:24:49Z</time>
   </trkpt>
   <trkpt lat="49.2877570" lon="-123.1424440">
    <ele>10.5</ele>
    <time>2024-09-04T19:24:50Z</time>
   </trkpt>
   <trkpt lat="49.2876790" lon="-123.1424330">
    <ele>10.6</ele>
    <time>2024-09-04T19:24:51Z</time>
   </trkpt>
   <trkpt lat="49.2876440" lon="-123.1424370">
    <ele>10.6</ele>
    <time>2024-09-04T19:24:52Z</time>
   </trkpt>
   <trkpt lat="49.2876110" lon="-123.1424360">
    <ele>10.7</ele>
    <time>2024-09-04T19:24:53Z</time>
   </trkpt>
   <trkpt lat="49.2875790" lon="-123.1424330">
    <ele>10.7</ele>
    <time>2024-09-04T19:24:54Z</time>
   </trkpt>
   <trkpt lat="49.2875480" lon="-123.1424310">
    <ele>10.7</ele>
    <time>2024-09-04T19:24:55Z</time>
   </trkpt>
   <trkpt lat="49.2875150" lon="-123.1424290">
    <ele>10.7</ele>
    <time>2024-09-04T19:24:56Z</time>
   </trkpt>
   <trkpt lat="49.2874840" lon="-123.1424270">
    <ele>10.7</ele>
    <time>2024-09-04T19:24:57Z</time>
   </trkpt>
   <trkpt lat="49.2874530" lon="-123.1424250">
    <ele>10.8</ele>
    <time>2024-09-04T19:24:58Z</time>
   </trkpt>
   <trkpt lat="49.2874200" lon="-123.1424260">
    <ele>10.8</ele>
    <time>2024-09-04T19:24:59Z</time>
   </trkpt>
   <trkpt lat="49.2873850" lon="-123.1424260">
    <ele>10.8</ele>
    <time>2024-09-04T19:25:00Z</time>
   </trkpt>
   <trkpt lat="49.2873490" lon="-123.1424220">
    <ele>10.8</ele>
    <time>2024-09-04T19:25:01Z</time>
   </trkpt>
   <trkpt lat="49.2873090" lon="-123.1424290">
    <ele>10.9</ele>
    <time>2024-09-04T19:25:02Z</time>
   </trkpt>
   <trkpt lat="49.2872670" lon="-123.1424350">
    <ele>10.9</ele>
    <time>2024-09-04T19:25:03Z</time>
   </trkpt>
   <trkpt lat="49.2872220" lon="-123.1424360">
    <ele>10.9</ele>
    <time>2024-09-04T19:25:04Z</time>
   </trkpt>
   <trkpt lat="49.2871730" lon="-123.1424340">
    <ele>11.0</ele>
    <time>2024-09-04T19:25:05Z</time>
   </trkpt>
   <trkpt lat="49.2871260" lon="-123.1424370">
    <ele>11.0</ele>
    <time>2024-09-04T19:25:06Z</time>
   </trkpt>
   <trkpt lat="49.2870800" lon="-123.1424380">
    <ele>11.0</ele>
    <time>2024-09-04T19:25:07Z</time>
   </trkpt>
   <trkpt lat="49.2870340" lon="-123.1424420">
    <ele>11.0</ele>
    <time>2024-09-04T19:25:08Z</time>
   </trkpt>
   <trkpt lat="49.2869880" lon="-123.1424510">
    <ele>11.1</ele>
    <time>2024-09-04T19:25:09Z</time>
   </trkpt>
   <trkpt lat="49.2869390" lon="-123.1424620">
    <ele>11.1</ele>
    <time>2024-09-04T19:25:10Z</time>
   </trkpt>
   <trkpt lat="49.2868890" lon="-123.1424730">
    <ele>11.1</ele>
    <time>2024-09-04T19:25:11Z</time>
   </trkpt>
   <trkpt lat="49.2868430" lon="-123.1424930">
    <ele>11.1</ele>
    <time>2024-09-04T19:25:12Z</time>
   </trkpt>
   <trkpt lat="49.2867970" lon="-123.1425220">
    <ele>11.2</ele>
    <time>2024-09-04T19:25:13Z</time>
   </trkpt>
   <trkpt lat="49.2867470" lon="-123.1425520">
    <ele>11.2</ele>
    <time>2024-09-04T19:25:14Z</time>
   </trkpt>
   <trkpt lat="49.2866970" lon="-123.1425600">
    <ele>11.2</ele>
    <time>2024-09-04T19:25:15Z</time>
   </trkpt>
   <trkpt lat="49.2866460" lon="-123.1425580">
    <ele>11.3</ele>
    <time>2024-09-04T19:25:16Z</time>
   </trkpt>
   <trkpt lat="49.2865920" lon="-123.1425460">
    <ele>11.3</ele>
    <time>2024-09-04T19:25:17Z</time>
   </trkpt>
   <trkpt lat="49.2865420" lon="-123.1425380">
    <ele>11.3</ele>
    <time>2024-09-04T19:25:18Z</time>
   </trkpt>
   <trkpt lat="49.2864920" lon="-123.1425490">
    <ele>11.4</ele>
    <time>2024-09-04T19:25:19Z</time>
   </trkpt>
   <trkpt lat="49.2864390" lon="-123.1425610">
    <ele>11.4</ele>
    <time>2024-09-04T19:25:20Z</time>
   </trkpt>
   <trkpt lat="49.2863860" lon="-123.1425750">
    <ele>11.5</ele>
    <time>2024-09-04T19:25:21Z</time>
   </trkpt>
   <trkpt lat="49.2863300" lon="-123.1425850">
    <ele>11.5</ele>
    <time>2024-09-04T19:25:22Z</time>
   </trkpt>
   <trkpt lat="49.2862740" lon="-123.1425960">
    <ele>11.6</ele>
    <time>2024-09-04T19:25:23Z</time>
   </trkpt>
   <trkpt lat="49.2862210" lon="-123.1426050">
    <ele>11.6</ele>
    <time>2024-09-04T19:25:24Z</time>
   </trkpt>
   <trkpt lat="49.2861660" lon="-123.1426140">
    <ele>11.6</ele>
    <time>2024-09-04T19:25:25Z</time>
   </trkpt>
   <trkpt lat="49.2861130" lon="-123.1426200">
    <ele>11.6</ele>
    <time>2024-09-04T19:25:26Z</time>
   </trkpt>
   <trkpt lat="49.2860580" lon="-123.1426330">
    <ele>11.7</ele>
    <time>2024-09-04T19:25:27Z</time>
   </trkpt>
   <trkpt lat="49.2859980" lon="-123.1426500">
    <ele>11.7</ele>
    <time>2024-09-04T19:25:28Z</time>
   </trkpt>
   <trkpt lat="49.2859390" lon="-123.1426620">
    <ele>11.7</ele>
    <time>2024-09-04T19:25:29Z</time>
   </trkpt>
   <trkpt lat="49.2858810" lon="-123.1426760">
    <ele>11.7</ele>
    <time>2024-09-04T19:25:30Z</time>
   </trkpt>
   <trkpt lat="49.2858230" lon="-123.1426880">
    <ele>11.7</ele>
    <time>2024-09-04T19:25:31Z</time>
   </trkpt>
   <trkpt lat="49.2857640" lon="-123.1427020">
    <ele>11.7</ele>
    <time>2024-09-04T19:25:32Z</time>
   </trkpt>
   <trkpt lat="49.2857050" lon="-123.1427160">
    <ele>11.7</ele>
    <time>2024-09-04T19:25:33Z</time>
   </trkpt>
   <trkpt lat="49.2856460" lon="-123.1427290">
    <ele>11.7</ele>
    <time>2024-09-04T19:25:34Z</time>
   </trkpt>
   <trkpt lat="49.2855870" lon="-123.1427400">
    <ele>11.8</ele>
    <time>2024-09-04T19:25:35Z</time>
   </trkpt>
   <trkpt lat="49.2855280" lon="-123.1427510">
    <ele>11.8</ele>
    <time>2024-09-04T19:25:36Z</time>
   </trkpt>
   <trkpt lat="49.2854700" lon="-123.1427650">
    <ele>11.8</ele>
    <time>2024-09-04T19:25:37Z</time>
   </trkpt>
   <trkpt lat="49.2854120" lon="-123.1427760">
    <ele>11.8</ele>
    <time>2024-09-04T19:25:38Z</time>
   </trkpt>
   <trkpt lat="49.2853540" lon="-123.1427850">
    <ele>11.9</ele>
    <time>2024-09-04T19:25:39Z</time>
   </trkpt>
   <trkpt lat="49.2852960" lon="-123.1427980">
    <ele>11.9</ele>
    <time>2024-09-04T19:25:40Z</time>
   </trkpt>
   <trkpt lat="49.2852380" lon="-123.1428110">
    <ele>12.0</ele>
    <time>2024-09-04T19:25:41Z</time>
   </trkpt>
   <trkpt lat="49.2851810" lon="-123.1428240">
    <ele>12.0</ele>
    <time>2024-09-04T19:25:42Z</time>
   </trkpt>
   <trkpt lat="49.2851240" lon="-123.1428340">
    <ele>12.0</ele>
    <time>2024-09-04T19:25:43Z</time>
   </trkpt>
   <trkpt lat="49.2850680" lon="-123.1428450">
    <ele>12.1</ele>
    <time>2024-09-04T19:25:44Z</time>
   </trkpt>
   <trkpt lat="49.2850110" lon="-123.1428570">
    <ele>12.1</ele>
    <time>2024-09-04T19:25:45Z</time>
   </trkpt>
   <trkpt lat="49.2849560" lon="-123.1428700">
    <ele>12.2</ele>
    <time>2024-09-04T19:25:46Z</time>
   </trkpt>
   <trkpt lat="49.2849010" lon="-123.1428850">
    <ele>12.2</ele>
    <time>2024-09-04T19:25:47Z</time>
   </trkpt>
   <trkpt lat="49.2848460" lon="-123.1428950">
    <ele>12.2</ele>
    <time>2024-09-04T19:25:48Z</time>
   </trkpt>
   <trkpt lat="49.2847920" lon="-123.1429060">
    <ele>12.2</ele>
    <time>2024-09-04T19:25:49Z</time>
   </trkpt>
   <trkpt lat="49.2847330" lon="-123.1429110">
    <ele>12.2</ele>
    <time>2024-09-04T19:25:50Z</time>
   </trkpt>
   <trkpt lat="49.2846760" lon="-123.1429130">
    <ele>12.2</ele>
    <time>2024-09-04T19:25:51Z</time>
   </trkpt>
   <trkpt lat="49.2846200" lon="-123.1429080">
    <ele>12.3</ele>
    <time>2024-09-04T19:25:52Z</time>
   </trkpt>
   <trkpt lat="49.2845590" lon="-123.1429000">
    <ele>12.3</ele>
    <time>2024-09-04T19:25:53Z</time>
   </trkpt>
   <trkpt lat="49.2844980" lon="-123.1428900">
    <ele>12.3</ele>
    <time>2024-09-04T19:25:54Z</time>
   </trkpt>
   <trkpt lat="49.2844390" lon="-123.1428670">
    <ele>12.3</ele>
    <time>2024-09-04T19:25:55Z</time>
   </trkpt>
   <trkpt lat="49.2843790" lon="-123.1428380">
    <ele>12.3</ele>
    <time>2024-09-04T19:25:56Z</time>
   </trkpt>
   <trkpt lat="49.2843200" lon="-123.1428030">
    <ele>12.3</ele>
    <time>2024-09-04T19:25:57Z</time>
   </trkpt>
   <trkpt lat="49.2842610" lon="-123.1427710">
    <ele>12.3</ele>
    <time>2024-09-04T19:25:58Z</time>
   </trkpt>
   <trkpt lat="49.2842050" lon="-123.1427350">
    <ele>12.3</ele>
    <time>2024-09-04T19:25:59Z</time>
   </trkpt>
   <trkpt lat="49.2841510" lon="-123.1427030">
    <ele>12.3</ele>
    <time>2024-09-04T19:26:00Z</time>
   </trkpt>
   <trkpt lat="49.2841000" lon="-123.1426680">
    <ele>12.4</ele>
    <time>2024-09-04T19:26:01Z</time>
   </trkpt>
   <trkpt lat="49.2840490" lon="-123.1426330">
    <ele>12.4</ele>
    <time>2024-09-04T19:26:02Z</time>
   </trkpt>
   <trkpt lat="49.2839940" lon="-123.1425990">
    <ele>12.4</ele>
    <time>2024-09-04T19:26:03Z</time>
   </trkpt>
   <trkpt lat="49.2839400" lon="-123.1425620">
    <ele>12.4</ele>
    <time>2024-09-04T19:26:04Z</time>
   </trkpt>
   <trkpt lat="49.2838850" lon="-123.1425240">
    <ele>12.4</ele>
    <time>2024-09-04T19:26:05Z</time>
   </trkpt>
   <trkpt lat="49.2838290" lon="-123.1424910">
    <ele>12.4</ele>
    <time>2024-09-04T19:26:06Z</time>
   </trkpt>
   <trkpt lat="49.2837730" lon="-123.1424550">
    <ele>12.5</ele>
    <time>2024-09-04T19:26:07Z</time>
   </trkpt>
   <trkpt lat="49.2837160" lon="-123.1424200">
    <ele>12.5</ele>
    <time>2024-09-04T19:26:08Z</time>
   </trkpt>
   <trkpt lat="49.2836620" lon="-123.1423840">
    <ele>12.5</ele>
    <time>2024-09-04T19:26:09Z</time>
   </trkpt>
   <trkpt lat="49.2836070" lon="-123.1423480">
    <ele>12.6</ele>
    <time>2024-09-04T19:26:10Z</time>
   </trkpt>
   <trkpt lat="49.2835530" lon="-123.1423150">
    <ele>12.6</ele>
    <time>2024-09-04T19:26:11Z</time>
   </trkpt>
   <trkpt lat="49.2834990" lon="-123.1422810">
    <ele>12.6</ele>
    <time>2024-09-04T19:26:12Z</time>
   </trkpt>
   <trkpt lat="49.2834470" lon="-123.1422460">
    <ele>12.7</ele>
    <time>2024-09-04T19:26:13Z</time>
   </trkpt>
   <trkpt lat="49.2833930" lon="-123.1422130">
    <ele>12.7</ele>
    <time>2024-09-04T19:26:14Z</time>
   </trkpt>
   <trkpt lat="49.2833400" lon="-123.1421760">
    <ele>12.7</ele>
    <time>2024-09-04T19:26:15Z</time>
   </trkpt>
   <trkpt lat="49.2832860" lon="-123.1421420">
    <ele>12.8</ele>
    <time>2024-09-04T19:26:16Z</time>
   </trkpt>
   <trkpt lat="49.2832340" lon="-123.1421040">
    <ele>12.8</ele>
    <time>2024-09-04T19:26:17Z</time>
   </trkpt>
   <trkpt lat="49.2831830" lon="-123.1420610">
    <ele>12.8</ele>
    <time>2024-09-04T19:26:18Z</time>
   </trkpt>
   <trkpt lat="49.2831330" lon="-123.1420080">
    <ele>12.9</ele>
    <time>2024-09-04T19:26:19Z</time>
   </trkpt>
   <trkpt lat="49.2830830" lon="-123.1419540">
    <ele>12.9</ele>
    <time>2024-09-04T19:26:20Z</time>
   </trkpt>
   <trkpt lat="49.2830380" lon="-123.1418970">
    <ele>12.9</ele>
    <time>2024-09-04T19:26:21Z</time>
   </trkpt>
   <trkpt lat="49.2829920" lon="-123.1418360">
    <ele>13.0</ele>
    <time>2024-09-04T19:26:23Z</time>
   </trkpt>
   <trkpt lat="49.2829490" lon="-123.1417690">
    <ele>13.0</ele>
    <time>2024-09-04T19:26:24Z</time>
   </trkpt>
   <trkpt lat="49.2829050" lon="-123.1416980">
    <ele>13.1</ele>
    <time>2024-09-04T19:26:25Z</time>
   </trkpt>
   <trkpt lat="49.2828610" lon="-123.1416310">
    <ele>13.1</ele>
    <time>2024-09-04T19:26:26Z</time>
   </trkpt>
   <trkpt lat="49.2828160" lon="-123.1415640">
    <ele>13.2</ele>
    <time>2024-09-04T19:26:27Z</time>
   </trkpt>
   <trkpt lat="49.2827730" lon="-123.1414960">
    <ele>13.2</ele>
    <time>2024-09-04T19:26:28Z</time>
   </trkpt>
   <trkpt lat="49.2827290" lon="-123.1414270">
    <ele>13.2</ele>
    <time>2024-09-04T19:26:29Z</time>
   </trkpt>
   <trkpt lat="49.2826840" lon="-123.1413580">
    <ele>13.3</ele>
    <time>2024-09-04T19:26:30Z</time>
   </trkpt>
   <trkpt lat="49.2826400" lon="-123.1412880">
    <ele>13.3</ele>
    <time>2024-09-04T19:26:31Z</time>
   </trkpt>
   <trkpt lat="49.2825970" lon="-123.1412190">
    <ele>13.4</ele>
    <time>2024-09-04T19:26:32Z</time>
   </trkpt>
   <trkpt lat="49.2825510" lon="-123.1411530">
    <ele>13.4</ele>
    <time>2024-09-04T19:26:33Z</time>
   </trkpt>
   <trkpt lat="49.2825100" lon="-123.1410850">
    <ele>13.5</ele>
    <time>2024-09-04T19:26:34Z</time>
   </trkpt>
   <trkpt lat="49.2824690" lon="-123.1410180">
    <ele>13.6</ele>
    <time>2024-09-04T19:26:35Z</time>
   </trkpt>
   <trkpt lat="49.2824260" lon="-123.1409510">
    <ele>13.6</ele>
    <time>2024-09-04T19:26:36Z</time>
   </trkpt>
   <trkpt lat="49.2823860" lon="-123.1408830">
    <ele>13.7</ele>
    <time>2024-09-04T19:26:37Z</time>
   </trkpt>
   <trkpt lat="49.2823470" lon="-123.1408210">
    <ele>13.7</ele>
    <time>2024-09-04T19:26:38Z</time>
   </trkpt>
   <trkpt lat="49.2823150" lon="-123.1407690">
    <ele>13.7</ele>
    <time>2024-09-04T19:26:39Z</time>
   </trkpt>
   <trkpt lat="49.2822820" lon="-123.1407180">
    <ele>13.8</ele>
    <time>2024-09-04T19:26:40Z</time>
   </trkpt>
   <trkpt lat="49.2822450" lon="-123.1406640">
    <ele>13.8</ele>
    <time>2024-09-04T19:26:41Z</time>
   </trkpt>
   <trkpt lat="49.2822070" lon="-123.1406080">
    <ele>13.8</ele>
    <time>2024-09-04T19:26:42Z</time>
   </trkpt>
   <trkpt lat="49.2821680" lon="-123.1405480">
    <ele>13.8</ele>
    <time>2024-09-04T19:26:43Z</time>
   </trkpt>
   <trkpt lat="49.2821280" lon="-123.1404880">
    <ele>13.9</ele>
    <time>2024-09-04T19:26:44Z</time>
   </trkpt>
   <trkpt lat="49.2820890" lon="-123.1404260">
    <ele>13.9</ele>
    <time>2024-09-04T19:26:45Z</time>
   </trkpt>
   <trkpt lat="49.2820490" lon="-123.1403610">
    <ele>13.9</ele>
    <time>2024-09-04T19:26:46Z</time>
   </trkpt>
   <trkpt lat="49.2820080" lon="-123.1402960">
    <ele>14.0</ele>
    <time>2024-09-04T19:26:47Z</time>
   </trkpt>
   <trkpt lat="49.2819660" lon="-123.1402330">
    <ele>14.0</ele>
    <time>2024-09-04T19:26:48Z</time>
   </trkpt>
   <trkpt lat="49.2819220" lon="-123.1401690">
    <ele>14.0</ele>
    <time>2024-09-04T19:26:49Z</time>
   </trkpt>
   <trkpt lat="49.2818810" lon="-123.1401020">
    <ele>14.1</ele>
    <time>2024-09-04T19:26:50Z</time>
   </trkpt>
   <trkpt lat="49.2818390" lon="-123.1400370">
    <ele>14.1</ele>
    <time>2024-09-04T19:26:51Z</time>
   </trkpt>
   <trkpt lat="49.2817970" lon="-123.1399700">
    <ele>14.1</ele>
    <time>2024-09-04T19:26:52Z</time>
   </trkpt>
   <trkpt lat="49.2817530" lon="-123.1399030">
    <ele>14.1</ele>
    <time>2024-09-04T19:26:53Z</time>
   </trkpt>
   <trkpt lat="49.2817100" lon="-123.1398360">
    <ele>14.1</ele>
    <time>2024-09-04T19:26:54Z</time>
   </trkpt>
   <trkpt lat="49.2816690" lon="-123.1397680">
    <ele>14.2</ele>
    <time>2024-09-04T19:26:55Z</time>
   </trkpt>
   <trkpt lat="49.2816260" lon="-123.1397050">
    <ele>14.2</ele>
    <time>2024-09-04T19:26:56Z</time>
   </trkpt>
   <trkpt lat="49.2815840" lon="-123.1396420">
    <ele>14.2</ele>
    <time>2024-09-04T19:26:57Z</time>
   </trkpt>
   <trkpt lat="49.2814990" lon="-123.1395150">
    <ele>14.3</ele>
    <time>2024-09-04T19:26:58Z</time>
   </trkpt>
   <trkpt lat="49.2814550" lon="-123.1394500">
    <ele>14.3</ele>
    <time>2024-09-04T19:26:59Z</time>
   </trkpt>
   <trkpt lat="49.2814090" lon="-123.1393850">
    <ele>14.4</ele>
    <time>2024-09-04T19:27:00Z</time>
   </trkpt>
   <trkpt lat="49.2813640" lon="-123.1393210">
    <ele>14.4</ele>
    <time>2024-09-04T19:27:01Z</time>
   </trkpt>
   <trkpt lat="49.2813190" lon="-123.1392600">
    <ele>14.4</ele>
    <time>2024-09-04T19:27:02Z</time>
   </trkpt>
   <trkpt lat="49.2812770" lon="-123.1391930">
    <ele>14.4</ele>
    <time>2024-09-04T19:27:03Z</time>
   </trkpt>
   <trkpt lat="49.2812370" lon="-123.1391210">
    <ele>14.5</ele>
    <time>2024-09-04T19:27:04Z</time>
   </trkpt>
   <trkpt lat="49.2812020" lon="-123.1390460">
    <ele>14.6</ele>
    <time>2024-09-04T19:27:05Z</time>
   </trkpt>
   <trkpt lat="49.2811630" lon="-123.1389760">
    <ele>14.7</ele>
    <time>2024-09-04T19:27:06Z</time>
   </trkpt>
   <trkpt lat="49.2811290" lon="-123.1389090">
    <ele>14.8</ele>
    <time>2024-09-04T19:27:07Z</time>
   </trkpt>
   <trkpt lat="49.2810890" lon="-123.1388440">
    <ele>14.9</ele>
    <time>2024-09-04T19:27:08Z</time>
   </trkpt>
   <trkpt lat="49.2810510" lon="-123.1387840">
    <ele>15.0</ele>
    <time>2024-09-04T19:27:09Z</time>
   </trkpt>
   <trkpt lat="49.2810120" lon="-123.1387260">
    <ele>15.1</ele>
    <time>2024-09-04T19:27:10Z</time>
   </trkpt>
   <trkpt lat="49.2809690" lon="-123.1386600">
    <ele>15.2</ele>
    <time>2024-09-04T19:27:11Z</time>
   </trkpt>
   <trkpt lat="49.2809180" lon="-123.1385960">
    <ele>15.4</ele>
    <time>2024-09-04T19:27:12Z</time>
   </trkpt>
   <trkpt lat="49.2808730" lon="-123.1385270">
    <ele>15.6</ele>
    <time>2024-09-04T19:27:13Z</time>
   </trkpt>
   <trkpt lat="49.2808260" lon="-123.1384520">
    <ele>15.8</ele>
    <time>2024-09-04T19:27:14Z</time>
   </trkpt>
   <trkpt lat="49.2807770" lon="-123.1383730">
    <ele>16.1</ele>
    <time>2024-09-04T19:27:15Z</time>
   </trkpt>
   <trkpt lat="49.2807270" lon="-123.1383000">
    <ele>16.3</ele>
    <time>2024-09-04T19:27:16Z</time>
   </trkpt>
   <trkpt lat="49.2806790" lon="-123.1382330">
    <ele>16.5</ele>
    <time>2024-09-04T19:27:17Z</time>
   </trkpt>
   <trkpt lat="49.2806310" lon="-123.1381630">
    <ele>16.7</ele>
    <time>2024-09-04T19:27:18Z</time>
   </trkpt>
   <trkpt lat="49.2805930" lon="-123.1380950">
    <ele>16.8</ele>
    <time>2024-09-04T19:27:19Z</time>
   </trkpt>
   <trkpt lat="49.2805550" lon="-123.1380330">
    <ele>16.9</ele>
    <time>2024-09-04T19:27:20Z</time>
   </trkpt>
   <trkpt lat="49.2805120" lon="-123.1379710">
    <ele>17.0</ele>
    <time>2024-09-04T19:27:21Z</time>
   </trkpt>
   <trkpt lat="49.2804780" lon="-123.1378960">
    <ele>17.1</ele>
    <time>2024-09-04T19:27:22Z</time>
   </trkpt>
   <trkpt lat="49.2804440" lon="-123.1378340">
    <ele>17.3</ele>
    <time>2024-09-04T19:27:23Z</time>
   </trkpt>
   <trkpt lat="49.2804050" lon="-123.1377680">
    <ele>17.4</ele>
    <time>2024-09-04T19:27:24Z</time>
   </trkpt>
   <trkpt lat="49.2803650" lon="-123.1377040">
    <ele>17.5</ele>
    <time>2024-09-04T19:27:25Z</time>
   </trkpt>
   <trkpt lat="49.2803230" lon="-123.1376400">
    <ele>17.7</ele>
    <time>2024-09-04T19:27:26Z</time>
   </trkpt>
   <trkpt lat="49.2802830" lon="-123.1375740">
    <ele>17.8</ele>
    <time>2024-09-04T19:27:27Z</time>
   </trkpt>
   <trkpt lat="49.2802410" lon="-123.1375140">
    <ele>17.9</ele>
    <time>2024-09-04T19:27:28Z</time>
   </trkpt>
   <trkpt lat="49.2802020" lon="-123.1374500">
    <ele>18.1</ele>
    <time>2024-09-04T19:27:29Z</time>
   </trkpt>
   <trkpt lat="49.2801630" lon="-123.1373890">
    <ele>18.2</ele>
    <time>2024-09-04T19:27:30Z</time>
   </trkpt>
   <trkpt lat="49.2801230" lon="-123.1373250">
    <ele>18.3</ele>
    <time>2024-09-04T19:27:31Z</time>
   </trkpt>
   <trkpt lat="49.2800830" lon="-123.1372620">
    <ele>18.5</ele>
    <time>2024-09-04T19:27:32Z</time>
   </trkpt>
   <trkpt lat="49.2800440" lon="-123.1371980">
    <ele>18.7</ele>
    <time>2024-09-04T19:27:33Z</time>
   </trkpt>
   <trkpt lat="49.2800020" lon="-123.1371370">
    <ele>18.8</ele>
    <time>2024-09-04T19:27:34Z</time>
   </trkpt>
   <trkpt lat="49.2799610" lon="-123.1370750">
    <ele>19.0</ele>
    <time>2024-09-04T19:27:35Z</time>
   </trkpt>
   <trkpt lat="49.2799200" lon="-123.1370070">
    <ele>19.1</ele>
    <time>2024-09-04T19:27:36Z</time>
   </trkpt>
   <trkpt lat="49.2798780" lon="-123.1369420">
    <ele>19.3</ele>
    <time>2024-09-04T19:27:37Z</time>
   </trkpt>
   <trkpt lat="49.2798370" lon="-123.1368780">
    <ele>19.4</ele>
    <time>2024-09-04T19:27:38Z</time>
   </trkpt>
   <trkpt lat="49.2797970" lon="-123.1368140">
    <ele>19.6</ele>
    <time>2024-09-04T19:27:39Z</time>
   </trkpt>
   <trkpt lat="49.2797560" lon="-123.1367510">
    <ele>19.7</ele>
    <time>2024-09-04T19:27:40Z</time>
   </trkpt>
   <trkpt lat="49.2797170" lon="-123.1366850">
    <ele>19.8</ele>
    <time>2024-09-04T19:27:41Z</time>
   </trkpt>
   <trkpt lat="49.2796770" lon="-123.1366220">
    <ele>19.9</ele>
    <time>2024-09-04T19:27:42Z</time>
   </trkpt>
   <trkpt lat="49.2796360" lon="-123.1365640">
    <ele>20.0</ele>
    <time>2024-09-04T19:27:43Z</time>
   </trkpt>
   <trkpt lat="49.2795980" lon="-123.1365040">
    <ele>20.1</ele>
    <time>2024-09-04T19:27:44Z</time>
   </trkpt>
   <trkpt lat="49.2795570" lon="-123.1364530">
    <ele>20.3</ele>
    <time>2024-09-04T19:27:45Z</time>
   </trkpt>
   <trkpt lat="49.2795200" lon="-123.1363960">
    <ele>20.4</ele>
    <time>2024-09-04T19:27:46Z</time>
   </trkpt>
   <trkpt lat="49.2794810" lon="-123.1363340">
    <ele>20.5</ele>
    <time>2024-09-04T19:27:47Z</time>
   </trkpt>
   <trkpt lat="49.2794420" lon="-123.1362750">
    <ele>20.7</ele>
    <time>2024-09-04T19:27:48Z</time>
   </trkpt>
   <trkpt lat="49.2794020" lon="-123.1362100">
    <ele>20.8</ele>
    <time>2024-09-04T19:27:49Z</time>
   </trkpt>
   <trkpt lat="49.2793630" lon="-123.1361530">
    <ele>21.0</ele>
    <time>2024-09-04T19:27:50Z</time>
   </trkpt>
   <trkpt lat="49.2793270" lon="-123.1360880">
    <ele>21.1</ele>
    <time>2024-09-04T19:27:51Z</time>
   </trkpt>
   <trkpt lat="49.2792860" lon="-123.1360260">
    <ele>21.3</ele>
    <time>2024-09-04T19:27:52Z</time>
   </trkpt>
   <trkpt lat="49.2792470" lon="-123.1359690">
    <ele>21.4</ele>
    <time>2024-09-04T19:27:53Z</time>
   </trkpt>
   <trkpt lat="49.2792110" lon="-123.1359090">
    <ele>21.6</ele>
    <time>2024-09-04T19:27:54Z</time>
   </trkpt>
   <trkpt lat="49.2791750" lon="-123.1358560">
    <ele>21.7</ele>
    <time>2024-09-04T19:27:55Z</time>
   </trkpt>
   <trkpt lat="49.2791380" lon="-123.1358010">
    <ele>21.8</ele>
    <time>2024-09-04T19:27:56Z</time>
   </trkpt>
   <trkpt lat="49.2791040" lon="-123.1357420">
    <ele>22.0</ele>
    <time>2024-09-04T19:27:57Z</time>
   </trkpt>
   <trkpt lat="49.2790690" lon="-123.1356810">
    <ele>22.1</ele>
    <time>2024-09-04T19:27:58Z</time>
   </trkpt>
   <trkpt lat="49.2790340" lon="-123.1356230">
    <ele>22.3</ele>
    <time>2024-09-04T19:27:59Z</time>
   </trkpt>
   <trkpt lat="49.2789980" lon="-123.1355660">
    <ele>22.4</ele>
    <time>2024-09-04T19:28:00Z</time>
   </trkpt>
   <trkpt lat="49.2789600" lon="-123.1355100">
    <ele>22.6</ele>
    <time>2024-09-04T19:28:01Z</time>
   </trkpt>
   <trkpt lat="49.2789230" lon="-123.1354530">
    <ele>22.7</ele>
    <time>2024-09-04T19:28:02Z</time>
   </trkpt>
   <trkpt lat="49.2788860" lon="-123.1353930">
    <ele>22.9</ele>
    <time>2024-09-04T19:28:03Z</time>
   </trkpt>
   <trkpt lat="49.2788500" lon="-123.1353350">
    <ele>23.1</ele>
    <time>2024-09-04T19:28:04Z</time>
   </trkpt>
   <trkpt lat="49.2788110" lon="-123.1352810">
    <ele>23.3</ele>
    <time>2024-09-04T19:28:05Z</time>
   </trkpt>
   <trkpt lat="49.2787780" lon="-123.1352270">
    <ele>23.5</ele>
    <time>2024-09-04T19:28:06Z</time>
   </trkpt>
   <trkpt lat="49.2787380" lon="-123.1351700">
    <ele>23.7</ele>
    <time>2024-09-04T19:28:07Z</time>
   </trkpt>
   <trkpt lat="49.2787060" lon="-123.1351120">
    <ele>23.8</ele>
    <time>2024-09-04T19:28:08Z</time>
   </trkpt>
   <trkpt lat="49.2786730" lon="-123.1350550">
    <ele>24.0</ele>
    <time>2024-09-04T19:28:09Z</time>
   </trkpt>
   <trkpt lat="49.2786380" lon="-123.1350010">
    <ele>24.2</ele>
    <time>2024-09-04T19:28:10Z</time>
   </trkpt>
   <trkpt lat="49.2786030" lon="-123.1349520">
    <ele>24.4</ele>
    <time>2024-09-04T19:28:11Z</time>
   </trkpt>
   <trkpt lat="49.2785590" lon="-123.1349010">
    <ele>24.6</ele>
    <time>2024-09-04T19:28:12Z</time>
   </trkpt>
   <trkpt lat="49.2785200" lon="-123.1348560">
    <ele>24.8</ele>
    <time>2024-09-04T19:28:13Z</time>
   </trkpt>
   <trkpt lat="49.2784850" lon="-123.1348040">
    <ele>25.0</ele>
    <time>2024-09-04T19:28:14Z</time>
   </trkpt>
   <trkpt lat="49.2784540" lon="-123.1347540">
    <ele>25.1</ele>
    <time>2024-09-04T19:28:15Z</time>
   </trkpt>
   <trkpt lat="49.2784270" lon="-123.1347080">
    <ele>25.2</ele>
    <time>2024-09-04T19:28:16Z</time>
   </trkpt>
   <trkpt lat="49.2783990" lon="-123.1346670">
    <ele>25.4</ele>
    <time>2024-09-04T19:28:17Z</time>
   </trkpt>
   <trkpt lat="49.2783760" lon="-123.1346300">
    <ele>25.5</ele>
    <time>2024-09-04T19:28:18Z</time>
   </trkpt>
   <trkpt lat="49.2783480" lon="-123.1345940">
    <ele>25.6</ele>
    <time>2024-09-04T19:28:19Z</time>
   </trkpt>
   <trkpt lat="49.2783400" lon="-123.1345860">
    <ele>25.6</ele>
    <time>2024-09-04T19:28:20Z</time>
   </trkpt>
   <trkpt lat="49.2783300" lon="-123.1345700">
    <ele>25.6</ele>
    <time>2024-09-04T19:28:21Z</time>
   </trkpt>
   <trkpt lat="49.2783220" lon="-123.1345610">
    <ele>25.6</ele>
    <time>2024-09-04T19:28:22Z</time>
   </trkpt>
   <trkpt lat="49.2783170" lon="-123.1345620">
    <ele>25.6</ele>
    <time>2024-09-04T19:28:23Z</time>
   </trkpt>
   <trkpt lat="49.2782960" lon="-123.1345270">
    <ele>25.7</ele>
    <time>2024-09-04T19:28:24Z</time>
   </trkpt>
   <trkpt lat="49.2782840" lon="-123.1345120">
    <ele>25.7</ele>
    <time>2024-09-04T19:28:25Z</time>
   </trkpt>
   <trkpt lat="49.2782500" lon="-123.1344770">
    <ele>25.8</ele>
    <time>2024-09-04T19:28:26Z</time>
   </trkpt>
   <trkpt lat="49.2782150" lon="-123.1344430">
    <ele>25.7</ele>
    <time>2024-09-04T19:28:27Z</time>
   </trkpt>
   <trkpt lat="49.2781790" lon="-123.1344020">
    <ele>25.6</ele>
    <time>2024-09-04T19:28:29Z</time>
   </trkpt>
   <trkpt lat="49.2781350" lon="-123.1343460">
    <ele>25.6</ele>
    <time>2024-09-04T19:28:30Z</time>
   </trkpt>
   <trkpt lat="49.2781100" lon="-123.1342920">
    <ele>25.7</ele>
    <time>2024-09-04T19:28:31Z</time>
   </trkpt>
   <trkpt lat="49.2780810" lon="-123.1342470">
    <ele>25.7</ele>
    <time>2024-09-04T19:28:32Z</time>
   </trkpt>
   <trkpt lat="49.2780480" lon="-123.1341860">
    <ele>25.7</ele>
    <time>2024-09-04T19:28:33Z</time>
   </trkpt>
   <trkpt lat="49.2780100" lon="-123.1341360">
    <ele>25.8</ele>
    <time>2024-09-04T19:28:34Z</time>
   </trkpt>
   <trkpt lat="49.2779800" lon="-123.1340710">
    <ele>25.8</ele>
    <time>2024-09-04T19:28:35Z</time>
   </trkpt>
   <trkpt lat="49.2779440" lon="-123.1340230">
    <ele>25.8</ele>
    <time>2024-09-04T19:28:36Z</time>
   </trkpt>
   <trkpt lat="49.2779050" lon="-123.1339700">
    <ele>25.9</ele>
    <time>2024-09-04T19:28:37Z</time>
   </trkpt>
   <trkpt lat="49.2778750" lon="-123.1339180">
    <ele>25.9</ele>
    <time>2024-09-04T19:28:38Z</time>
   </trkpt>
   <trkpt lat="49.2778370" lon="-123.1338630">
    <ele>26.0</ele>
    <time>2024-09-04T19:28:39Z</time>
   </trkpt>
   <trkpt lat="49.2778010" lon="-123.1338040">
    <ele>26.0</ele>
    <time>2024-09-04T19:28:40Z</time>
   </trkpt>
   <trkpt lat="49.2777660" lon="-123.1337490">
    <ele>26.0</ele>
    <time>2024-09-04T19:28:41Z</time>
   </trkpt>
   <trkpt lat="49.2777340" lon="-123.1336940">
    <ele>26.1</ele>
    <time>2024-09-04T19:28:42Z</time>
   </trkpt>
   <trkpt lat="49.2776870" lon="-123.1336390">
    <ele>26.1</ele>
    <time>2024-09-04T19:28:43Z</time>
   </trkpt>
   <trkpt lat="49.2776480" lon="-123.1335830">
    <ele>26.1</ele>
    <time>2024-09-04T19:28:44Z</time>
   </trkpt>
   <trkpt lat="49.2776060" lon="-123.1335360">
    <ele>26.2</ele>
    <time>2024-09-04T19:28:45Z</time>
   </trkpt>
   <trkpt lat="49.2775690" lon="-123.1334790">
    <ele>26.2</ele>
    <time>2024-09-04T19:28:46Z</time>
   </trkpt>
   <trkpt lat="49.2775310" lon="-123.1334230">
    <ele>26.3</ele>
    <time>2024-09-04T19:28:47Z</time>
   </trkpt>
   <trkpt lat="49.2774900" lon="-123.1333750">
    <ele>26.3</ele>
    <time>2024-09-04T19:28:48Z</time>
   </trkpt>
   <trkpt lat="49.2774490" lon="-123.1333190">
    <ele>26.4</ele>
    <time>2024-09-04T19:28:49Z</time>
   </trkpt>
   <trkpt lat="49.2774110" lon="-123.1332670">
    <ele>26.5</ele>
    <time>2024-09-04T19:28:50Z</time>
   </trkpt>
   <trkpt lat="49.2773710" lon="-123.1332190">
    <ele>26.5</ele>
    <time>2024-09-04T19:28:51Z</time>
   </trkpt>
   <trkpt lat="49.2773340" lon="-123.1331650">
    <ele>26.6</ele>
    <time>2024-09-04T19:28:52Z</time>
   </trkpt>
   <trkpt lat="49.2773080" lon="-123.1331050">
    <ele>26.7</ele>
    <time>2024-09-04T19:28:53Z</time>
   </trkpt>
   <trkpt lat="49.2772660" lon="-123.1330590">
    <ele>26.8</ele>
    <time>2024-09-04T19:28:54Z</time>
   </trkpt>
   <trkpt lat="49.2772330" lon="-123.1329910">
    <ele>26.9</ele>
    <time>2024-09-04T19:28:55Z</time>
   </trkpt>
   <trkpt lat="49.2771920" lon="-123.1329460">
    <ele>27.0</ele>
    <time>2024-09-04T19:28:56Z</time>
   </trkpt>
   <trkpt lat="49.2771440" lon="-123.1329200">
    <ele>27.1</ele>
    <time>2024-09-04T19:28:57Z</time>
   </trkpt>
   <trkpt lat="49.2770990" lon="-123.1328860">
    <ele>27.2</ele>
    <time>2024-09-04T19:28:58Z</time>
   </trkpt>
   <trkpt lat="49.2770470" lon="-123.1328630">
    <ele>27.4</ele>
    <time>2024-09-04T19:28:59Z</time>
   </trkpt>
   <trkpt lat="49.2769920" lon="-123.1328480">
    <ele>27.6</ele>
    <time>2024-09-04T19:29:00Z</time>
   </trkpt>
   <trkpt lat="49.2769380" lon="-123.1328670">
    <ele>27.7</ele>
    <time>2024-09-04T19:29:01Z</time>
   </trkpt>
   <trkpt lat="49.2769040" lon="-123.1329410">
    <ele>27.8</ele>
    <time>2024-09-04T19:29:02Z</time>
   </trkpt>
   <trkpt lat="49.2768720" lon="-123.1330160">
    <ele>27.8</ele>
    <time>2024-09-04T19:29:03Z</time>
   </trkpt>
   <trkpt lat="49.2768090" lon="-123.1331550">
    <ele>27.9</ele>
    <time>2024-09-04T19:29:04Z</time>
   </trkpt>
   <trkpt lat="49.2767820" lon="-123.1332290">
    <ele>28.0</ele>
    <time>2024-09-04T19:29:05Z</time>
   </trkpt>
   <trkpt lat="49.2767520" lon="-123.1333060">
    <ele>28.1</ele>
    <time>2024-09-04T19:29:06Z</time>
   </trkpt>
   <trkpt lat="49.2767270" lon="-123.1333800">
    <ele>28.1</ele>
    <time>2024-09-04T19:29:07Z</time>
   </trkpt>
   <trkpt lat="49.2767020" lon="-123.1334540">
    <ele>28.3</ele>
    <time>2024-09-04T19:29:08Z</time>
   </trkpt>
   <trkpt lat="49.2766760" lon="-123.1335330">
    <ele>28.4</ele>
    <time>2024-09-04T19:29:09Z</time>
   </trkpt>
   <trkpt lat="49.2766510" lon="-123.1336110">
    <ele>28.5</ele>
    <time>2024-09-04T19:29:10Z</time>
   </trkpt>
   <trkpt lat="49.2766260" lon="-123.1336880">
    <ele>28.7</ele>
    <time>2024-09-04T19:29:11Z</time>
   </trkpt>
   <trkpt lat="49.2766000" lon="-123.1337680">
    <ele>28.8</ele>
    <time>2024-09-04T19:29:12Z</time>
   </trkpt>
   <trkpt lat="49.2765750" lon="-123.1338490">
    <ele>29.0</ele>
    <time>2024-09-04T19:29:13Z</time>
   </trkpt>
   <trkpt lat="49.2765470" lon="-123.1339320">
    <ele>29.2</ele>
    <time>2024-09-04T19:29:14Z</time>
   </trkpt>
   <trkpt lat="49.2765190" lon="-123.1340130">
    <ele>29.4</ele>
    <time>2024-09-04T19:29:15Z</time>
   </trkpt>
   <trkpt lat="49.2764790" lon="-123.1340960">
    <ele>29.7</ele>
    <time>2024-09-04T19:29:16Z</time>
   </trkpt>
   <trkpt lat="49.2764390" lon="-123.1341760">
    <ele>29.9</ele>
    <time>2024-09-04T19:29:17Z</time>
   </trkpt>
   <trkpt lat="49.2764060" lon="-123.1342720">
    <ele>30.1</ele>
    <time>2024-09-04T19:29:18Z</time>
   </trkpt>
   <trkpt lat="49.2763760" lon="-123.1343670">
    <ele>30.4</ele>
    <time>2024-09-04T19:29:19Z</time>
   </trkpt>
   <trkpt lat="49.2763440" lon="-123.1344620">
    <ele>30.6</ele>
    <time>2024-09-04T19:29:20Z</time>
   </trkpt>
   <trkpt lat="49.2763160" lon="-123.1345580">
    <ele>30.8</ele>
    <time>2024-09-04T19:29:21Z</time>
   </trkpt>
   <trkpt lat="49.2762870" lon="-123.1346540">
    <ele>31.0</ele>
    <time>2024-09-04T19:29:22Z</time>
   </trkpt>
   <trkpt lat="49.2762530" lon="-123.1347450">
    <ele>31.2</ele>
    <time>2024-09-04T19:29:23Z</time>
   </trkpt>
   <trkpt lat="49.2762230" lon="-123.1348400">
    <ele>31.4</ele>
    <time>2024-09-04T19:29:24Z</time>
   </trkpt>
   <trkpt lat="49.2761950" lon="-123.1349340">
    <ele>31.6</ele>
    <time>2024-09-04T19:29:25Z</time>
   </trkpt>
   <trkpt lat="49.2761660" lon="-123.1350310">
    <ele>31.9</ele>
    <time>2024-09-04T19:29:26Z</time>
   </trkpt>
   <trkpt lat="49.2761370" lon="-123.1351260">
    <ele>32.1</ele>
    <time>2024-09-04T19:29:27Z</time>
   </trkpt>
   <trkpt lat="49.2761080" lon="-123.1352200">
    <ele>32.3</ele>
    <time>2024-09-04T19:29:28Z</time>
   </trkpt>
   <trkpt lat="49.2760780" lon="-123.1353120">
    <ele>32.6</ele>
    <time>2024-09-04T19:29:29Z</time>
   </trkpt>
   <trkpt lat="49.2760480" lon="-123.1354060">
    <ele>32.8</ele>
    <time>2024-09-04T19:29:30Z</time>
   </trkpt>
   <trkpt lat="49.2760170" lon="-123.1355020">
    <ele>33.0</ele>
    <time>2024-09-04T19:29:31Z</time>
   </trkpt>
   <trkpt lat="49.2759880" lon="-123.1355920">
    <ele>33.3</ele>
    <time>2024-09-04T19:29:32Z</time>
   </trkpt>
   <trkpt lat="49.2759590" lon="-123.1356820">
    <ele>33.5</ele>
    <time>2024-09-04T19:29:33Z</time>
   </trkpt>
   <trkpt lat="49.2759280" lon="-123.1357750">
    <ele>33.8</ele>
    <time>2024-09-04T19:29:34Z</time>
   </trkpt>
   <trkpt lat="49.2759000" lon="-123.1358640">
    <ele>34.1</ele>
    <time>2024-09-04T19:29:35Z</time>
   </trkpt>
   <trkpt lat="49.2758720" lon="-123.1359550">
    <ele>34.3</ele>
    <time>2024-09-04T19:29:36Z</time>
   </trkpt>
   <trkpt lat="49.2758420" lon="-123.1360480">
    <ele>34.6</ele>
    <time>2024-09-04T19:29:37Z</time>
   </trkpt>
   <trkpt lat="49.2758120" lon="-123.1361410">
    <ele>34.9</ele>
    <time>2024-09-04T19:29:38Z</time>
   </trkpt>
   <trkpt lat="49.2757830" lon="-123.1362310">
    <ele>35.2</ele>
    <time>2024-09-04T19:29:39Z</time>
   </trkpt>
   <trkpt lat="49.2757510" lon="-123.1363180">
    <ele>35.5</ele>
    <time>2024-09-04T19:29:40Z</time>
   </trkpt>
   <trkpt lat="49.2757200" lon="-123.1364120">
    <ele>35.8</ele>
    <time>2024-09-04T19:29:41Z</time>
   </trkpt>
   <trkpt lat="49.2756910" lon="-123.1365020">
    <ele>35.9</ele>
    <time>2024-09-04T19:29:42Z</time>
   </trkpt>
   <trkpt lat="49.2756620" lon="-123.1365910">
    <ele>36.1</ele>
    <time>2024-09-04T19:29:43Z</time>
   </trkpt>
   <trkpt lat="49.2756330" lon="-123.1366790">
    <ele>36.2</ele>
    <time>2024-09-04T19:29:44Z</time>
   </trkpt>
   <trkpt lat="49.2756060" lon="-123.1367680">
    <ele>36.3</ele>
    <time>2024-09-04T19:29:45Z</time>
   </trkpt>
   <trkpt lat="49.2755800" lon="-123.1368570">
    <ele>36.4</ele>
    <time>2024-09-04T19:29:46Z</time>
   </trkpt>
   <trkpt lat="49.2755490" lon="-123.1369430">
    <ele>36.4</ele>
    <time>2024-09-04T19:29:47Z</time>
   </trkpt>
   <trkpt lat="49.2755190" lon="-123.1370370">
    <ele>36.4</ele>
    <time>2024-09-04T19:29:48Z</time>
   </trkpt>
   <trkpt lat="49.2754880" lon="-123.1371310">
    <ele>36.3</ele>
    <time>2024-09-04T19:29:49Z</time>
   </trkpt>
   <trkpt lat="49.2754600" lon="-123.1372250">
    <ele>36.1</ele>
    <time>2024-09-04T19:29:50Z</time>
   </trkpt>
   <trkpt lat="49.2754290" lon="-123.1373230">
    <ele>35.9</ele>
    <time>2024-09-04T19:29:51Z</time>
   </trkpt>
   <trkpt lat="49.2753960" lon="-123.1374210">
    <ele>35.6</ele>
    <time>2024-09-04T19:29:52Z</time>
   </trkpt>
   <trkpt lat="49.2753560" lon="-123.1375370">
    <ele>35.3</ele>
    <time>2024-09-04T19:29:53Z</time>
   </trkpt>
   <trkpt lat="49.2753170" lon="-123.1376360">
    <ele>35.0</ele>
    <time>2024-09-04T19:29:54Z</time>
   </trkpt>
   <trkpt lat="49.2752850" lon="-123.1377510">
    <ele>34.7</ele>
    <time>2024-09-04T19:29:55Z</time>
   </trkpt>
   <trkpt lat="49.2752490" lon="-123.1378660">
    <ele>34.4</ele>
    <time>2024-09-04T19:29:56Z</time>
   </trkpt>
   <trkpt lat="49.2752100" lon="-123.1379790">
    <ele>34.2</ele>
    <time>2024-09-04T19:29:57Z</time>
   </trkpt>
   <trkpt lat="49.2751720" lon="-123.1381030">
    <ele>33.9</ele>
    <time>2024-09-04T19:29:58Z</time>
   </trkpt>
   <trkpt lat="49.2751320" lon="-123.1382260">
    <ele>33.6</ele>
    <time>2024-09-04T19:29:59Z</time>
   </trkpt>
   <trkpt lat="49.2750910" lon="-123.1383500">
    <ele>33.3</ele>
    <time>2024-09-04T19:30:00Z</time>
   </trkpt>
   <trkpt lat="49.2750520" lon="-123.1384720">
    <ele>33.0</ele>
    <time>2024-09-04T19:30:01Z</time>
   </trkpt>
   <trkpt lat="49.2750120" lon="-123.1385970">
    <ele>32.6</ele>
    <time>2024-09-04T19:30:02Z</time>
   </trkpt>
   <trkpt lat="49.2749720" lon="-123.1387280">
    <ele>32.2</ele>
    <time>2024-09-04T19:30:03Z</time>
   </trkpt>
   <trkpt lat="49.2749290" lon="-123.1388600">
    <ele>31.8</ele>
    <time>2024-09-04T19:30:04Z</time>
   </trkpt>
   <trkpt lat="49.2748860" lon="-123.1389900">
    <ele>31.5</ele>
    <time>2024-09-04T19:30:05Z</time>
   </trkpt>
   <trkpt lat="49.2748460" lon="-123.1391220">
    <ele>31.1</ele>
    <time>2024-09-04T19:30:06Z</time>
   </trkpt>
   <trkpt lat="49.2748030" lon="-123.1392530">
    <ele>30.8</ele>
    <time>2024-09-04T19:30:07Z</time>
   </trkpt>
   <trkpt lat="49.2747590" lon="-123.1393840">
    <ele>30.4</ele>
    <time>2024-09-04T19:30:08Z</time>
   </trkpt>
   <trkpt lat="49.2747180" lon="-123.1395160">
    <ele>30.1</ele>
    <time>2024-09-04T19:30:09Z</time>
   </trkpt>
   <trkpt lat="49.2746760" lon="-123.1396490">
    <ele>29.8</ele>
    <time>2024-09-04T19:30:10Z</time>
   </trkpt>
   <trkpt lat="49.2746340" lon="-123.1397770">
    <ele>29.5</ele>
    <time>2024-09-04T19:30:11Z</time>
   </trkpt>
   <trkpt lat="49.2745880" lon="-123.1399140">
    <ele>29.1</ele>
    <time>2024-09-04T19:30:12Z</time>
   </trkpt>
   <trkpt lat="49.2745440" lon="-123.1400400">
    <ele>28.8</ele>
    <time>2024-09-04T19:30:13Z</time>
   </trkpt>
   <trkpt lat="49.2745050" lon="-123.1401700">
    <ele>28.5</ele>
    <time>2024-09-04T19:30:14Z</time>
   </trkpt>
   <trkpt lat="49.2744650" lon="-123.1403050">
    <ele>28.2</ele>
    <time>2024-09-04T19:30:15Z</time>
   </trkpt>
   <trkpt lat="49.2744240" lon="-123.1404380">
    <ele>27.8</ele>
    <time>2024-09-04T19:30:16Z</time>
   </trkpt>
   <trkpt lat="49.2743780" lon="-123.1405690">
    <ele>27.5</ele>
    <time>2024-09-04T19:30:17Z</time>
   </trkpt>
   <trkpt lat="49.2743390" lon="-123.1406970">
    <ele>27.1</ele>
    <time>2024-09-04T19:30:18Z</time>
   </trkpt>
   <trkpt lat="49.2742940" lon="-123.1408290">
    <ele>26.8</ele>
    <time>2024-09-04T19:30:19Z</time>
   </trkpt>
   <trkpt lat="49.2742490" lon="-123.1409670">
    <ele>26.4</ele>
    <time>2024-09-04T19:30:20Z</time>
   </trkpt>
   <trkpt lat="49.2742060" lon="-123.1411010">
    <ele>26.0</ele>
    <time>2024-09-04T19:30:21Z</time>
   </trkpt>
   <trkpt lat="49.2741640" lon="-123.1412360">
    <ele>25.6</ele>
    <time>2024-09-04T19:30:22Z</time>
   </trkpt>
   <trkpt lat="49.2741220" lon="-123.1413770">
    <ele>25.3</ele>
    <time>2024-09-04T19:30:23Z</time>
   </trkpt>
   <trkpt lat="49.2740790" lon="-123.1415180">
    <ele>25.0</ele>
    <time>2024-09-04T19:30:24Z</time>
   </trkpt>
   <trkpt lat="49.2740330" lon="-123.1416530">
    <ele>24.6</ele>
    <time>2024-09-04T19:30:25Z</time>
   </trkpt>
   <trkpt lat="49.2739880" lon="-123.1417920">
    <ele>24.2</ele>
    <time>2024-09-04T19:30:26Z</time>
   </trkpt>
   <trkpt lat="49.2739440" lon="-123.1419290">
    <ele>23.9</ele>
    <time>2024-09-04T19:30:27Z</time>
   </trkpt>
   <trkpt lat="49.2739000" lon="-123.1420680">
    <ele>23.5</ele>
    <time>2024-09-04T19:30:28Z</time>
   </trkpt>
   <trkpt lat="49.2738550" lon="-123.1422070">
    <ele>23.2</ele>
    <time>2024-09-04T19:30:29Z</time>
   </trkpt>
   <trkpt lat="49.2738100" lon="-123.1423450">
    <ele>22.9</ele>
    <time>2024-09-04T19:30:30Z</time>
   </trkpt>
   <trkpt lat="49.2737670" lon="-123.1424830">
    <ele>22.6</ele>
    <time>2024-09-04T19:30:31Z</time>
   </trkpt>
   <trkpt lat="49.2737260" lon="-123.1426200">
    <ele>22.3</ele>
    <time>2024-09-04T19:30:32Z</time>
   </trkpt>
   <trkpt lat="49.2736830" lon="-123.1427620">
    <ele>22.0</ele>
    <time>2024-09-04T19:30:33Z</time>
   </trkpt>
   <trkpt lat="49.2736370" lon="-123.1428980">
    <ele>21.7</ele>
    <time>2024-09-04T19:30:35Z</time>
   </trkpt>
   <trkpt lat="49.2735910" lon="-123.1430330">
    <ele>21.4</ele>
    <time>2024-09-04T19:30:36Z</time>
   </trkpt>
   <trkpt lat="49.2735480" lon="-123.1431670">
    <ele>21.2</ele>
    <time>2024-09-04T19:30:37Z</time>
   </trkpt>
   <trkpt lat="49.2735070" lon="-123.1433040">
    <ele>20.9</ele>
    <time>2024-09-04T19:30:38Z</time>
   </trkpt>
   <trkpt lat="49.2734650" lon="-123.1434350">
    <ele>20.6</ele>
    <time>2024-09-04T19:30:39Z</time>
   </trkpt>
   <trkpt lat="49.2734200" lon="-123.1435690">
    <ele>20.4</ele>
    <time>2024-09-04T19:30:40Z</time>
   </trkpt>
   <trkpt lat="49.2733790" lon="-123.1437020">
    <ele>20.1</ele>
    <time>2024-09-04T19:30:41Z</time>
   </trkpt>
   <trkpt lat="49.2733360" lon="-123.1438360">
    <ele>19.8</ele>
    <time>2024-09-04T19:30:42Z</time>
   </trkpt>
   <trkpt lat="49.2732920" lon="-123.1439690">
    <ele>19.5</ele>
    <time>2024-09-04T19:30:43Z</time>
   </trkpt>
   <trkpt lat="49.2732550" lon="-123.1440990">
    <ele>19.1</ele>
    <time>2024-09-04T19:30:44Z</time>
   </trkpt>
   <trkpt lat="49.2732230" lon="-123.1442410">
    <ele>18.7</ele>
    <time>2024-09-04T19:30:45Z</time>
   </trkpt>
   <trkpt lat="49.2731890" lon="-123.1443770">
    <ele>18.3</ele>
    <time>2024-09-04T19:30:46Z</time>
   </trkpt>
   <trkpt lat="49.2731490" lon="-123.1445110">
    <ele>17.9</ele>
    <time>2024-09-04T19:30:47Z</time>
   </trkpt>
   <trkpt lat="49.2731050" lon="-123.1446230">
    <ele>17.5</ele>
    <time>2024-09-04T19:30:48Z</time>
   </trkpt>
   <trkpt lat="49.2730710" lon="-123.1447470">
    <ele>17.2</ele>
    <time>2024-09-04T19:30:49Z</time>
   </trkpt>
   <trkpt lat="49.2730230" lon="-123.1448640">
    <ele>17.0</ele>
    <time>2024-09-04T19:30:50Z</time>
   </trkpt>
   <trkpt lat="49.2729660" lon="-123.1449690">
    <ele>16.8</ele>
    <time>2024-09-04T19:30:51Z</time>
   </trkpt>
   <trkpt lat="49.2729080" lon="-123.1450600">
    <ele>16.6</ele>
    <time>2024-09-04T19:30:52Z</time>
   </trkpt>
   <trkpt lat="49.2728460" lon="-123.1451380">
    <ele>16.5</ele>
    <time>2024-09-04T19:30:53Z</time>
   </trkpt>
   <trkpt lat="49.2727850" lon="-123.1452050">
    <ele>16.4</ele>
    <time>2024-09-04T19:30:54Z</time>
   </trkpt>
   <trkpt lat="49.2727300" lon="-123.1452640">
    <ele>16.4</ele>
    <time>2024-09-04T19:30:55Z</time>
   </trkpt>
   <trkpt lat="49.2726940" lon="-123.1453220">
    <ele>16.3</ele>
    <time>2024-09-04T19:30:56Z</time>
   </trkpt>
   <trkpt lat="49.2726670" lon="-123.1453770">
    <ele>16.3</ele>
    <time>2024-09-04T19:30:57Z</time>
   </trkpt>
   <trkpt lat="49.2726400" lon="-123.1454140">
    <ele>16.3</ele>
    <time>2024-09-04T19:30:58Z</time>
   </trkpt>
   <trkpt lat="49.2726240" lon="-123.1454260">
    <ele>16.3</ele>
    <time>2024-09-04T19:30:59Z</time>
   </trkpt>
   <trkpt lat="49.2726230" lon="-123.1454200">
    <ele>16.3</ele>
    <time>2024-09-04T19:31:00Z</time>
   </trkpt>
   <trkpt lat="49.2726270" lon="-123.1454160">
    <ele>16.3</ele>
    <time>2024-09-04T19:31:01Z</time>
   </trkpt>
   <trkpt lat="49.2726270" lon="-123.1454160">
    <ele>16.3</ele>
    <time>2024-09-04T19:31:02Z</time>
   </trkpt>
   <trkpt lat="49.2726290" lon="-123.1454180">
    <ele>16.3</ele>
    <time>2024-09-04T19:31:03Z</time>
   </trkpt>
   <trkpt lat="49.2726300" lon="-123.1454190">
    <ele>16.3</ele>
    <time>2024-09-04T19:31:04Z</time>
   </trkpt>
   <trkpt lat="49.2726290" lon="-123.1454190">
    <ele>16.3</ele>
    <time>2024-09-04T19:31:05Z</time>
   </trkpt>
   <trkpt lat="49.2726280" lon="-123.1454200">
    <ele>16.3</ele>
    <time>2024-09-04T19:31:06Z</time>
   </trkpt>
   <trkpt lat="49.2726280" lon="-123.1454220">
    <ele>16.3</ele>
    <time>2024-09-04T19:31:07Z</time>
   </trkpt>
   <trkpt lat="49.2726270" lon="-123.1454220">
    <ele>16.3</ele>
    <time>2024-09-04T19:31:08Z</time>
   </trkpt>
   <trkpt lat="49.2726260" lon="-123.1454220">
    <ele>16.3</ele>
    <time>2024-09-04T19:31:09Z</time>
   </trkpt>
   <trkpt lat="49.2725710" lon="-123.1454460">
    <ele>16.3</ele>
    <time>2024-09-04T19:31:19Z</time>
   </trkpt>
   <trkpt lat="49.2725350" lon="-123.1454450">
    <ele>16.2</ele>
    <time>2024-09-04T19:31:20Z</time>
   </trkpt>
   <trkpt lat="49.2724860" lon="-123.1454610">
    <ele>16.1</ele>
    <time>2024-09-04T19:31:21Z</time>
   </trkpt>
   <trkpt lat="49.2724380" lon="-123.1454990">
    <ele>16.0</ele>
    <time>2024-09-04T19:31:22Z</time>
   </trkpt>
   <trkpt lat="49.2723890" lon="-123.1455350">
    <ele>15.9</ele>
    <time>2024-09-04T19:31:23Z</time>
   </trkpt>
   <trkpt lat="49.2723370" lon="-123.1455630">
    <ele>15.8</ele>
    <time>2024-09-04T19:31:24Z</time>
   </trkpt>
   <trkpt lat="49.2722830" lon="-123.1455930">
    <ele>15.6</ele>
    <time>2024-09-04T19:31:25Z</time>
   </trkpt>
   <trkpt lat="49.2722260" lon="-123.1456200">
    <ele>15.5</ele>
    <time>2024-09-04T19:31:26Z</time>
   </trkpt>
   <trkpt lat="49.2721680" lon="-123.1456470">
    <ele>15.3</ele>
    <time>2024-09-04T19:31:27Z</time>
   </trkpt>
   <trkpt lat="49.2721050" lon="-123.1456580">
    <ele>15.1</ele>
    <time>2024-09-04T19:31:28Z</time>
   </trkpt>
   <trkpt lat="49.2720400" lon="-123.1456630">
    <ele>14.9</ele>
    <time>2024-09-04T19:31:29Z</time>
   </trkpt>
   <trkpt lat="49.2719740" lon="-123.1456650">
    <ele>14.7</ele>
    <time>2024-09-04T19:31:30Z</time>
   </trkpt>
   <trkpt lat="49.2719060" lon="-123.1456670">
    <ele>14.6</ele>
    <time>2024-09-04T19:31:31Z</time>
   </trkpt>
   <trkpt lat="49.2718370" lon="-123.1456650">
    <ele>14.5</ele>
    <time>2024-09-04T19:31:32Z</time>
   </trkpt>
   <trkpt lat="49.2717690" lon="-123.1456710">
    <ele>14.3</ele>
    <time>2024-09-04T19:31:33Z</time>
   </trkpt>
   <trkpt lat="49.2716980" lon="-123.1456960">
    <ele>14.2</ele>
    <time>2024-09-04T19:31:34Z</time>
   </trkpt>
   <trkpt lat="49.2716310" lon="-123.1457360">
    <ele>14.1</ele>
    <time>2024-09-04T19:31:35Z</time>
   </trkpt>
   <trkpt lat="49.2715800" lon="-123.1458120">
    <ele>13.9</ele>
    <time>2024-09-04T19:31:36Z</time>
   </trkpt>
   <trkpt lat="49.2715360" lon="-123.1458920">
    <ele>13.7</ele>
    <time>2024-09-04T19:31:37Z</time>
   </trkpt>
   <trkpt lat="49.2715210" lon="-123.1460070">
    <ele>13.4</ele>
    <time>2024-09-04T19:31:38Z</time>
   </trkpt>
   <trkpt lat="49.2715250" lon="-123.1461110">
    <ele>13.1</ele>
    <time>2024-09-04T19:31:39Z</time>
   </trkpt>
   <trkpt lat="49.2715240" lon="-123.1462130">
    <ele>12.9</ele>
    <time>2024-09-04T19:31:40Z</time>
   </trkpt>
   <trkpt lat="49.2715330" lon="-123.1463320">
    <ele>12.7</ele>
    <time>2024-09-04T19:31:41Z</time>
   </trkpt>
   <trkpt lat="49.2715310" lon="-123.1464460">
    <ele>12.5</ele>
    <time>2024-09-04T19:31:42Z</time>
   </trkpt>
   <trkpt lat="49.2715350" lon="-123.1465550">
    <ele>12.3</ele>
    <time>2024-09-04T19:31:43Z</time>
   </trkpt>
   <trkpt lat="49.2715310" lon="-123.1466660">
    <ele>12.2</ele>
    <time>2024-09-04T19:31:44Z</time>
   </trkpt>
   <trkpt lat="49.2715340" lon="-123.1467740">
    <ele>12.0</ele>
    <time>2024-09-04T19:31:45Z</time>
   </trkpt>
   <trkpt lat="49.2715400" lon="-123.1468870">
    <ele>11.9</ele>
    <time>2024-09-04T19:31:46Z</time>
   </trkpt>
   <trkpt lat="49.2715450" lon="-123.1469910">
    <ele>11.8</ele>
    <time>2024-09-04T19:31:47Z</time>
   </trkpt>
   <trkpt lat="49.2715440" lon="-123.1470950">
    <ele>11.7</ele>
    <time>2024-09-04T19:31:48Z</time>
   </trkpt>
   <trkpt lat="49.2715430" lon="-123.1472000">
    <ele>11.5</ele>
    <time>2024-09-04T19:31:49Z</time>
   </trkpt>
   <trkpt lat="49.2715430" lon="-123.1472980">
    <ele>11.4</ele>
    <time>2024-09-04T19:31:50Z</time>
   </trkpt>
   <trkpt lat="49.2715520" lon="-123.1473880">
    <ele>11.3</ele>
    <time>2024-09-04T19:31:51Z</time>
   </trkpt>
   <trkpt lat="49.2715580" lon="-123.1474680">
    <ele>11.2</ele>
    <time>2024-09-04T19:31:52Z</time>
   </trkpt>
   <trkpt lat="49.2715610" lon="-123.1475510">
    <ele>11.1</ele>
    <time>2024-09-04T19:31:53Z</time>
   </trkpt>
   <trkpt lat="49.2715680" lon="-123.1476260">
    <ele>11.0</ele>
    <time>2024-09-04T19:31:54Z</time>
   </trkpt>
   <trkpt lat="49.2715750" lon="-123.1476980">
    <ele>11.0</ele>
    <time>2024-09-04T19:31:55Z</time>
   </trkpt>
   <trkpt lat="49.2715660" lon="-123.1477690">
    <ele>10.9</ele>
    <time>2024-09-04T19:31:56Z</time>
   </trkpt>
   <trkpt lat="49.2715400" lon="-123.1478310">
    <ele>10.8</ele>
    <time>2024-09-04T19:31:57Z</time>
   </trkpt>
   <trkpt lat="49.2715060" lon="-123.1478890">
    <ele>10.8</ele>
    <time>2024-09-04T19:31:58Z</time>
   </trkpt>
   <trkpt lat="49.2714570" lon="-123.1479190">
    <ele>10.7</ele>
    <time>2024-09-04T19:31:59Z</time>
   </trkpt>
   <trkpt lat="49.2713980" lon="-123.1479080">
    <ele>10.6</ele>
    <time>2024-09-04T19:32:00Z</time>
   </trkpt>
   <trkpt lat="49.2713350" lon="-123.1479070">
    <ele>10.6</ele>
    <time>2024-09-04T19:32:01Z</time>
   </trkpt>
   <trkpt lat="49.2712630" lon="-123.1479050">
    <ele>10.5</ele>
    <time>2024-09-04T19:32:02Z</time>
   </trkpt>
   <trkpt lat="49.2711930" lon="-123.1479060">
    <ele>10.5</ele>
    <time>2024-09-04T19:32:03Z</time>
   </trkpt>
   <trkpt lat="49.2711170" lon="-123.1479240">
    <ele>10.5</ele>
    <time>2024-09-04T19:32:04Z</time>
   </trkpt>
   <trkpt lat="49.2710590" lon="-123.1479160">
    <ele>10.5</ele>
    <time>2024-09-04T19:32:05Z</time>
   </trkpt>
   <trkpt lat="49.2709980" lon="-123.1479150">
    <ele>10.5</ele>
    <time>2024-09-04T19:32:06Z</time>
   </trkpt>
   <trkpt lat="49.2709380" lon="-123.1479150">
    <ele>10.6</ele>
    <time>2024-09-04T19:32:07Z</time>
   </trkpt>
   <trkpt lat="49.2708830" lon="-123.1479170">
    <ele>10.6</ele>
    <time>2024-09-04T19:32:08Z</time>
   </trkpt>
   <trkpt lat="49.2708300" lon="-123.1479190">
    <ele>10.7</ele>
    <time>2024-09-04T19:32:09Z</time>
   </trkpt>
   <trkpt lat="49.2707800" lon="-123.1479190">
    <ele>10.7</ele>
    <time>2024-09-04T19:32:10Z</time>
   </trkpt>
   <trkpt lat="49.2707310" lon="-123.1479240">
    <ele>10.7</ele>
    <time>2024-09-04T19:32:11Z</time>
   </trkpt>
   <trkpt lat="49.2706760" lon="-123.1479220">
    <ele>10.8</ele>
    <time>2024-09-04T19:32:12Z</time>
   </trkpt>
   <trkpt lat="49.2706150" lon="-123.1479220">
    <ele>10.8</ele>
    <time>2024-09-04T19:32:13Z</time>
   </trkpt>
   <trkpt lat="49.2705500" lon="-123.1479140">
    <ele>10.8</ele>
    <time>2024-09-04T19:32:14Z</time>
   </trkpt>
   <trkpt lat="49.2704860" lon="-123.1479290">
    <ele>10.9</ele>
    <time>2024-09-04T19:32:15Z</time>
   </trkpt>
   <trkpt lat="49.2704220" lon="-123.1479350">
    <ele>11.0</ele>
    <time>2024-09-04T19:32:16Z</time>
   </trkpt>
   <trkpt lat="49.2703590" lon="-123.1479350">
    <ele>11.1</ele>
    <time>2024-09-04T19:32:17Z</time>
   </trkpt>
   <trkpt lat="49.2702940" lon="-123.1479450">
    <ele>11.2</ele>
    <time>2024-09-04T19:32:18Z</time>
   </trkpt>
   <trkpt lat="49.2702400" lon="-123.1479450">
    <ele>11.3</ele>
    <time>2024-09-04T19:32:19Z</time>
   </trkpt>
   <trkpt lat="49.2701850" lon="-123.1479450">
    <ele>11.5</ele>
    <time>2024-09-04T19:32:20Z</time>
   </trkpt>
   <trkpt lat="49.2701240" lon="-123.1479490">
    <ele>11.8</ele>
    <time>2024-09-04T19:32:21Z</time>
   </trkpt>
   <trkpt lat="49.2700650" lon="-123.1479460">
    <ele>12.0</ele>
    <time>2024-09-04T19:32:22Z</time>
   </trkpt>
   <trkpt lat="49.2700050" lon="-123.1479500">
    <ele>12.3</ele>
    <time>2024-09-04T19:32:23Z</time>
   </trkpt>
   <trkpt lat="49.2699510" lon="-123.1479590">
    <ele>12.5</ele>
    <time>2024-09-04T19:32:24Z</time>
   </trkpt>
   <trkpt lat="49.2698970" lon="-123.1479620">
    <ele>12.7</ele>
    <time>2024-09-04T19:32:25Z</time>
   </trkpt>
   <trkpt lat="49.2698470" lon="-123.1479560">
    <ele>12.9</ele>
    <time>2024-09-04T19:32:26Z</time>
   </trkpt>
   <trkpt lat="49.2697950" lon="-123.1479480">
    <ele>12.8</ele>
    <time>2024-09-04T19:32:27Z</time>
   </trkpt>
   <trkpt lat="49.2697400" lon="-123.1479490">
    <ele>12.9</ele>
    <time>2024-09-04T19:32:28Z</time>
   </trkpt>
   <trkpt lat="49.2696850" lon="-123.1479510">
    <ele>13.1</ele>
    <time>2024-09-04T19:32:29Z</time>
   </trkpt>
   <trkpt lat="49.2696330" lon="-123.1479520">
    <ele>13.3</ele>
    <time>2024-09-04T19:32:30Z</time>
   </trkpt>
   <trkpt lat="49.2695830" lon="-123.1479510">
    <ele>13.5</ele>
    <time>2024-09-04T19:32:31Z</time>
   </trkpt>
   <trkpt lat="49.2695380" lon="-123.1479540">
    <ele>13.7</ele>
    <time>2024-09-04T19:32:32Z</time>
   </trkpt>
   <trkpt lat="49.2694950" lon="-123.1479560">
    <ele>14.0</ele>
    <time>2024-09-04T19:32:33Z</time>
   </trkpt>
   <trkpt lat="49.2694500" lon="-123.1479570">
    <ele>14.2</ele>
    <time>2024-09-04T19:32:34Z</time>
   </trkpt>
   <trkpt lat="49.2694110" lon="-123.1479530">
    <ele>14.4</ele>
    <time>2024-09-04T19:32:35Z</time>
   </trkpt>
   <trkpt lat="49.2693760" lon="-123.1479480">
    <ele>14.6</ele>
    <time>2024-09-04T19:32:36Z</time>
   </trkpt>
   <trkpt lat="49.2693420" lon="-123.1479360">
    <ele>14.9</ele>
    <time>2024-09-04T19:32:37Z</time>
   </trkpt>
   <trkpt lat="49.2693080" lon="-123.1479400">
    <ele>15.2</ele>
    <time>2024-09-04T19:32:38Z</time>
   </trkpt>
   <trkpt lat="49.2692940" lon="-123.1479440">
    <ele>15.3</ele>
    <time>2024-09-04T19:32:39Z</time>
   </trkpt>
   <trkpt lat="49.2692640" lon="-123.1479420">
    <ele>15.5</ele>
    <time>2024-09-04T19:32:41Z</time>
   </trkpt>
   <trkpt lat="49.2692180" lon="-123.1479460">
    <ele>15.9</ele>
    <time>2024-09-04T19:32:42Z</time>
   </trkpt>
   <trkpt lat="49.2691700" lon="-123.1479480">
    <ele>16.2</ele>
    <time>2024-09-04T19:32:43Z</time>
   </trkpt>
   <trkpt lat="49.2691350" lon="-123.1479520">
    <ele>16.5</ele>
    <time>2024-09-04T19:32:44Z</time>
   </trkpt>
   <trkpt lat="49.2690870" lon="-123.1479590">
    <ele>16.9</ele>
    <time>2024-09-04T19:32:45Z</time>
   </trkpt>
   <trkpt lat="49.2690550" lon="-123.1479620">
    <ele>17.1</ele>
    <time>2024-09-04T19:32:46Z</time>
   </trkpt>
   <trkpt lat="49.2690210" lon="-123.1479620">
    <ele>17.4</ele>
    <time>2024-09-04T19:32:47Z</time>
   </trkpt>
   <trkpt lat="49.2689830" lon="-123.1479660">
    <ele>17.6</ele>
    <time>2024-09-04T19:32:48Z</time>
   </trkpt>
   <trkpt lat="49.2689540" lon="-123.1479790">
    <ele>17.7</ele>
    <time>2024-09-04T19:32:49Z</time>
   </trkpt>
   <trkpt lat="49.2689090" lon="-123.1479780">
    <ele>17.8</ele>
    <time>2024-09-04T19:32:50Z</time>
   </trkpt>
   <trkpt lat="49.2688720" lon="-123.1479780">
    <ele>17.9</ele>
    <time>2024-09-04T19:32:51Z</time>
   </trkpt>
   <trkpt lat="49.2688330" lon="-123.1479730">
    <ele>18.1</ele>
    <time>2024-09-04T19:32:52Z</time>
   </trkpt>
   <trkpt lat="49.2687910" lon="-123.1479780">
    <ele>18.3</ele>
    <time>2024-09-04T19:32:53Z</time>
   </trkpt>
   <trkpt lat="49.2687510" lon="-123.1479820">
    <ele>18.4</ele>
    <time>2024-09-04T19:32:54Z</time>
   </trkpt>
   <trkpt lat="49.2687130" lon="-123.1479860">
    <ele>18.6</ele>
    <time>2024-09-04T19:32:55Z</time>
   </trkpt>
   <trkpt lat="49.2686730" lon="-123.1479870">
    <ele>18.8</ele>
    <time>2024-09-04T19:32:56Z</time>
   </trkpt>
   <trkpt lat="49.2686330" lon="-123.1479840">
    <ele>19.0</ele>
    <time>2024-09-04T19:32:57Z</time>
   </trkpt>
   <trkpt lat="49.2685950" lon="-123.1479850">
    <ele>19.2</ele>
    <time>2024-09-04T19:32:58Z</time>
   </trkpt>
   <trkpt lat="49.2685580" lon="-123.1479820">
    <ele>19.4</ele>
    <time>2024-09-04T19:32:59Z</time>
   </trkpt>
   <trkpt lat="49.2685230" lon="-123.1479870">
    <ele>19.6</ele>
    <time>2024-09-04T19:33:00Z</time>
   </trkpt>
   <trkpt lat="49.2684920" lon="-123.1479880">
    <ele>19.7</ele>
    <time>2024-09-04T19:33:01Z</time>
   </trkpt>
   <trkpt lat="49.2684470" lon="-123.1479910">
    <ele>19.9</ele>
    <time>2024-09-04T19:33:02Z</time>
   </trkpt>
   <trkpt lat="49.2684110" lon="-123.1479920">
    <ele>20.1</ele>
    <time>2024-09-04T19:33:03Z</time>
   </trkpt>
   <trkpt lat="49.2683700" lon="-123.1479930">
    <ele>20.3</ele>
    <time>2024-09-04T19:33:04Z</time>
   </trkpt>
   <trkpt lat="49.2683330" lon="-123.1479910">
    <ele>20.5</ele>
    <time>2024-09-04T19:33:05Z</time>
   </trkpt>
   <trkpt lat="49.2682900" lon="-123.1479890">
    <ele>20.7</ele>
    <time>2024-09-04T19:33:06Z</time>
   </trkpt>
   <trkpt lat="49.2682470" lon="-123.1479870">
    <ele>20.9</ele>
    <time>2024-09-04T19:33:07Z</time>
   </trkpt>
   <trkpt lat="49.2682070" lon="-123.1479920">
    <ele>21.1</ele>
    <time>2024-09-04T19:33:08Z</time>
   </trkpt>
   <trkpt lat="49.2681690" lon="-123.1479930">
    <ele>21.3</ele>
    <time>2024-09-04T19:33:09Z</time>
   </trkpt>
   <trkpt lat="49.2681340" lon="-123.1479980">
    <ele>21.4</ele>
    <time>2024-09-04T19:33:10Z</time>
   </trkpt>
   <trkpt lat="49.2681000" lon="-123.1480050">
    <ele>21.5</ele>
    <time>2024-09-04T19:33:11Z</time>
   </trkpt>
   <trkpt lat="49.2680620" lon="-123.1480120">
    <ele>21.6</ele>
    <time>2024-09-04T19:33:12Z</time>
   </trkpt>
   <trkpt lat="49.2680230" lon="-123.1480130">
    <ele>21.8</ele>
    <time>2024-09-04T19:33:13Z</time>
   </trkpt>
   <trkpt lat="49.2679920" lon="-123.1480370">
    <ele>21.9</ele>
    <time>2024-09-04T19:33:14Z</time>
   </trkpt>
   <trkpt lat="49.2679470" lon="-123.1481070">
    <ele>22.0</ele>
    <time>2024-09-04T19:33:15Z</time>
   </trkpt>
   <trkpt lat="49.2679470" lon="-123.1481770">
    <ele>22.0</ele>
    <time>2024-09-04T19:33:16Z</time>
   </trkpt>
   <trkpt lat="49.2679450" lon="-123.1482170">
    <ele>22.0</ele>
    <time>2024-09-04T19:33:17Z</time>
   </trkpt>
   <trkpt lat="49.2679490" lon="-123.1482670">
    <ele>22.1</ele>
    <time>2024-09-04T19:33:18Z</time>
   </trkpt>
   <trkpt lat="49.2679480" lon="-123.1483210">
    <ele>22.1</ele>
    <time>2024-09-04T19:33:19Z</time>
   </trkpt>
   <trkpt lat="49.2679620" lon="-123.1483750">
    <ele>22.2</ele>
    <time>2024-09-04T19:33:20Z</time>
   </trkpt>
   <trkpt lat="49.2679630" lon="-123.1484240">
    <ele>22.3</ele>
    <time>2024-09-04T19:33:21Z</time>
   </trkpt>
   <trkpt lat="49.2679630" lon="-123.1484740">
    <ele>22.3</ele>
    <time>2024-09-04T19:33:22Z</time>
   </trkpt>
   <trkpt lat="49.2679570" lon="-123.1485190">
    <ele>22.4</ele>
    <time>2024-09-04T19:33:23Z</time>
   </trkpt>
   <trkpt lat="49.2679550" lon="-123.1485670">
    <ele>22.5</ele>
    <time>2024-09-04T19:33:24Z</time>
   </trkpt>
   <trkpt lat="49.2679550" lon="-123.1485960">
    <ele>22.5</ele>
    <time>2024-09-04T19:33:25Z</time>
   </trkpt>
   <trkpt lat="49.2679520" lon="-123.1486210">
    <ele>22.5</ele>
    <time>2024-09-04T19:33:26Z</time>
   </trkpt>
   <trkpt lat="49.2679530" lon="-123.1486660">
    <ele>22.6</ele>
    <time>2024-09-04T19:33:27Z</time>
   </trkpt>
   <trkpt lat="49.2679540" lon="-123.1486800">
    <ele>22.6</ele>
    <time>2024-09-04T19:33:28Z</time>
   </trkpt>
   <trkpt lat="49.2679550" lon="-123.1486950">
    <ele>22.6</ele>
    <time>2024-09-04T19:33:29Z</time>
   </trkpt>
   <trkpt lat="49.2679570" lon="-123.1486900">
    <ele>22.6</ele>
    <time>2024-09-04T19:33:30Z</time>
   </trkpt>
   <trkpt lat="49.2679590" lon="-123.1486850">
    <ele>22.7</ele>
    <time>2024-09-04T19:33:31Z</time>
   </trkpt>
   <trkpt lat="49.2679580" lon="-123.1486860">
    <ele>22.7</ele>
    <time>2024-09-04T19:33:32Z</time>
   </trkpt>
   <trkpt lat="49.2679610" lon="-123.1486880">
    <ele>22.7</ele>
    <time>2024-09-04T19:33:33Z</time>
   </trkpt>
   <trkpt lat="49.2679640" lon="-123.1486880">
    <ele>22.7</ele>
    <time>2024-09-04T19:33:34Z</time>
   </trkpt>
   <trkpt lat="49.2679630" lon="-123.1486900">
    <ele>22.7</ele>
    <time>2024-09-04T19:33:35Z</time>
   </trkpt>
   <trkpt lat="49.2679630" lon="-123.1486890">
    <ele>22.7</ele>
    <time>2024-09-04T19:33:36Z</time>
   </trkpt>
   <trkpt lat="49.2679630" lon="-123.1486890">
    <ele>22.7</ele>
    <time>2024-09-04T19:33:37Z</time>
   </trkpt>
   <trkpt lat="49.2679630" lon="-123.1486890">
    <ele>22.7</ele>
    <time>2024-09-04T19:33:38Z</time>
   </trkpt>
   <trkpt lat="49.2679630" lon="-123.1486890">
    <ele>22.7</ele>
    <time>2024-09-04T19:33:39Z</time>
   </trkpt>
   <trkpt lat="49.2679630" lon="-123.1486890">
    <ele>22.7</ele>
    <time>2024-09-04T19:33:40Z</time>
   </trkpt>
   <trkpt lat="49.2681210" lon="-123.1486360">
    <ele>23.0</ele>
    <time>2024-09-04T19:36:20Z</time>
   </trkpt>
   <trkpt lat="49.2680980" lon="-123.1486240">
    <ele>23.1</ele>
    <time>2024-09-04T19:36:21Z</time>
   </trkpt>
   <trkpt lat="49.2680950" lon="-123.1486240">
    <ele>23.1</ele>
    <time>2024-09-04T19:36:22Z</time>
   </trkpt>
   <trkpt lat="49.2680640" lon="-123.1486410">
    <ele>23.2</ele>
    <time>2024-09-04T19:36:23Z</time>
   </trkpt>
   <trkpt lat="49.2680660" lon="-123.1486380">
    <ele>23.2</ele>
    <time>2024-09-04T19:36:24Z</time>
   </trkpt>
   <trkpt lat="49.2680650" lon="-123.1486330">
    <ele>23.2</ele>
    <time>2024-09-04T19:36:25Z</time>
   </trkpt>
   <trkpt lat="49.2680630" lon="-123.1486280">
    <ele>23.2</ele>
    <time>2024-09-04T19:36:26Z</time>
   </trkpt>
   <trkpt lat="49.2680610" lon="-123.1486230">
    <ele>23.2</ele>
    <time>2024-09-04T19:36:27Z</time>
   </trkpt>
   <trkpt lat="49.2680600" lon="-123.1486180">
    <ele>23.2</ele>
    <time>2024-09-04T19:36:28Z</time>
   </trkpt>
   <trkpt lat="49.2680580" lon="-123.1486130">
    <ele>23.2</ele>
    <time>2024-09-04T19:36:29Z</time>
   </trkpt>
   <trkpt lat="49.2680560" lon="-123.1486080">
    <ele>23.2</ele>
    <time>2024-09-04T19:36:30Z</time>
   </trkpt>
   <trkpt lat="49.2680540" lon="-123.1486030">
    <ele>23.2</ele>
    <time>2024-09-04T19:36:31Z</time>
   </trkpt>
   <trkpt lat="49.2680530" lon="-123.1485980">
    <ele>23.2</ele>
    <time>2024-09-04T19:36:44Z</time>
   </trkpt>
   <trkpt lat="49.2680510" lon="-123.1485930">
    <ele>23.3</ele>
    <time>2024-09-04T19:36:45Z</time>
   </trkpt>
   <trkpt lat="49.2680490" lon="-123.1485880">
    <ele>23.3</ele>
    <time>2024-09-04T19:36:46Z</time>
   </trkpt>
   <trkpt lat="49.2680480" lon="-123.1485830">
    <ele>23.3</ele>
    <time>2024-09-04T19:36:47Z</time>
   </trkpt>
   <trkpt lat="49.2680460" lon="-123.1485780">
    <ele>23.3</ele>
    <time>2024-09-04T19:36:48Z</time>
   </trkpt>
   <trkpt lat="49.2680440" lon="-123.1485730">
    <ele>23.3</ele>
    <time>2024-09-04T19:36:49Z</time>
   </trkpt>
   <trkpt lat="49.2680420" lon="-123.1485680">
    <ele>23.3</ele>
    <time>2024-09-04T19:36:50Z</time>
   </trkpt>
   <trkpt lat="49.2680410" lon="-123.1485630">
    <ele>23.3</ele>
    <time>2024-09-04T19:36:51Z</time>
   </trkpt>
   <trkpt lat="49.2680390" lon="-123.1485580">
    <ele>23.3</ele>
    <time>2024-09-04T19:36:53Z</time>
   </trkpt>
   <trkpt lat="49.2680370" lon="-123.1485530">
    <ele>23.3</ele>
    <time>2024-09-04T19:36:54Z</time>
   </trkpt>
   <trkpt lat="49.2680420" lon="-123.1485340">
    <ele>23.4</ele>
    <time>2024-09-04T19:36:55Z</time>
   </trkpt>
   <trkpt lat="49.2680440" lon="-123.1485370">
    <ele>23.4</ele>
    <time>2024-09-04T19:36:56Z</time>
   </trkpt>
   <trkpt lat="49.2680460" lon="-123.1485410">
    <ele>23.4</ele>
    <time>2024-09-04T19:36:57Z</time>
   </trkpt>
   <trkpt lat="49.2680490" lon="-123.1485440">
    <ele>23.4</ele>
    <time>2024-09-04T19:36:58Z</time>
   </trkpt>
   <trkpt lat="49.2680510" lon="-123.1485470">
    <ele>23.4</ele>
    <time>2024-09-04T19:36:59Z</time>
   </trkpt>
   <trkpt lat="49.2680530" lon="-123.1485500">
    <ele>23.4</ele>
    <time>2024-09-04T19:37:00Z</time>
   </trkpt>
   <trkpt lat="49.2680550" lon="-123.1485530">
    <ele>23.4</ele>
    <time>2024-09-04T19:37:01Z</time>
   </trkpt>
   <trkpt lat="49.2680580" lon="-123.1485560">
    <ele>23.4</ele>
    <time>2024-09-04T19:37:02Z</time>
   </trkpt>
   <trkpt lat="49.2680600" lon="-123.1485600">
    <ele>23.4</ele>
    <time>2024-09-04T19:37:03Z</time>
   </trkpt>
   <trkpt lat="49.2680620" lon="-123.1485630">
    <ele>23.4</ele>
    <time>2024-09-04T19:37:04Z</time>
   </trkpt>
   <trkpt lat="49.2680640" lon="-123.1485660">
    <ele>23.4</ele>
    <time>2024-09-04T19:37:05Z</time>
   </trkpt>
   <trkpt lat="49.2680660" lon="-123.1485690">
    <ele>23.4</ele>
    <time>2024-09-04T19:37:06Z</time>
   </trkpt>
   <trkpt lat="49.2680690" lon="-123.1485720">
    <ele>23.4</ele>
    <time>2024-09-04T19:38:41Z</time>
   </trkpt>
   <trkpt lat="49.2680710" lon="-123.1485750">
    <ele>23.5</ele>
    <time>2024-09-04T19:38:42Z</time>
   </trkpt>
   <trkpt lat="49.2680730" lon="-123.1485790">
    <ele>23.5</ele>
    <time>2024-09-04T19:38:43Z</time>
   </trkpt>
   <trkpt lat="49.2680680" lon="-123.1486470">
    <ele>23.6</ele>
    <time>2024-09-04T19:38:44Z</time>
   </trkpt>
   <trkpt lat="49.2680620" lon="-123.1486890">
    <ele>23.6</ele>
    <time>2024-09-04T19:38:45Z</time>
   </trkpt>
   <trkpt lat="49.2680700" lon="-123.1486780">
    <ele>23.7</ele>
    <time>2024-09-04T19:38:46Z</time>
   </trkpt>
   <trkpt lat="49.2680740" lon="-123.1486680">
    <ele>23.7</ele>
    <time>2024-09-04T19:38:47Z</time>
   </trkpt>
   <trkpt lat="49.2680850" lon="-123.1486680">
    <ele>23.7</ele>
    <time>2024-09-04T19:38:48Z</time>
   </trkpt>
   <trkpt lat="49.2680790" lon="-123.1486660">
    <ele>23.7</ele>
    <time>2024-09-04T19:38:49Z</time>
   </trkpt>
   <trkpt lat="49.2680710" lon="-123.1486650">
    <ele>23.7</ele>
    <time>2024-09-04T19:38:50Z</time>
   </trkpt>
   <trkpt lat="49.2680620" lon="-123.1486690">
    <ele>23.8</ele>
    <time>2024-09-04T19:38:51Z</time>
   </trkpt>
   <trkpt lat="49.2680440" lon="-123.1486750">
    <ele>23.8</ele>
    <time>2024-09-04T19:38:52Z</time>
   </trkpt>
   <trkpt lat="49.2680260" lon="-123.1486880">
    <ele>23.8</ele>
    <time>2024-09-04T19:38:53Z</time>
   </trkpt>
   <trkpt lat="49.2680260" lon="-123.1486880">
    <ele>23.8</ele>
    <time>2024-09-04T19:38:54Z</time>
   </trkpt>
   <trkpt lat="49.2680050" lon="-123.1487000">
    <ele>23.9</ele>
    <time>2024-09-04T19:38:55Z</time>
   </trkpt>
   <trkpt lat="49.2679960" lon="-123.1487000">
    <ele>23.9</ele>
    <time>2024-09-04T19:44:54Z</time>
   </trkpt>
   <trkpt lat="49.2679960" lon="-123.1487060">
    <ele>23.9</ele>
    <time>2024-09-04T19:44:55Z</time>
   </trkpt>
   <trkpt lat="49.2679940" lon="-123.1487060">
    <ele>23.9</ele>
    <time>2024-09-04T19:44:56Z</time>
   </trkpt>
   <trkpt lat="49.2679900" lon="-123.1487070">
    <ele>23.9</ele>
    <time>2024-09-04T19:44:57Z</time>
   </trkpt>
   <trkpt lat="49.2679910" lon="-123.1487070">
    <ele>23.9</ele>
    <time>2024-09-04T19:44:58Z</time>
   </trkpt>
   <trkpt lat="49.2679920" lon="-123.1487060">
    <ele>23.9</ele>
    <time>2024-09-04T19:44:59Z</time>
   </trkpt>
   <trkpt lat="49.2679910" lon="-123.1487100">
    <ele>24.0</ele>
    <time>2024-09-04T19:45:00Z</time>
   </trkpt>
   <trkpt lat="49.2679890" lon="-123.1487090">
    <ele>24.0</ele>
    <time>2024-09-04T19:45:01Z</time>
   </trkpt>
   <trkpt lat="49.2679920" lon="-123.1487100">
    <ele>24.0</ele>
    <time>2024-09-04T19:45:02Z</time>
   </trkpt>
   <trkpt lat="49.2679930" lon="-123.1487100">
    <ele>24.0</ele>
    <time>2024-09-04T19:45:03Z</time>
   </trkpt>
   <trkpt lat="49.2679920" lon="-123.1487100">
    <ele>24.0</ele>
    <time>2024-09-04T19:45:04Z</time>
   </trkpt>
   <trkpt lat="49.2680670" lon="-123.1487520">
    <ele>24.2</ele>
    <time>2024-09-04T20:13:58Z</time>
   </trkpt>
   <trkpt lat="49.2680910" lon="-123.1486980">
    <ele>24.0</ele>
    <time>2024-09-04T20:14:00Z</time>
   </trkpt>
   <trkpt lat="49.2680670" lon="-123.1486980">
    <ele>23.9</ele>
    <time>2024-09-04T20:14:01Z</time>
   </trkpt>
   <trkpt lat="49.2680260" lon="-123.1486780">
    <ele>23.7</ele>
    <time>2024-09-04T20:14:02Z</time>
   </trkpt>
   <trkpt lat="49.2680120" lon="-123.1486740">
    <ele>23.6</ele>
    <time>2024-09-04T20:14:04Z</time>
   </trkpt>
   <trkpt lat="49.2680050" lon="-123.1486880">
    <ele>23.6</ele>
    <time>2024-09-04T20:14:05Z</time>
   </trkpt>
   <trkpt lat="49.2679940" lon="-123.1487020">
    <ele>23.5</ele>
    <time>2024-09-04T20:14:06Z</time>
   </trkpt>
   <trkpt lat="49.2679950" lon="-123.1487060">
    <ele>23.5</ele>
    <time>2024-09-04T20:14:07Z</time>
   </trkpt>
   <trkpt lat="49.2679890" lon="-123.1487140">
    <ele>23.5</ele>
    <time>2024-09-04T20:14:08Z</time>
   </trkpt>
   <trkpt lat="49.2680280" lon="-123.1487050">
    <ele>23.3</ele>
    <time>2024-09-04T20:14:32Z</time>
   </trkpt>
   <trkpt lat="49.2680370" lon="-123.1486820">
    <ele>23.3</ele>
    <time>2024-09-04T20:14:33Z</time>
   </trkpt>
   <trkpt lat="49.2680380" lon="-123.1486610">
    <ele>23.2</ele>
    <time>2024-09-04T20:14:34Z</time>
   </trkpt>
   <trkpt lat="49.2680490" lon="-123.1486470">
    <ele>23.2</ele>
    <time>2024-09-04T20:14:35Z</time>
   </trkpt>
   <trkpt lat="49.2680520" lon="-123.1486320">
    <ele>23.1</ele>
    <time>2024-09-04T20:14:36Z</time>
   </trkpt>
   <trkpt lat="49.2680510" lon="-123.1486180">
    <ele>23.1</ele>
    <time>2024-09-04T20:14:37Z</time>
   </trkpt>
   <trkpt lat="49.2680450" lon="-123.1486020">
    <ele>23.0</ele>
    <time>2024-09-04T20:14:38Z</time>
   </trkpt>
   <trkpt lat="49.2680220" lon="-123.1485590">
    <ele>22.9</ele>
    <time>2024-09-04T20:14:39Z</time>
   </trkpt>
   <trkpt lat="49.2680190" lon="-123.1485420">
    <ele>22.9</ele>
    <time>2024-09-04T20:14:40Z</time>
   </trkpt>
   <trkpt lat="49.2680180" lon="-123.1485010">
    <ele>22.8</ele>
    <time>2024-09-04T20:14:41Z</time>
   </trkpt>
   <trkpt lat="49.2680130" lon="-123.1484860">
    <ele>22.7</ele>
    <time>2024-09-04T20:14:42Z</time>
   </trkpt>
   <trkpt lat="49.2680060" lon="-123.1484600">
    <ele>22.7</ele>
    <time>2024-09-04T20:14:43Z</time>
   </trkpt>
   <trkpt lat="49.2680080" lon="-123.1484400">
    <ele>22.6</ele>
    <time>2024-09-04T20:14:44Z</time>
   </trkpt>
   <trkpt lat="49.2680090" lon="-123.1484230">
    <ele>22.6</ele>
    <time>2024-09-04T20:14:45Z</time>
   </trkpt>
   <trkpt lat="49.2680030" lon="-123.1484090">
    <ele>22.5</ele>
    <time>2024-09-04T20:14:46Z</time>
   </trkpt>
   <trkpt lat="49.2680020" lon="-123.1483960">
    <ele>22.5</ele>
    <time>2024-09-04T20:14:47Z</time>
   </trkpt>
   <trkpt lat="49.2679950" lon="-123.1483750">
    <ele>22.5</ele>
    <time>2024-09-04T20:14:48Z</time>
   </trkpt>
   <trkpt lat="49.2679940" lon="-123.1483630">
    <ele>22.4</ele>
    <time>2024-09-04T20:14:49Z</time>
   </trkpt>
   <trkpt lat="49.2679920" lon="-123.1483510">
    <ele>22.4</ele>
    <time>2024-09-04T20:14:50Z</time>
   </trkpt>
   <trkpt lat="49.2679900" lon="-123.1483380">
    <ele>22.4</ele>
    <time>2024-09-04T20:14:51Z</time>
   </trkpt>
   <trkpt lat="49.2679830" lon="-123.1482850">
    <ele>22.3</ele>
    <time>2024-09-04T20:14:52Z</time>
   </trkpt>
   <trkpt lat="49.2679840" lon="-123.1482640">
    <ele>22.2</ele>
    <time>2024-09-04T20:14:53Z</time>
   </trkpt>
   <trkpt lat="49.2679920" lon="-123.1482190">
    <ele>22.1</ele>
    <time>2024-09-04T20:14:54Z</time>
   </trkpt>
   <trkpt lat="49.2679950" lon="-123.1481670">
    <ele>22.0</ele>
    <time>2024-09-04T20:14:55Z</time>
   </trkpt>
   <trkpt lat="49.2679850" lon="-123.1481110">
    <ele>21.9</ele>
    <time>2024-09-04T20:14:56Z</time>
   </trkpt>
   <trkpt lat="49.2679760" lon="-123.1480870">
    <ele>21.9</ele>
    <time>2024-09-04T20:14:57Z</time>
   </trkpt>
   <trkpt lat="49.2679840" lon="-123.1480570">
    <ele>22.0</ele>
    <time>2024-09-04T20:14:58Z</time>
   </trkpt>
   <trkpt lat="49.2679820" lon="-123.1480140">
    <ele>22.0</ele>
    <time>2024-09-04T20:14:59Z</time>
   </trkpt>
   <trkpt lat="49.2679800" lon="-123.1479970">
    <ele>22.0</ele>
    <time>2024-09-04T20:15:00Z</time>
   </trkpt>
   <trkpt lat="49.2679400" lon="-123.1480000">
    <ele>22.1</ele>
    <time>2024-09-04T20:15:01Z</time>
   </trkpt>
   <trkpt lat="49.2679060" lon="-123.1480060">
    <ele>22.2</ele>
    <time>2024-09-04T20:15:02Z</time>
   </trkpt>
   <trkpt lat="49.2678710" lon="-123.1480150">
    <ele>22.4</ele>
    <time>2024-09-04T20:15:03Z</time>
   </trkpt>
   <trkpt lat="49.2678440" lon="-123.1480140">
    <ele>22.5</ele>
    <time>2024-09-04T20:15:04Z</time>
   </trkpt>
   <trkpt lat="49.2678160" lon="-123.1480110">
    <ele>22.6</ele>
    <time>2024-09-04T20:15:05Z</time>
   </trkpt>
   <trkpt lat="49.2677850" lon="-123.1480170">
    <ele>22.8</ele>
    <time>2024-09-04T20:15:06Z</time>
   </trkpt>
   <trkpt lat="49.2677570" lon="-123.1480230">
    <ele>22.9</ele>
    <time>2024-09-04T20:15:07Z</time>
   </trkpt>
   <trkpt lat="49.2677210" lon="-123.1480360">
    <ele>23.1</ele>
    <time>2024-09-04T20:15:08Z</time>
   </trkpt>
   <trkpt lat="49.2677090" lon="-123.1480420">
    <ele>23.2</ele>
    <time>2024-09-04T20:15:09Z</time>
   </trkpt>
   <trkpt lat="49.2676810" lon="-123.1480430">
    <ele>23.4</ele>
    <time>2024-09-04T20:15:10Z</time>
   </trkpt>
   <trkpt lat="49.2676520" lon="-123.1480420">
    <ele>23.6</ele>
    <time>2024-09-04T20:15:11Z</time>
   </trkpt>
   <trkpt lat="49.2676200" lon="-123.1480400">
    <ele>23.8</ele>
    <time>2024-09-04T20:15:12Z</time>
   </trkpt>
   <trkpt lat="49.2675790" lon="-123.1480330">
    <ele>24.3</ele>
    <time>2024-09-04T20:15:13Z</time>
   </trkpt>
   <trkpt lat="49.2675650" lon="-123.1480300">
    <ele>24.4</ele>
    <time>2024-09-04T20:15:14Z</time>
   </trkpt>
   <trkpt lat="49.2675370" lon="-123.1480280">
    <ele>24.7</ele>
    <time>2024-09-04T20:15:15Z</time>
   </trkpt>
   <trkpt lat="49.2675100" lon="-123.1480260">
    <ele>24.9</ele>
    <time>2024-09-04T20:15:16Z</time>
   </trkpt>
   <trkpt lat="49.2674810" lon="-123.1480260">
    <ele>25.2</ele>
    <time>2024-09-04T20:15:17Z</time>
   </trkpt>
   <trkpt lat="49.2674520" lon="-123.1480210">
    <ele>25.5</ele>
    <time>2024-09-04T20:15:18Z</time>
   </trkpt>
   <trkpt lat="49.2674220" lon="-123.1480180">
    <ele>25.8</ele>
    <time>2024-09-04T20:15:19Z</time>
   </trkpt>
   <trkpt lat="49.2673930" lon="-123.1480210">
    <ele>26.0</ele>
    <time>2024-09-04T20:15:20Z</time>
   </trkpt>
   <trkpt lat="49.2673640" lon="-123.1480140">
    <ele>26.3</ele>
    <time>2024-09-04T20:15:21Z</time>
   </trkpt>
   <trkpt lat="49.2673370" lon="-123.1480050">
    <ele>26.5</ele>
    <time>2024-09-04T20:15:22Z</time>
   </trkpt>
   <trkpt lat="49.2673080" lon="-123.1479990">
    <ele>26.9</ele>
    <time>2024-09-04T20:15:23Z</time>
   </trkpt>
   <trkpt lat="49.2672770" lon="-123.1480080">
    <ele>27.0</ele>
    <time>2024-09-04T20:15:24Z</time>
   </trkpt>
   <trkpt lat="49.2672410" lon="-123.1480260">
    <ele>26.9</ele>
    <time>2024-09-04T20:15:25Z</time>
   </trkpt>
   <trkpt lat="49.2672290" lon="-123.1480340">
    <ele>26.8</ele>
    <time>2024-09-04T20:15:26Z</time>
   </trkpt>
   <trkpt lat="49.2671970" lon="-123.1480540">
    <ele>26.5</ele>
    <time>2024-09-04T20:15:27Z</time>
   </trkpt>
   <trkpt lat="49.2671860" lon="-123.1480640">
    <ele>26.4</ele>
    <time>2024-09-04T20:15:28Z</time>
   </trkpt>
   <trkpt lat="49.2671560" lon="-123.1480840">
    <ele>26.5</ele>
    <time>2024-09-04T20:15:29Z</time>
   </trkpt>
   <trkpt lat="49.2671460" lon="-123.1480880">
    <ele>26.5</ele>
    <time>2024-09-04T20:15:30Z</time>
   </trkpt>
   <trkpt lat="49.2671170" lon="-123.1480880">
    <ele>26.6</ele>
    <time>2024-09-04T20:15:31Z</time>
   </trkpt>
   <trkpt lat="49.2671060" lon="-123.1480840">
    <ele>26.7</ele>
    <time>2024-09-04T20:15:32Z</time>
   </trkpt>
   <trkpt lat="49.2670800" lon="-123.1480550">
    <ele>26.9</ele>
    <time>2024-09-04T20:15:33Z</time>
   </trkpt>
   <trkpt lat="49.2670700" lon="-123.1480500">
    <ele>26.9</ele>
    <time>2024-09-04T20:15:34Z</time>
   </trkpt>
   <trkpt lat="49.2670390" lon="-123.1480460">
    <ele>27.2</ele>
    <time>2024-09-04T20:15:35Z</time>
   </trkpt>
   <trkpt lat="49.2670260" lon="-123.1480420">
    <ele>27.2</ele>
    <time>2024-09-04T20:15:36Z</time>
   </trkpt>
   <trkpt lat="49.2669920" lon="-123.1480420">
    <ele>27.5</ele>
    <time>2024-09-04T20:15:37Z</time>
   </trkpt>
   <trkpt lat="49.2669800" lon="-123.1480420">
    <ele>27.6</ele>
    <time>2024-09-04T20:15:38Z</time>
   </trkpt>
   <trkpt lat="49.2669460" lon="-123.1480450">
    <ele>27.8</ele>
    <time>2024-09-04T20:15:39Z</time>
   </trkpt>
   <trkpt lat="49.2669340" lon="-123.1480460">
    <ele>27.9</ele>
    <time>2024-09-04T20:15:40Z</time>
   </trkpt>
   <trkpt lat="49.2669000" lon="-123.1480300">
    <ele>28.2</ele>
    <time>2024-09-04T20:15:41Z</time>
   </trkpt>
   <trkpt lat="49.2668900" lon="-123.1480230">
    <ele>28.3</ele>
    <time>2024-09-04T20:15:42Z</time>
   </trkpt>
   <trkpt lat="49.2668630" lon="-123.1480150">
    <ele>28.6</ele>
    <time>2024-09-04T20:15:43Z</time>
   </trkpt>
   <trkpt lat="49.2668260" lon="-123.1480180">
    <ele>28.9</ele>
    <time>2024-09-04T20:15:44Z</time>
   </trkpt>
   <trkpt lat="49.2668140" lon="-123.1480210">
    <ele>29.0</ele>
    <time>2024-09-04T20:15:45Z</time>
   </trkpt>
   <trkpt lat="49.2667850" lon="-123.1480290">
    <ele>29.3</ele>
    <time>2024-09-04T20:15:46Z</time>
   </trkpt>
   <trkpt lat="49.2667760" lon="-123.1480300">
    <ele>29.4</ele>
    <time>2024-09-04T20:15:47Z</time>
   </trkpt>
   <trkpt lat="49.2667410" lon="-123.1480320">
    <ele>29.8</ele>
    <time>2024-09-04T20:15:48Z</time>
   </trkpt>
   <trkpt lat="49.2667310" lon="-123.1480320">
    <ele>29.9</ele>
    <time>2024-09-04T20:15:49Z</time>
   </trkpt>
   <trkpt lat="49.2666990" lon="-123.1480390">
    <ele>30.2</ele>
    <time>2024-09-04T20:15:50Z</time>
   </trkpt>
   <trkpt lat="49.2666870" lon="-123.1480420">
    <ele>30.3</ele>
    <time>2024-09-04T20:15:51Z</time>
   </trkpt>
   <trkpt lat="49.2666540" lon="-123.1480490">
    <ele>30.7</ele>
    <time>2024-09-04T20:15:52Z</time>
   </trkpt>
   <trkpt lat="49.2666450" lon="-123.1480500">
    <ele>30.8</ele>
    <time>2024-09-04T20:15:53Z</time>
   </trkpt>
   <trkpt lat="49.2666100" lon="-123.1480530">
    <ele>31.1</ele>
    <time>2024-09-04T20:15:54Z</time>
   </trkpt>
   <trkpt lat="49.2666000" lon="-123.1480550">
    <ele>31.2</ele>
    <time>2024-09-04T20:15:55Z</time>
   </trkpt>
   <trkpt lat="49.2665670" lon="-123.1480600">
    <ele>31.5</ele>
    <time>2024-09-04T20:15:56Z</time>
   </trkpt>
   <trkpt lat="49.2665560" lon="-123.1480630">
    <ele>31.6</ele>
    <time>2024-09-04T20:15:57Z</time>
   </trkpt>
   <trkpt lat="49.2665310" lon="-123.1480810">
    <ele>31.9</ele>
    <time>2024-09-04T20:15:58Z</time>
   </trkpt>
   <trkpt lat="49.2665200" lon="-123.1480870">
    <ele>32.0</ele>
    <time>2024-09-04T20:15:59Z</time>
   </trkpt>
   <trkpt lat="49.2665140" lon="-123.1481290">
    <ele>32.0</ele>
    <time>2024-09-04T20:16:00Z</time>
   </trkpt>
   <trkpt lat="49.2665110" lon="-123.1481480">
    <ele>32.1</ele>
    <time>2024-09-04T20:16:01Z</time>
   </trkpt>
   <trkpt lat="49.2665170" lon="-123.1482050">
    <ele>32.2</ele>
    <time>2024-09-04T20:16:02Z</time>
   </trkpt>
   <trkpt lat="49.2665170" lon="-123.1482240">
    <ele>32.2</ele>
    <time>2024-09-04T20:16:03Z</time>
   </trkpt>
   <trkpt lat="49.2665140" lon="-123.1482830">
    <ele>32.3</ele>
    <time>2024-09-04T20:16:04Z</time>
   </trkpt>
   <trkpt lat="49.2665130" lon="-123.1483040">
    <ele>32.3</ele>
    <time>2024-09-04T20:16:05Z</time>
   </trkpt>
   <trkpt lat="49.2665160" lon="-123.1483570">
    <ele>32.4</ele>
    <time>2024-09-04T20:16:06Z</time>
   </trkpt>
   <trkpt lat="49.2665190" lon="-123.1483740">
    <ele>32.5</ele>
    <time>2024-09-04T20:16:07Z</time>
   </trkpt>
   <trkpt lat="49.2665240" lon="-123.1484160">
    <ele>32.6</ele>
    <time>2024-09-04T20:16:08Z</time>
   </trkpt>
   <trkpt lat="49.2665260" lon="-123.1484500">
    <ele>32.6</ele>
    <time>2024-09-04T20:16:09Z</time>
   </trkpt>
   <trkpt lat="49.2665270" lon="-123.1484880">
    <ele>32.7</ele>
    <time>2024-09-04T20:16:11Z</time>
   </trkpt>
   <trkpt lat="49.2665180" lon="-123.1485390">
    <ele>32.8</ele>
    <time>2024-09-04T20:16:12Z</time>
   </trkpt>
   <trkpt lat="49.2665150" lon="-123.1485580">
    <ele>32.9</ele>
    <time>2024-09-04T20:16:13Z</time>
   </trkpt>
   <trkpt lat="49.2665140" lon="-123.1485990">
    <ele>32.9</ele>
    <time>2024-09-04T20:16:14Z</time>
   </trkpt>
   <trkpt lat="49.2665110" lon="-123.1486400">
    <ele>33.0</ele>
    <time>2024-09-04T20:16:15Z</time>
   </trkpt>
   <trkpt lat="49.2665160" lon="-123.1486810">
    <ele>33.1</ele>
    <time>2024-09-04T20:16:16Z</time>
   </trkpt>
   <trkpt lat="49.2665160" lon="-123.1487410">
    <ele>33.2</ele>
    <time>2024-09-04T20:16:17Z</time>
   </trkpt>
   <trkpt lat="49.2665160" lon="-123.1487610">
    <ele>33.3</ele>
    <time>2024-09-04T20:16:18Z</time>
   </trkpt>
   <trkpt lat="49.2665210" lon="-123.1488210">
    <ele>33.4</ele>
    <time>2024-09-04T20:16:19Z</time>
   </trkpt>
   <trkpt lat="49.2665230" lon="-123.1488420">
    <ele>33.4</ele>
    <time>2024-09-04T20:16:20Z</time>
   </trkpt>
   <trkpt lat="49.2665200" lon="-123.1489010">
    <ele>33.6</ele>
    <time>2024-09-04T20:16:21Z</time>
   </trkpt>
   <trkpt lat="49.2665200" lon="-123.1489210">
    <ele>33.6</ele>
    <time>2024-09-04T20:16:22Z</time>
   </trkpt>
   <trkpt lat="49.2665190" lon="-123.1489630">
    <ele>33.7</ele>
    <time>2024-09-04T20:16:23Z</time>
   </trkpt>
   <trkpt lat="49.2665210" lon="-123.1490220">
    <ele>33.8</ele>
    <time>2024-09-04T20:16:24Z</time>
   </trkpt>
   <trkpt lat="49.2665220" lon="-123.1490430">
    <ele>33.9</ele>
    <time>2024-09-04T20:16:25Z</time>
   </trkpt>
   <trkpt lat="49.2665210" lon="-123.1490840">
    <ele>34.0</ele>
    <time>2024-09-04T20:16:26Z</time>
   </trkpt>
   <trkpt lat="49.2665230" lon="-123.1491420">
    <ele>34.1</ele>
    <time>2024-09-04T20:16:27Z</time>
   </trkpt>
   <trkpt lat="49.2665230" lon="-123.1491610">
    <ele>34.1</ele>
    <time>2024-09-04T20:16:28Z</time>
   </trkpt>
   <trkpt lat="49.2665320" lon="-123.1492190">
    <ele>34.3</ele>
    <time>2024-09-04T20:16:29Z</time>
   </trkpt>
   <trkpt lat="49.2665300" lon="-123.1492410">
    <ele>34.3</ele>
    <time>2024-09-04T20:16:30Z</time>
   </trkpt>
   <trkpt lat="49.2665290" lon="-123.1492990">
    <ele>34.4</ele>
    <time>2024-09-04T20:16:31Z</time>
   </trkpt>
   <trkpt lat="49.2665300" lon="-123.1493200">
    <ele>34.5</ele>
    <time>2024-09-04T20:16:32Z</time>
   </trkpt>
   <trkpt lat="49.2665280" lon="-123.1493800">
    <ele>34.6</ele>
    <time>2024-09-04T20:16:33Z</time>
   </trkpt>
   <trkpt lat="49.2665290" lon="-123.1493990">
    <ele>34.7</ele>
    <time>2024-09-04T20:16:34Z</time>
   </trkpt>
   <trkpt lat="49.2665310" lon="-123.1494430">
    <ele>34.8</ele>
    <time>2024-09-04T20:16:35Z</time>
   </trkpt>
   <trkpt lat="49.2665330" lon="-123.1495020">
    <ele>34.9</ele>
    <time>2024-09-04T20:16:36Z</time>
   </trkpt>
   <trkpt lat="49.2665340" lon="-123.1495210">
    <ele>34.9</ele>
    <time>2024-09-04T20:16:37Z</time>
   </trkpt>
   <trkpt lat="49.2665330" lon="-123.1495640">
    <ele>35.0</ele>
    <time>2024-09-04T20:16:38Z</time>
   </trkpt>
   <trkpt lat="49.2665350" lon="-123.1496260">
    <ele>35.2</ele>
    <time>2024-09-04T20:16:39Z</time>
   </trkpt>
   <trkpt lat="49.2665360" lon="-123.1496480">
    <ele>35.2</ele>
    <time>2024-09-04T20:16:40Z</time>
   </trkpt>
   <trkpt lat="49.2665380" lon="-123.1497100">
    <ele>35.4</ele>
    <time>2024-09-04T20:16:41Z</time>
   </trkpt>
   <trkpt lat="49.2665390" lon="-123.1497320">
    <ele>35.4</ele>
    <time>2024-09-04T20:16:42Z</time>
   </trkpt>
   <trkpt lat="49.2665400" lon="-123.1497750">
    <ele>35.5</ele>
    <time>2024-09-04T20:16:43Z</time>
   </trkpt>
   <trkpt lat="49.2665410" lon="-123.1498630">
    <ele>35.7</ele>
    <time>2024-09-04T20:16:44Z</time>
   </trkpt>
   <trkpt lat="49.2665420" lon="-123.1499050">
    <ele>35.8</ele>
    <time>2024-09-04T20:16:45Z</time>
   </trkpt>
   <trkpt lat="49.2665420" lon="-123.1499470">
    <ele>35.9</ele>
    <time>2024-09-04T20:16:46Z</time>
   </trkpt>
   <trkpt lat="49.2665400" lon="-123.1500040">
    <ele>36.0</ele>
    <time>2024-09-04T20:16:47Z</time>
   </trkpt>
   <trkpt lat="49.2665400" lon="-123.1500210">
    <ele>36.1</ele>
    <time>2024-09-04T20:16:48Z</time>
   </trkpt>
   <trkpt lat="49.2665380" lon="-123.1500640">
    <ele>36.2</ele>
    <time>2024-09-04T20:16:49Z</time>
   </trkpt>
   <trkpt lat="49.2665360" lon="-123.1501060">
    <ele>36.3</ele>
    <time>2024-09-04T20:16:50Z</time>
   </trkpt>
   <trkpt lat="49.2665340" lon="-123.1501490">
    <ele>36.4</ele>
    <time>2024-09-04T20:16:51Z</time>
   </trkpt>
   <trkpt lat="49.2665320" lon="-123.1502050">
    <ele>36.5</ele>
    <time>2024-09-04T20:16:52Z</time>
   </trkpt>
   <trkpt lat="49.2665300" lon="-123.1502280">
    <ele>36.6</ele>
    <time>2024-09-04T20:16:53Z</time>
   </trkpt>
   <trkpt lat="49.2665290" lon="-123.1502860">
    <ele>36.7</ele>
    <time>2024-09-04T20:16:54Z</time>
   </trkpt>
   <trkpt lat="49.2665280" lon="-123.1503060">
    <ele>36.7</ele>
    <time>2024-09-04T20:16:55Z</time>
   </trkpt>
   <trkpt lat="49.2665210" lon="-123.1503610">
    <ele>36.8</ele>
    <time>2024-09-04T20:16:56Z</time>
   </trkpt>
   <trkpt lat="49.2665180" lon="-123.1503800">
    <ele>36.9</ele>
    <time>2024-09-04T20:16:57Z</time>
   </trkpt>
   <trkpt lat="49.2665080" lon="-123.1504390">
    <ele>37.0</ele>
    <time>2024-09-04T20:16:58Z</time>
   </trkpt>
   <trkpt lat="49.2665040" lon="-123.1504600">
    <ele>37.0</ele>
    <time>2024-09-04T20:16:59Z</time>
   </trkpt>
   <trkpt lat="49.2664940" lon="-123.1505010">
    <ele>37.1</ele>
    <time>2024-09-04T20:17:00Z</time>
   </trkpt>
   <trkpt lat="49.2664830" lon="-123.1505440">
    <ele>37.2</ele>
    <time>2024-09-04T20:17:01Z</time>
   </trkpt>
   <trkpt lat="49.2664730" lon="-123.1505840">
    <ele>37.3</ele>
    <time>2024-09-04T20:17:02Z</time>
   </trkpt>
   <trkpt lat="49.2664600" lon="-123.1506430">
    <ele>37.4</ele>
    <time>2024-09-04T20:17:03Z</time>
   </trkpt>
   <trkpt lat="49.2664550" lon="-123.1506640">
    <ele>37.4</ele>
    <time>2024-09-04T20:17:04Z</time>
   </trkpt>
   <trkpt lat="49.2664480" lon="-123.1507080">
    <ele>37.5</ele>
    <time>2024-09-04T20:17:05Z</time>
   </trkpt>
   <trkpt lat="49.2664410" lon="-123.1507530">
    <ele>37.6</ele>
    <time>2024-09-04T20:17:06Z</time>
   </trkpt>
   <trkpt lat="49.2664300" lon="-123.1507980">
    <ele>37.7</ele>
    <time>2024-09-04T20:17:07Z</time>
   </trkpt>
   <trkpt lat="49.2664230" lon="-123.1508430">
    <ele>37.7</ele>
    <time>2024-09-04T20:17:08Z</time>
   </trkpt>
   <trkpt lat="49.2664110" lon="-123.1508840">
    <ele>37.8</ele>
    <time>2024-09-04T20:17:09Z</time>
   </trkpt>
   <trkpt lat="49.2664020" lon="-123.1509290">
    <ele>37.9</ele>
    <time>2024-09-04T20:17:10Z</time>
   </trkpt>
   <trkpt lat="49.2663910" lon="-123.1509700">
    <ele>38.0</ele>
    <time>2024-09-04T20:17:11Z</time>
   </trkpt>
   <trkpt lat="49.2663800" lon="-123.1510120">
    <ele>38.1</ele>
    <time>2024-09-04T20:17:12Z</time>
   </trkpt>
   <trkpt lat="49.2663680" lon="-123.1510560">
    <ele>38.1</ele>
    <time>2024-09-04T20:17:13Z</time>
   </trkpt>
   <trkpt lat="49.2663550" lon="-123.1510960">
    <ele>38.2</ele>
    <time>2024-09-04T20:17:14Z</time>
   </trkpt>
   <trkpt lat="49.2663420" lon="-123.1511340">
    <ele>38.3</ele>
    <time>2024-09-04T20:17:15Z</time>
   </trkpt>
   <trkpt lat="49.2663240" lon="-123.1511740">
    <ele>38.3</ele>
    <time>2024-09-04T20:17:16Z</time>
   </trkpt>
   <trkpt lat="49.2663080" lon="-123.1512130">
    <ele>38.4</ele>
    <time>2024-09-04T20:17:17Z</time>
   </trkpt>
   <trkpt lat="49.2662950" lon="-123.1512530">
    <ele>38.5</ele>
    <time>2024-09-04T20:17:18Z</time>
   </trkpt>
   <trkpt lat="49.2662750" lon="-123.1512990">
    <ele>38.6</ele>
    <time>2024-09-04T20:17:19Z</time>
   </trkpt>
   <trkpt lat="49.2662530" lon="-123.1513330">
    <ele>38.7</ele>
    <time>2024-09-04T20:17:20Z</time>
   </trkpt>
   <trkpt lat="49.2662320" lon="-123.1513760">
    <ele>38.8</ele>
    <time>2024-09-04T20:17:21Z</time>
   </trkpt>
   <trkpt lat="49.2662100" lon="-123.1514140">
    <ele>38.9</ele>
    <time>2024-09-04T20:17:22Z</time>
   </trkpt>
   <trkpt lat="49.2661890" lon="-123.1514500">
    <ele>38.9</ele>
    <time>2024-09-04T20:17:23Z</time>
   </trkpt>
   <trkpt lat="49.2661650" lon="-123.1514840">
    <ele>39.0</ele>
    <time>2024-09-04T20:17:24Z</time>
   </trkpt>
   <trkpt lat="49.2661430" lon="-123.1515230">
    <ele>39.2</ele>
    <time>2024-09-04T20:17:25Z</time>
   </trkpt>
   <trkpt lat="49.2661220" lon="-123.1515580">
    <ele>39.3</ele>
    <time>2024-09-04T20:17:26Z</time>
   </trkpt>
   <trkpt lat="49.2660980" lon="-123.1515950">
    <ele>39.4</ele>
    <time>2024-09-04T20:17:27Z</time>
   </trkpt>
   <trkpt lat="49.2660790" lon="-123.1516330">
    <ele>39.5</ele>
    <time>2024-09-04T20:17:28Z</time>
   </trkpt>
   <trkpt lat="49.2660590" lon="-123.1516690">
    <ele>39.6</ele>
    <time>2024-09-04T20:17:29Z</time>
   </trkpt>
   <trkpt lat="49.2660340" lon="-123.1517000">
    <ele>39.7</ele>
    <time>2024-09-04T20:17:30Z</time>
   </trkpt>
   <trkpt lat="49.2660120" lon="-123.1517270">
    <ele>39.8</ele>
    <time>2024-09-04T20:17:31Z</time>
   </trkpt>
   <trkpt lat="49.2659900" lon="-123.1517600">
    <ele>39.9</ele>
    <time>2024-09-04T20:17:32Z</time>
   </trkpt>
   <trkpt lat="49.2659710" lon="-123.1517910">
    <ele>40.0</ele>
    <time>2024-09-04T20:17:33Z</time>
   </trkpt>
   <trkpt lat="49.2659480" lon="-123.1518230">
    <ele>40.1</ele>
    <time>2024-09-04T20:17:34Z</time>
   </trkpt>
   <trkpt lat="49.2659260" lon="-123.1518490">
    <ele>40.2</ele>
    <time>2024-09-04T20:17:35Z</time>
   </trkpt>
   <trkpt lat="49.2659030" lon="-123.1518740">
    <ele>40.3</ele>
    <time>2024-09-04T20:17:36Z</time>
   </trkpt>
   <trkpt lat="49.2658760" lon="-123.1519050">
    <ele>40.4</ele>
    <time>2024-09-04T20:17:37Z</time>
   </trkpt>
   <trkpt lat="49.2658550" lon="-123.1519320">
    <ele>40.5</ele>
    <time>2024-09-04T20:17:38Z</time>
   </trkpt>
   <trkpt lat="49.2658290" lon="-123.1519570">
    <ele>40.6</ele>
    <time>2024-09-04T20:17:39Z</time>
   </trkpt>
   <trkpt lat="49.2658050" lon="-123.1519870">
    <ele>40.7</ele>
    <time>2024-09-04T20:17:40Z</time>
   </trkpt>
   <trkpt lat="49.2657820" lon="-123.1520140">
    <ele>40.8</ele>
    <time>2024-09-04T20:17:41Z</time>
   </trkpt>
   <trkpt lat="49.2657580" lon="-123.1520360">
    <ele>40.9</ele>
    <time>2024-09-04T20:17:42Z</time>
   </trkpt>
   <trkpt lat="49.2657340" lon="-123.1520590">
    <ele>41.0</ele>
    <time>2024-09-04T20:17:43Z</time>
   </trkpt>
   <trkpt lat="49.2657100" lon="-123.1520840">
    <ele>41.2</ele>
    <time>2024-09-04T20:17:44Z</time>
   </trkpt>
   <trkpt lat="49.2656860" lon="-123.1521050">
    <ele>41.3</ele>
    <time>2024-09-04T20:17:45Z</time>
   </trkpt>
   <trkpt lat="49.2656610" lon="-123.1521220">
    <ele>41.4</ele>
    <time>2024-09-04T20:17:46Z</time>
   </trkpt>
   <trkpt lat="49.2656330" lon="-123.1521400">
    <ele>41.5</ele>
    <time>2024-09-04T20:17:47Z</time>
   </trkpt>
   <trkpt lat="49.2656260" lon="-123.1521460">
    <ele>41.5</ele>
    <time>2024-09-04T20:17:48Z</time>
   </trkpt>
   <trkpt lat="49.2655980" lon="-123.1521790">
    <ele>41.6</ele>
    <time>2024-09-04T20:17:49Z</time>
   </trkpt>
   <trkpt lat="49.2655890" lon="-123.1521920">
    <ele>41.6</ele>
    <time>2024-09-04T20:17:50Z</time>
   </trkpt>
   <trkpt lat="49.2655880" lon="-123.1522440">
    <ele>41.7</ele>
    <time>2024-09-04T20:17:51Z</time>
   </trkpt>
   <trkpt lat="49.2655870" lon="-123.1522970">
    <ele>41.7</ele>
    <time>2024-09-04T20:17:52Z</time>
   </trkpt>
   <trkpt lat="49.2655890" lon="-123.1523450">
    <ele>41.8</ele>
    <time>2024-09-04T20:17:53Z</time>
   </trkpt>
   <trkpt lat="49.2655900" lon="-123.1523990">
    <ele>41.8</ele>
    <time>2024-09-04T20:17:54Z</time>
   </trkpt>
   <trkpt lat="49.2655900" lon="-123.1524460">
    <ele>41.8</ele>
    <time>2024-09-04T20:17:55Z</time>
   </trkpt>
   <trkpt lat="49.2655870" lon="-123.1524950">
    <ele>41.9</ele>
    <time>2024-09-04T20:17:56Z</time>
   </trkpt>
   <trkpt lat="49.2655860" lon="-123.1525470">
    <ele>42.0</ele>
    <time>2024-09-04T20:17:57Z</time>
   </trkpt>
   <trkpt lat="49.2655860" lon="-123.1525970">
    <ele>42.0</ele>
    <time>2024-09-04T20:17:58Z</time>
   </trkpt>
   <trkpt lat="49.2655850" lon="-123.1526490">
    <ele>42.1</ele>
    <time>2024-09-04T20:17:59Z</time>
   </trkpt>
   <trkpt lat="49.2655880" lon="-123.1526920">
    <ele>42.1</ele>
    <time>2024-09-04T20:18:00Z</time>
   </trkpt>
   <trkpt lat="49.2655890" lon="-123.1527490">
    <ele>42.2</ele>
    <time>2024-09-04T20:18:01Z</time>
   </trkpt>
   <trkpt lat="49.2655890" lon="-123.1527710">
    <ele>42.2</ele>
    <time>2024-09-04T20:18:02Z</time>
   </trkpt>
   <trkpt lat="49.2655890" lon="-123.1528190">
    <ele>42.3</ele>
    <time>2024-09-04T20:18:03Z</time>
   </trkpt>
   <trkpt lat="49.2655900" lon="-123.1528740">
    <ele>42.4</ele>
    <time>2024-09-04T20:18:04Z</time>
   </trkpt>
   <trkpt lat="49.2655930" lon="-123.1529280">
    <ele>42.4</ele>
    <time>2024-09-04T20:18:05Z</time>
   </trkpt>
   <trkpt lat="49.2655940" lon="-123.1529860">
    <ele>42.3</ele>
    <time>2024-09-04T20:18:06Z</time>
   </trkpt>
   <trkpt lat="49.2655870" lon="-123.1530450">
    <ele>42.3</ele>
    <time>2024-09-04T20:18:07Z</time>
   </trkpt>
   <trkpt lat="49.2655850" lon="-123.1531010">
    <ele>42.3</ele>
    <time>2024-09-04T20:18:08Z</time>
   </trkpt>
   <trkpt lat="49.2655860" lon="-123.1531620">
    <ele>42.3</ele>
    <time>2024-09-04T20:18:09Z</time>
   </trkpt>
   <trkpt lat="49.2655880" lon="-123.1532220">
    <ele>42.3</ele>
    <time>2024-09-04T20:18:10Z</time>
   </trkpt>
   <trkpt lat="49.2655910" lon="-123.1532880">
    <ele>42.2</ele>
    <time>2024-09-04T20:18:11Z</time>
   </trkpt>
   <trkpt lat="49.2655940" lon="-123.1533550">
    <ele>42.2</ele>
    <time>2024-09-04T20:18:12Z</time>
   </trkpt>
   <trkpt lat="49.2655960" lon="-123.1534220">
    <ele>42.2</ele>
    <time>2024-09-04T20:18:13Z</time>
   </trkpt>
   <trkpt lat="49.2655930" lon="-123.1534870">
    <ele>42.2</ele>
    <time>2024-09-04T20:18:14Z</time>
   </trkpt>
   <trkpt lat="49.2655940" lon="-123.1535540">
    <ele>42.1</ele>
    <time>2024-09-04T20:18:15Z</time>
   </trkpt>
   <trkpt lat="49.2655930" lon="-123.1536220">
    <ele>42.1</ele>
    <time>2024-09-04T20:18:17Z</time>
   </trkpt>
   <trkpt lat="49.2655940" lon="-123.1536890">
    <ele>42.1</ele>
    <time>2024-09-04T20:18:18Z</time>
   </trkpt>
   <trkpt lat="49.2655960" lon="-123.1537590">
    <ele>42.1</ele>
    <time>2024-09-04T20:18:19Z</time>
   </trkpt>
   <trkpt lat="49.2656000" lon="-123.1538270">
    <ele>42.0</ele>
    <time>2024-09-04T20:18:20Z</time>
   </trkpt>
   <trkpt lat="49.2656020" lon="-123.1538990">
    <ele>42.0</ele>
    <time>2024-09-04T20:18:21Z</time>
   </trkpt>
   <trkpt lat="49.2656040" lon="-123.1539710">
    <ele>42.0</ele>
    <time>2024-09-04T20:18:22Z</time>
   </trkpt>
   <trkpt lat="49.2656030" lon="-123.1540440">
    <ele>42.0</ele>
    <time>2024-09-04T20:18:23Z</time>
   </trkpt>
   <trkpt lat="49.2656050" lon="-123.1541150">
    <ele>41.9</ele>
    <time>2024-09-04T20:18:24Z</time>
   </trkpt>
   <trkpt lat="49.2656030" lon="-123.1541840">
    <ele>41.9</ele>
    <time>2024-09-04T20:18:25Z</time>
   </trkpt>
   <trkpt lat="49.2656060" lon="-123.1542540">
    <ele>41.9</ele>
    <time>2024-09-04T20:18:26Z</time>
   </trkpt>
   <trkpt lat="49.2656050" lon="-123.1543270">
    <ele>41.8</ele>
    <time>2024-09-04T20:18:27Z</time>
   </trkpt>
   <trkpt lat="49.2656090" lon="-123.1544060">
    <ele>41.7</ele>
    <time>2024-09-04T20:18:28Z</time>
   </trkpt>
   <trkpt lat="49.2656130" lon="-123.1544830">
    <ele>41.6</ele>
    <time>2024-09-04T20:18:29Z</time>
   </trkpt>
   <trkpt lat="49.2656130" lon="-123.1545540">
    <ele>41.6</ele>
    <time>2024-09-04T20:18:30Z</time>
   </trkpt>
   <trkpt lat="49.2656130" lon="-123.1546250">
    <ele>41.5</ele>
    <time>2024-09-04T20:18:31Z</time>
   </trkpt>
   <trkpt lat="49.2656120" lon="-123.1546940">
    <ele>41.5</ele>
    <time>2024-09-04T20:18:32Z</time>
   </trkpt>
   <trkpt lat="49.2656130" lon="-123.1547680">
    <ele>41.4</ele>
    <time>2024-09-04T20:18:33Z</time>
   </trkpt>
   <trkpt lat="49.2656130" lon="-123.1548450">
    <ele>41.4</ele>
    <time>2024-09-04T20:18:34Z</time>
   </trkpt>
   <trkpt lat="49.2656140" lon="-123.1549210">
    <ele>41.3</ele>
    <time>2024-09-04T20:18:35Z</time>
   </trkpt>
   <trkpt lat="49.2656170" lon="-123.1549920">
    <ele>41.3</ele>
    <time>2024-09-04T20:18:36Z</time>
   </trkpt>
   <trkpt lat="49.2656160" lon="-123.1550590">
    <ele>41.3</ele>
    <time>2024-09-04T20:18:37Z</time>
   </trkpt>
   <trkpt lat="49.2656040" lon="-123.1551240">
    <ele>41.2</ele>
    <time>2024-09-04T20:18:38Z</time>
   </trkpt>
   <trkpt lat="49.2655850" lon="-123.1551770">
    <ele>41.2</ele>
    <time>2024-09-04T20:18:39Z</time>
   </trkpt>
   <trkpt lat="49.2655530" lon="-123.1552170">
    <ele>41.2</ele>
    <time>2024-09-04T20:18:40Z</time>
   </trkpt>
   <trkpt lat="49.2655000" lon="-123.1552540">
    <ele>41.1</ele>
    <time>2024-09-04T20:18:41Z</time>
   </trkpt>
   <trkpt lat="49.2654480" lon="-123.1552700">
    <ele>41.0</ele>
    <time>2024-09-04T20:18:42Z</time>
   </trkpt>
   <trkpt lat="49.2653900" lon="-123.1552770">
    <ele>40.9</ele>
    <time>2024-09-04T20:18:43Z</time>
   </trkpt>
   <trkpt lat="49.2653350" lon="-123.1552780">
    <ele>40.8</ele>
    <time>2024-09-04T20:18:44Z</time>
   </trkpt>
   <trkpt lat="49.2652840" lon="-123.1552710">
    <ele>40.8</ele>
    <time>2024-09-04T20:18:45Z</time>
   </trkpt>
   <trkpt lat="49.2651790" lon="-123.1552820">
    <ele>40.6</ele>
    <time>2024-09-04T20:18:46Z</time>
   </trkpt>
   <trkpt lat="49.2651310" lon="-123.1552880">
    <ele>40.6</ele>
    <time>2024-09-04T20:18:47Z</time>
   </trkpt>
   <trkpt lat="49.2650830" lon="-123.1552910">
    <ele>40.5</ele>
    <time>2024-09-04T20:18:48Z</time>
   </trkpt>
   <trkpt lat="49.2650350" lon="-123.1552940">
    <ele>40.5</ele>
    <time>2024-09-04T20:18:49Z</time>
   </trkpt>
   <trkpt lat="49.2649850" lon="-123.1552960">
    <ele>40.5</ele>
    <time>2024-09-04T20:18:50Z</time>
   </trkpt>
   <trkpt lat="49.2649390" lon="-123.1553080">
    <ele>40.5</ele>
    <time>2024-09-04T20:18:51Z</time>
   </trkpt>
   <trkpt lat="49.2648940" lon="-123.1553160">
    <ele>40.5</ele>
    <time>2024-09-04T20:18:52Z</time>
   </trkpt>
   <trkpt lat="49.2648480" lon="-123.1553160">
    <ele>40.5</ele>
    <time>2024-09-04T20:18:53Z</time>
   </trkpt>
   <trkpt lat="49.2648040" lon="-123.1553390">
    <ele>40.5</ele>
    <time>2024-09-04T20:18:54Z</time>
   </trkpt>
   <trkpt lat="49.2647740" lon="-123.1553960">
    <ele>40.4</ele>
    <time>2024-09-04T20:18:55Z</time>
   </trkpt>
   <trkpt lat="49.2647780" lon="-123.1554710">
    <ele>40.3</ele>
    <time>2024-09-04T20:18:56Z</time>
   </trkpt>
   <trkpt lat="49.2647880" lon="-123.1555470">
    <ele>40.2</ele>
    <time>2024-09-04T20:18:57Z</time>
   </trkpt>
   <trkpt lat="49.2647940" lon="-123.1556200">
    <ele>40.0</ele>
    <time>2024-09-04T20:18:58Z</time>
   </trkpt>
   <trkpt lat="49.2647870" lon="-123.1556960">
    <ele>39.9</ele>
    <time>2024-09-04T20:18:59Z</time>
   </trkpt>
   <trkpt lat="49.2647810" lon="-123.1557740">
    <ele>39.9</ele>
    <time>2024-09-04T20:19:00Z</time>
   </trkpt>
   <trkpt lat="49.2647800" lon="-123.1558570">
    <ele>39.8</ele>
    <time>2024-09-04T20:19:01Z</time>
   </trkpt>
   <trkpt lat="49.2647850" lon="-123.1559310">
    <ele>39.7</ele>
    <time>2024-09-04T20:19:02Z</time>
   </trkpt>
   <trkpt lat="49.2647930" lon="-123.1560080">
    <ele>39.6</ele>
    <time>2024-09-04T20:19:03Z</time>
   </trkpt>
   <trkpt lat="49.2647940" lon="-123.1560880">
    <ele>39.6</ele>
    <time>2024-09-04T20:19:04Z</time>
   </trkpt>
   <trkpt lat="49.2647990" lon="-123.1561650">
    <ele>39.5</ele>
    <time>2024-09-04T20:19:05Z</time>
   </trkpt>
   <trkpt lat="49.2648020" lon="-123.1562450">
    <ele>39.5</ele>
    <time>2024-09-04T20:19:06Z</time>
   </trkpt>
   <trkpt lat="49.2648050" lon="-123.1563230">
    <ele>39.4</ele>
    <time>2024-09-04T20:19:07Z</time>
   </trkpt>
   <trkpt lat="49.2648080" lon="-123.1564040">
    <ele>39.4</ele>
    <time>2024-09-04T20:19:08Z</time>
   </trkpt>
   <trkpt lat="49.2648050" lon="-123.1564850">
    <ele>39.4</ele>
    <time>2024-09-04T20:19:09Z</time>
   </trkpt>
   <trkpt lat="49.2648120" lon="-123.1565650">
    <ele>39.3</ele>
    <time>2024-09-04T20:19:10Z</time>
   </trkpt>
   <trkpt lat="49.2648110" lon="-123.1566440">
    <ele>39.3</ele>
    <time>2024-09-04T20:19:11Z</time>
   </trkpt>
   <trkpt lat="49.2648100" lon="-123.1567210">
    <ele>39.3</ele>
    <time>2024-09-04T20:19:12Z</time>
   </trkpt>
   <trkpt lat="49.2648130" lon="-123.1568000">
    <ele>39.3</ele>
    <time>2024-09-04T20:19:13Z</time>
   </trkpt>
   <trkpt lat="49.2648130" lon="-123.1568790">
    <ele>39.3</ele>
    <time>2024-09-04T20:19:14Z</time>
   </trkpt>
   <trkpt lat="49.2648130" lon="-123.1569520">
    <ele>39.3</ele>
    <time>2024-09-04T20:19:15Z</time>
   </trkpt>
   <trkpt lat="49.2648120" lon="-123.1570280">
    <ele>39.2</ele>
    <time>2024-09-04T20:19:16Z</time>
   </trkpt>
   <trkpt lat="49.2648100" lon="-123.1571060">
    <ele>39.2</ele>
    <time>2024-09-04T20:19:17Z</time>
   </trkpt>
   <trkpt lat="49.2648160" lon="-123.1571830">
    <ele>39.2</ele>
    <time>2024-09-04T20:19:18Z</time>
   </trkpt>
   <trkpt lat="49.2648110" lon="-123.1572610">
    <ele>39.2</ele>
    <time>2024-09-04T20:19:19Z</time>
   </trkpt>
   <trkpt lat="49.2648180" lon="-123.1573450">
    <ele>39.2</ele>
    <time>2024-09-04T20:19:20Z</time>
   </trkpt>
   <trkpt lat="49.2648200" lon="-123.1574270">
    <ele>39.2</ele>
    <time>2024-09-04T20:19:21Z</time>
   </trkpt>
   <trkpt lat="49.2648230" lon="-123.1575030">
    <ele>39.2</ele>
    <time>2024-09-04T20:19:22Z</time>
   </trkpt>
   <trkpt lat="49.2648290" lon="-123.1575750">
    <ele>39.2</ele>
    <time>2024-09-04T20:19:23Z</time>
   </trkpt>
   <trkpt lat="49.2648400" lon="-123.1576460">
    <ele>39.1</ele>
    <time>2024-09-04T20:19:24Z</time>
   </trkpt>
   <trkpt lat="49.2648400" lon="-123.1577140">
    <ele>39.0</ele>
    <time>2024-09-04T20:19:25Z</time>
   </trkpt>
   <trkpt lat="49.2648180" lon="-123.1577790">
    <ele>38.9</ele>
    <time>2024-09-04T20:19:26Z</time>
   </trkpt>
   <trkpt lat="49.2648070" lon="-123.1578400">
    <ele>38.7</ele>
    <time>2024-09-04T20:19:27Z</time>
   </trkpt>
   <trkpt lat="49.2648170" lon="-123.1579020">
    <ele>38.5</ele>
    <time>2024-09-04T20:19:28Z</time>
   </trkpt>
   <trkpt lat="49.2648270" lon="-123.1579670">
    <ele>38.3</ele>
    <time>2024-09-04T20:19:29Z</time>
   </trkpt>
   <trkpt lat="49.2648300" lon="-123.1580290">
    <ele>38.1</ele>
    <time>2024-09-04T20:19:30Z</time>
   </trkpt>
   <trkpt lat="49.2648290" lon="-123.1580960">
    <ele>37.9</ele>
    <time>2024-09-04T20:19:31Z</time>
   </trkpt>
   <trkpt lat="49.2648310" lon="-123.1581610">
    <ele>37.7</ele>
    <time>2024-09-04T20:19:32Z</time>
   </trkpt>
   <trkpt lat="49.2648350" lon="-123.1582310">
    <ele>37.5</ele>
    <time>2024-09-04T20:19:33Z</time>
   </trkpt>
   <trkpt lat="49.2648360" lon="-123.1583110">
    <ele>37.3</ele>
    <time>2024-09-04T20:19:34Z</time>
   </trkpt>
   <trkpt lat="49.2648390" lon="-123.1583980">
    <ele>37.0</ele>
    <time>2024-09-04T20:19:35Z</time>
   </trkpt>
   <trkpt lat="49.2648390" lon="-123.1584850">
    <ele>36.7</ele>
    <time>2024-09-04T20:19:36Z</time>
   </trkpt>
   <trkpt lat="49.2648430" lon="-123.1585680">
    <ele>36.5</ele>
    <time>2024-09-04T20:19:37Z</time>
   </trkpt>
   <trkpt lat="49.2648400" lon="-123.1586540">
    <ele>36.2</ele>
    <time>2024-09-04T20:19:38Z</time>
   </trkpt>
   <trkpt lat="49.2648400" lon="-123.1587400">
    <ele>36.0</ele>
    <time>2024-09-04T20:19:39Z</time>
   </trkpt>
   <trkpt lat="49.2648520" lon="-123.1588260">
    <ele>35.7</ele>
    <time>2024-09-04T20:19:40Z</time>
   </trkpt>
   <trkpt lat="49.2648500" lon="-123.1589130">
    <ele>35.5</ele>
    <time>2024-09-04T20:19:41Z</time>
   </trkpt>
   <trkpt lat="49.2648490" lon="-123.1590030">
    <ele>35.2</ele>
    <time>2024-09-04T20:19:42Z</time>
   </trkpt>
   <trkpt lat="49.2648500" lon="-123.1590930">
    <ele>34.9</ele>
    <time>2024-09-04T20:19:43Z</time>
   </trkpt>
   <trkpt lat="49.2648500" lon="-123.1591930">
    <ele>34.7</ele>
    <time>2024-09-04T20:19:44Z</time>
   </trkpt>
   <trkpt lat="49.2648530" lon="-123.1592970">
    <ele>34.4</ele>
    <time>2024-09-04T20:19:45Z</time>
   </trkpt>
   <trkpt lat="49.2648570" lon="-123.1594010">
    <ele>34.1</ele>
    <time>2024-09-04T20:19:46Z</time>
   </trkpt>
   <trkpt lat="49.2648570" lon="-123.1595020">
    <ele>33.8</ele>
    <time>2024-09-04T20:19:47Z</time>
   </trkpt>
   <trkpt lat="49.2648590" lon="-123.1596120">
    <ele>33.4</ele>
    <time>2024-09-04T20:19:48Z</time>
   </trkpt>
   <trkpt lat="49.2648570" lon="-123.1597190">
    <ele>33.2</ele>
    <time>2024-09-04T20:19:49Z</time>
   </trkpt>
   <trkpt lat="49.2648610" lon="-123.1598240">
    <ele>32.9</ele>
    <time>2024-09-04T20:19:50Z</time>
   </trkpt>
   <trkpt lat="49.2648610" lon="-123.1599260">
    <ele>32.7</ele>
    <time>2024-09-04T20:19:51Z</time>
   </trkpt>
   <trkpt lat="49.2648590" lon="-123.1600260">
    <ele>32.6</ele>
    <time>2024-09-04T20:19:52Z</time>
   </trkpt>
   <trkpt lat="49.2648550" lon="-123.1601270">
    <ele>32.5</ele>
    <time>2024-09-04T20:19:53Z</time>
   </trkpt>
   <trkpt lat="49.2648560" lon="-123.1602280">
    <ele>32.3</ele>
    <time>2024-09-04T20:19:54Z</time>
   </trkpt>
   <trkpt lat="49.2648570" lon="-123.1603260">
    <ele>32.0</ele>
    <time>2024-09-04T20:19:55Z</time>
   </trkpt>
   <trkpt lat="49.2648650" lon="-123.1604190">
    <ele>31.8</ele>
    <time>2024-09-04T20:19:56Z</time>
   </trkpt>
   <trkpt lat="49.2648650" lon="-123.1605130">
    <ele>31.6</ele>
    <time>2024-09-04T20:19:57Z</time>
   </trkpt>
   <trkpt lat="49.2648710" lon="-123.1606070">
    <ele>31.4</ele>
    <time>2024-09-04T20:19:58Z</time>
   </trkpt>
   <trkpt lat="49.2648690" lon="-123.1606980">
    <ele>31.2</ele>
    <time>2024-09-04T20:19:59Z</time>
   </trkpt>
   <trkpt lat="49.2648730" lon="-123.1608020">
    <ele>31.0</ele>
    <time>2024-09-04T20:20:00Z</time>
   </trkpt>
   <trkpt lat="49.2648780" lon="-123.1609000">
    <ele>30.7</ele>
    <time>2024-09-04T20:20:01Z</time>
   </trkpt>
   <trkpt lat="49.2648810" lon="-123.1610020">
    <ele>30.5</ele>
    <time>2024-09-04T20:20:02Z</time>
   </trkpt>
   <trkpt lat="49.2648800" lon="-123.1610980">
    <ele>30.2</ele>
    <time>2024-09-04T20:20:03Z</time>
   </trkpt>
   <trkpt lat="49.2648810" lon="-123.1611980">
    <ele>30.0</ele>
    <time>2024-09-04T20:20:04Z</time>
   </trkpt>
   <trkpt lat="49.2648810" lon="-123.1612940">
    <ele>29.8</ele>
    <time>2024-09-04T20:20:05Z</time>
   </trkpt>
   <trkpt lat="49.2648790" lon="-123.1614040">
    <ele>29.5</ele>
    <time>2024-09-04T20:20:06Z</time>
   </trkpt>
   <trkpt lat="49.2648790" lon="-123.1615070">
    <ele>29.2</ele>
    <time>2024-09-04T20:20:07Z</time>
   </trkpt>
   <trkpt lat="49.2648840" lon="-123.1616060">
    <ele>29.0</ele>
    <time>2024-09-04T20:20:08Z</time>
   </trkpt>
   <trkpt lat="49.2648930" lon="-123.1617040">
    <ele>28.8</ele>
    <time>2024-09-04T20:20:09Z</time>
   </trkpt>
   <trkpt lat="49.2648960" lon="-123.1617990">
    <ele>28.5</ele>
    <time>2024-09-04T20:20:10Z</time>
   </trkpt>
   <trkpt lat="49.2648990" lon="-123.1619030">
    <ele>28.2</ele>
    <time>2024-09-04T20:20:11Z</time>
   </trkpt>
   <trkpt lat="49.2648990" lon="-123.1619990">
    <ele>28.0</ele>
    <time>2024-09-04T20:20:12Z</time>
   </trkpt>
   <trkpt lat="49.2648990" lon="-123.1620890">
    <ele>27.8</ele>
    <time>2024-09-04T20:20:13Z</time>
   </trkpt>
   <trkpt lat="49.2649010" lon="-123.1621830">
    <ele>27.5</ele>
    <time>2024-09-04T20:20:14Z</time>
   </trkpt>
   <trkpt lat="49.2649000" lon="-123.1622840">
    <ele>27.3</ele>
    <time>2024-09-04T20:20:15Z</time>
   </trkpt>
   <trkpt lat="49.2649030" lon="-123.1623950">
    <ele>27.2</ele>
    <time>2024-09-04T20:20:16Z</time>
   </trkpt>
   <trkpt lat="49.2649040" lon="-123.1625010">
    <ele>27.1</ele>
    <time>2024-09-04T20:20:17Z</time>
   </trkpt>
   <trkpt lat="49.2649040" lon="-123.1626030">
    <ele>26.9</ele>
    <time>2024-09-04T20:20:18Z</time>
   </trkpt>
   <trkpt lat="49.2649060" lon="-123.1627100">
    <ele>26.7</ele>
    <time>2024-09-04T20:20:19Z</time>
   </trkpt>
   <trkpt lat="49.2649070" lon="-123.1628160">
    <ele>26.5</ele>
    <time>2024-09-04T20:20:20Z</time>
   </trkpt>
   <trkpt lat="49.2649140" lon="-123.1629240">
    <ele>26.3</ele>
    <time>2024-09-04T20:20:21Z</time>
   </trkpt>
   <trkpt lat="49.2649150" lon="-123.1630300">
    <ele>26.1</ele>
    <time>2024-09-04T20:20:23Z</time>
   </trkpt>
   <trkpt lat="49.2649180" lon="-123.1631290">
    <ele>26.0</ele>
    <time>2024-09-04T20:20:24Z</time>
   </trkpt>
   <trkpt lat="49.2649130" lon="-123.1632270">
    <ele>25.9</ele>
    <time>2024-09-04T20:20:25Z</time>
   </trkpt>
   <trkpt lat="49.2649150" lon="-123.1633250">
    <ele>25.8</ele>
    <time>2024-09-04T20:20:26Z</time>
   </trkpt>
   <trkpt lat="49.2649140" lon="-123.1634190">
    <ele>25.8</ele>
    <time>2024-09-04T20:20:27Z</time>
   </trkpt>
   <trkpt lat="49.2649120" lon="-123.1635150">
    <ele>25.8</ele>
    <time>2024-09-04T20:20:28Z</time>
   </trkpt>
   <trkpt lat="49.2649190" lon="-123.1636060">
    <ele>25.7</ele>
    <time>2024-09-04T20:20:29Z</time>
   </trkpt>
   <trkpt lat="49.2649190" lon="-123.1636940">
    <ele>25.7</ele>
    <time>2024-09-04T20:20:30Z</time>
   </trkpt>
   <trkpt lat="49.2649170" lon="-123.1637820">
    <ele>25.7</ele>
    <time>2024-09-04T20:20:31Z</time>
   </trkpt>
   <trkpt lat="49.2649160" lon="-123.1638700">
    <ele>25.8</ele>
    <time>2024-09-04T20:20:32Z</time>
   </trkpt>
   <trkpt lat="49.2649190" lon="-123.1639590">
    <ele>25.8</ele>
    <time>2024-09-04T20:20:33Z</time>
   </trkpt>
   <trkpt lat="49.2649230" lon="-123.1640480">
    <ele>25.8</ele>
    <time>2024-09-04T20:20:34Z</time>
   </trkpt>
   <trkpt lat="49.2649340" lon="-123.1641370">
    <ele>25.8</ele>
    <time>2024-09-04T20:20:35Z</time>
   </trkpt>
   <trkpt lat="49.2649360" lon="-123.1642260">
    <ele>25.9</ele>
    <time>2024-09-04T20:20:36Z</time>
   </trkpt>
   <trkpt lat="49.2649350" lon="-123.1643110">
    <ele>25.9</ele>
    <time>2024-09-04T20:20:37Z</time>
   </trkpt>
   <trkpt lat="49.2649360" lon="-123.1643910">
    <ele>26.0</ele>
    <time>2024-09-04T20:20:38Z</time>
   </trkpt>
   <trkpt lat="49.2649370" lon="-123.1644610">
    <ele>26.0</ele>
    <time>2024-09-04T20:20:39Z</time>
   </trkpt>
   <trkpt lat="49.2649410" lon="-123.1645320">
    <ele>26.1</ele>
    <time>2024-09-04T20:20:40Z</time>
   </trkpt>
   <trkpt lat="49.2649510" lon="-123.1645970">
    <ele>26.1</ele>
    <time>2024-09-04T20:20:41Z</time>
   </trkpt>
   <trkpt lat="49.2649550" lon="-123.1646590">
    <ele>26.0</ele>
    <time>2024-09-04T20:20:42Z</time>
   </trkpt>
   <trkpt lat="49.2649490" lon="-123.1647360">
    <ele>26.0</ele>
    <time>2024-09-04T20:20:43Z</time>
   </trkpt>
   <trkpt lat="49.2649300" lon="-123.1648090">
    <ele>26.0</ele>
    <time>2024-09-04T20:20:44Z</time>
   </trkpt>
   <trkpt lat="49.2649140" lon="-123.1648840">
    <ele>26.0</ele>
    <time>2024-09-04T20:20:45Z</time>
   </trkpt>
   <trkpt lat="49.2649140" lon="-123.1649690">
    <ele>25.9</ele>
    <time>2024-09-04T20:20:46Z</time>
   </trkpt>
   <trkpt lat="49.2649140" lon="-123.1650500">
    <ele>25.9</ele>
    <time>2024-09-04T20:20:47Z</time>
   </trkpt>
   <trkpt lat="49.2649170" lon="-123.1652170">
    <ele>25.8</ele>
    <time>2024-09-04T20:20:48Z</time>
   </trkpt>
   <trkpt lat="49.2649240" lon="-123.1653020">
    <ele>25.8</ele>
    <time>2024-09-04T20:20:49Z</time>
   </trkpt>
   <trkpt lat="49.2649250" lon="-123.1653840">
    <ele>25.7</ele>
    <time>2024-09-04T20:20:50Z</time>
   </trkpt>
   <trkpt lat="49.2649230" lon="-123.1654660">
    <ele>25.7</ele>
    <time>2024-09-04T20:20:51Z</time>
   </trkpt>
   <trkpt lat="49.2649300" lon="-123.1655460">
    <ele>25.7</ele>
    <time>2024-09-04T20:20:52Z</time>
   </trkpt>
   <trkpt lat="49.2649320" lon="-123.1656270">
    <ele>25.6</ele>
    <time>2024-09-04T20:20:53Z</time>
   </trkpt>
   <trkpt lat="49.2649340" lon="-123.1657060">
    <ele>25.6</ele>
    <time>2024-09-04T20:20:54Z</time>
   </trkpt>
   <trkpt lat="49.2649350" lon="-123.1657840">
    <ele>25.6</ele>
    <time>2024-09-04T20:20:55Z</time>
   </trkpt>
   <trkpt lat="49.2649360" lon="-123.1658620">
    <ele>25.5</ele>
    <time>2024-09-04T20:20:56Z</time>
   </trkpt>
   <trkpt lat="49.2649380" lon="-123.1659420">
    <ele>25.5</ele>
    <time>2024-09-04T20:20:57Z</time>
   </trkpt>
   <trkpt lat="49.2649400" lon="-123.1660230">
    <ele>25.5</ele>
    <time>2024-09-04T20:20:58Z</time>
   </trkpt>
   <trkpt lat="49.2649440" lon="-123.1661030">
    <ele>25.5</ele>
    <time>2024-09-04T20:20:59Z</time>
   </trkpt>
   <trkpt lat="49.2649440" lon="-123.1661800">
    <ele>25.5</ele>
    <time>2024-09-04T20:21:00Z</time>
   </trkpt>
   <trkpt lat="49.2649490" lon="-123.1662580">
    <ele>25.4</ele>
    <time>2024-09-04T20:21:01Z</time>
   </trkpt>
   <trkpt lat="49.2649500" lon="-123.1663340">
    <ele>25.4</ele>
    <time>2024-09-04T20:21:02Z</time>
   </trkpt>
   <trkpt lat="49.2649530" lon="-123.1664100">
    <ele>25.3</ele>
    <time>2024-09-04T20:21:03Z</time>
   </trkpt>
   <trkpt lat="49.2649560" lon="-123.1664880">
    <ele>25.2</ele>
    <time>2024-09-04T20:21:04Z</time>
   </trkpt>
   <trkpt lat="49.2649610" lon="-123.1665650">
    <ele>25.2</ele>
    <time>2024-09-04T20:21:05Z</time>
   </trkpt>
   <trkpt lat="49.2649580" lon="-123.1666420">
    <ele>25.1</ele>
    <time>2024-09-04T20:21:06Z</time>
   </trkpt>
   <trkpt lat="49.2649500" lon="-123.1667200">
    <ele>25.0</ele>
    <time>2024-09-04T20:21:07Z</time>
   </trkpt>
   <trkpt lat="49.2649480" lon="-123.1668020">
    <ele>24.9</ele>
    <time>2024-09-04T20:21:08Z</time>
   </trkpt>
   <trkpt lat="49.2649500" lon="-123.1668860">
    <ele>24.8</ele>
    <time>2024-09-04T20:21:09Z</time>
   </trkpt>
   <trkpt lat="49.2649500" lon="-123.1669720">
    <ele>24.6</ele>
    <time>2024-09-04T20:21:10Z</time>
   </trkpt>
   <trkpt lat="49.2649490" lon="-123.1670570">
    <ele>24.5</ele>
    <time>2024-09-04T20:21:11Z</time>
   </trkpt>
   <trkpt lat="49.2649490" lon="-123.1671400">
    <ele>24.4</ele>
    <time>2024-09-04T20:21:12Z</time>
   </trkpt>
   <trkpt lat="49.2649540" lon="-123.1672270">
    <ele>24.3</ele>
    <time>2024-09-04T20:21:13Z</time>
   </trkpt>
   <trkpt lat="49.2649610" lon="-123.1673100">
    <ele>24.2</ele>
    <time>2024-09-04T20:21:14Z</time>
   </trkpt>
   <trkpt lat="49.2649580" lon="-123.1673970">
    <ele>24.1</ele>
    <time>2024-09-04T20:21:15Z</time>
   </trkpt>
   <trkpt lat="49.2649600" lon="-123.1674860">
    <ele>24.0</ele>
    <time>2024-09-04T20:21:16Z</time>
   </trkpt>
   <trkpt lat="49.2649620" lon="-123.1675810">
    <ele>24.0</ele>
    <time>2024-09-04T20:21:17Z</time>
   </trkpt>
   <trkpt lat="49.2649640" lon="-123.1676740">
    <ele>23.9</ele>
    <time>2024-09-04T20:21:18Z</time>
   </trkpt>
   <trkpt lat="49.2649670" lon="-123.1677670">
    <ele>23.9</ele>
    <time>2024-09-04T20:21:19Z</time>
   </trkpt>
   <trkpt lat="49.2649650" lon="-123.1678570">
    <ele>23.9</ele>
    <time>2024-09-04T20:21:20Z</time>
   </trkpt>
   <trkpt lat="49.2649700" lon="-123.1679500">
    <ele>23.8</ele>
    <time>2024-09-04T20:21:21Z</time>
   </trkpt>
   <trkpt lat="49.2649750" lon="-123.1680430">
    <ele>23.8</ele>
    <time>2024-09-04T20:21:22Z</time>
   </trkpt>
   <trkpt lat="49.2649750" lon="-123.1681330">
    <ele>23.9</ele>
    <time>2024-09-04T20:21:23Z</time>
   </trkpt>
   <trkpt lat="49.2649790" lon="-123.1682220">
    <ele>23.9</ele>
    <time>2024-09-04T20:21:24Z</time>
   </trkpt>
   <trkpt lat="49.2649860" lon="-123.1683140">
    <ele>23.9</ele>
    <time>2024-09-04T20:21:25Z</time>
   </trkpt>
   <trkpt lat="49.2649840" lon="-123.1684060">
    <ele>23.8</ele>
    <time>2024-09-04T20:21:26Z</time>
   </trkpt>
   <trkpt lat="49.2649780" lon="-123.1684980">
    <ele>23.8</ele>
    <time>2024-09-04T20:21:27Z</time>
   </trkpt>
   <trkpt lat="49.2649800" lon="-123.1685890">
    <ele>23.7</ele>
    <time>2024-09-04T20:21:28Z</time>
   </trkpt>
   <trkpt lat="49.2649840" lon="-123.1686820">
    <ele>23.6</ele>
    <time>2024-09-04T20:21:29Z</time>
   </trkpt>
   <trkpt lat="49.2649850" lon="-123.1687740">
    <ele>23.5</ele>
    <time>2024-09-04T20:21:30Z</time>
   </trkpt>
   <trkpt lat="49.2649860" lon="-123.1688630">
    <ele>23.4</ele>
    <time>2024-09-04T20:21:31Z</time>
   </trkpt>
   <trkpt lat="49.2649890" lon="-123.1689490">
    <ele>23.3</ele>
    <time>2024-09-04T20:21:32Z</time>
   </trkpt>
   <trkpt lat="49.2649840" lon="-123.1690340">
    <ele>23.2</ele>
    <time>2024-09-04T20:21:33Z</time>
   </trkpt>
   <trkpt lat="49.2649850" lon="-123.1691110">
    <ele>23.1</ele>
    <time>2024-09-04T20:21:34Z</time>
   </trkpt>
   <trkpt lat="49.2649890" lon="-123.1691860">
    <ele>23.0</ele>
    <time>2024-09-04T20:21:35Z</time>
   </trkpt>
   <trkpt lat="49.2649910" lon="-123.1692570">
    <ele>22.9</ele>
    <time>2024-09-04T20:21:36Z</time>
   </trkpt>
   <trkpt lat="49.2649930" lon="-123.1693260">
    <ele>22.9</ele>
    <time>2024-09-04T20:21:37Z</time>
   </trkpt>
   <trkpt lat="49.2649920" lon="-123.1693930">
    <ele>22.8</ele>
    <time>2024-09-04T20:21:38Z</time>
   </trkpt>
   <trkpt lat="49.2649960" lon="-123.1694590">
    <ele>22.7</ele>
    <time>2024-09-04T20:21:39Z</time>
   </trkpt>
   <trkpt lat="49.2649910" lon="-123.1695220">
    <ele>22.7</ele>
    <time>2024-09-04T20:21:40Z</time>
   </trkpt>
   <trkpt lat="49.2649930" lon="-123.1695890">
    <ele>22.7</ele>
    <time>2024-09-04T20:21:41Z</time>
   </trkpt>
   <trkpt lat="49.2649910" lon="-123.1696650">
    <ele>22.6</ele>
    <time>2024-09-04T20:21:42Z</time>
   </trkpt>
   <trkpt lat="49.2649930" lon="-123.1697460">
    <ele>22.6</ele>
    <time>2024-09-04T20:21:43Z</time>
   </trkpt>
   <trkpt lat="49.2649970" lon="-123.1698320">
    <ele>22.5</ele>
    <time>2024-09-04T20:21:44Z</time>
   </trkpt>
   <trkpt lat="49.2650000" lon="-123.1699120">
    <ele>22.5</ele>
    <time>2024-09-04T20:21:45Z</time>
   </trkpt>
   <trkpt lat="49.2650000" lon="-123.1699950">
    <ele>22.5</ele>
    <time>2024-09-04T20:21:46Z</time>
   </trkpt>
   <trkpt lat="49.2650060" lon="-123.1700770">
    <ele>22.5</ele>
    <time>2024-09-04T20:21:47Z</time>
   </trkpt>
   <trkpt lat="49.2650070" lon="-123.1701570">
    <ele>22.5</ele>
    <time>2024-09-04T20:21:48Z</time>
   </trkpt>
   <trkpt lat="49.2650080" lon="-123.1702370">
    <ele>22.5</ele>
    <time>2024-09-04T20:21:49Z</time>
   </trkpt>
   <trkpt lat="49.2650090" lon="-123.1703210">
    <ele>22.4</ele>
    <time>2024-09-04T20:21:50Z</time>
   </trkpt>
   <trkpt lat="49.2650090" lon="-123.1704060">
    <ele>22.4</ele>
    <time>2024-09-04T20:21:51Z</time>
   </trkpt>
   <trkpt lat="49.2650150" lon="-123.1704880">
    <ele>22.4</ele>
    <time>2024-09-04T20:21:52Z</time>
   </trkpt>
   <trkpt lat="49.2650170" lon="-123.1705720">
    <ele>22.4</ele>
    <time>2024-09-04T20:21:53Z</time>
   </trkpt>
   <trkpt lat="49.2650180" lon="-123.1706570">
    <ele>22.3</ele>
    <time>2024-09-04T20:21:54Z</time>
   </trkpt>
   <trkpt lat="49.2650170" lon="-123.1707400">
    <ele>22.3</ele>
    <time>2024-09-04T20:21:55Z</time>
   </trkpt>
   <trkpt lat="49.2650190" lon="-123.1708240">
    <ele>22.3</ele>
    <time>2024-09-04T20:21:56Z</time>
   </trkpt>
   <trkpt lat="49.2650200" lon="-123.1709070">
    <ele>22.3</ele>
    <time>2024-09-04T20:21:57Z</time>
   </trkpt>
   <trkpt lat="49.2650220" lon="-123.1709890">
    <ele>22.3</ele>
    <time>2024-09-04T20:21:58Z</time>
   </trkpt>
   <trkpt lat="49.2650250" lon="-123.1710680">
    <ele>22.3</ele>
    <time>2024-09-04T20:21:59Z</time>
   </trkpt>
   <trkpt lat="49.2650280" lon="-123.1711490">
    <ele>22.3</ele>
    <time>2024-09-04T20:22:00Z</time>
   </trkpt>
   <trkpt lat="49.2650280" lon="-123.1712320">
    <ele>22.2</ele>
    <time>2024-09-04T20:22:01Z</time>
   </trkpt>
   <trkpt lat="49.2650290" lon="-123.1713150">
    <ele>22.2</ele>
    <time>2024-09-04T20:22:02Z</time>
   </trkpt>
   <trkpt lat="49.2650310" lon="-123.1713980">
    <ele>22.1</ele>
    <time>2024-09-04T20:22:03Z</time>
   </trkpt>
   <trkpt lat="49.2650310" lon="-123.1714830">
    <ele>22.0</ele>
    <time>2024-09-04T20:22:04Z</time>
   </trkpt>
   <trkpt lat="49.2650310" lon="-123.1715640">
    <ele>22.0</ele>
    <time>2024-09-04T20:22:05Z</time>
   </trkpt>
   <trkpt lat="49.2650310" lon="-123.1716470">
    <ele>21.9</ele>
    <time>2024-09-04T20:22:06Z</time>
   </trkpt>
   <trkpt lat="49.2650320" lon="-123.1717300">
    <ele>21.9</ele>
    <time>2024-09-04T20:22:07Z</time>
   </trkpt>
   <trkpt lat="49.2650340" lon="-123.1718130">
    <ele>21.9</ele>
    <time>2024-09-04T20:22:08Z</time>
   </trkpt>
   <trkpt lat="49.2650350" lon="-123.1718940">
    <ele>21.8</ele>
    <time>2024-09-04T20:22:09Z</time>
   </trkpt>
   <trkpt lat="49.2650350" lon="-123.1719730">
    <ele>21.8</ele>
    <time>2024-09-04T20:22:10Z</time>
   </trkpt>
   <trkpt lat="49.2650350" lon="-123.1720580">
    <ele>21.7</ele>
    <time>2024-09-04T20:22:11Z</time>
   </trkpt>
   <trkpt lat="49.2650360" lon="-123.1721430">
    <ele>21.7</ele>
    <time>2024-09-04T20:22:12Z</time>
   </trkpt>
   <trkpt lat="49.2650380" lon="-123.1722270">
    <ele>21.6</ele>
    <time>2024-09-04T20:22:13Z</time>
   </trkpt>
   <trkpt lat="49.2650390" lon="-123.1723140">
    <ele>21.6</ele>
    <time>2024-09-04T20:22:14Z</time>
   </trkpt>
   <trkpt lat="49.2650410" lon="-123.1723990">
    <ele>21.5</ele>
    <time>2024-09-04T20:22:15Z</time>
   </trkpt>
   <trkpt lat="49.2650420" lon="-123.1724830">
    <ele>21.5</ele>
    <time>2024-09-04T20:22:16Z</time>
   </trkpt>
   <trkpt lat="49.2650440" lon="-123.1725690">
    <ele>21.5</ele>
    <time>2024-09-04T20:22:17Z</time>
   </trkpt>
   <trkpt lat="49.2650440" lon="-123.1726560">
    <ele>21.5</ele>
    <time>2024-09-04T20:22:18Z</time>
   </trkpt>
   <trkpt lat="49.2650450" lon="-123.1727430">
    <ele>21.4</ele>
    <time>2024-09-04T20:22:19Z</time>
   </trkpt>
   <trkpt lat="49.2650470" lon="-123.1728280">
    <ele>21.4</ele>
    <time>2024-09-04T20:22:20Z</time>
   </trkpt>
   <trkpt lat="49.2650490" lon="-123.1729150">
    <ele>21.4</ele>
    <time>2024-09-04T20:22:21Z</time>
   </trkpt>
   <trkpt lat="49.2650520" lon="-123.1729950">
    <ele>21.4</ele>
    <time>2024-09-04T20:22:22Z</time>
   </trkpt>
   <trkpt lat="49.2650590" lon="-123.1730750">
    <ele>21.4</ele>
    <time>2024-09-04T20:22:23Z</time>
   </trkpt>
   <trkpt lat="49.2650590" lon="-123.1731570">
    <ele>21.4</ele>
    <time>2024-09-04T20:22:24Z</time>
   </trkpt>
   <trkpt lat="49.2650630" lon="-123.1732390">
    <ele>21.4</ele>
    <time>2024-09-04T20:22:25Z</time>
   </trkpt>
   <trkpt lat="49.2650650" lon="-123.1733170">
    <ele>21.4</ele>
    <time>2024-09-04T20:22:26Z</time>
   </trkpt>
   <trkpt lat="49.2650690" lon="-123.1733960">
    <ele>21.4</ele>
    <time>2024-09-04T20:22:27Z</time>
   </trkpt>
   <trkpt lat="49.2650750" lon="-123.1734700">
    <ele>21.4</ele>
    <time>2024-09-04T20:22:29Z</time>
   </trkpt>
   <trkpt lat="49.2650740" lon="-123.1735360">
    <ele>21.4</ele>
    <time>2024-09-04T20:22:30Z</time>
   </trkpt>
   <trkpt lat="49.2650590" lon="-123.1735970">
    <ele>21.4</ele>
    <time>2024-09-04T20:22:31Z</time>
   </trkpt>
   <trkpt lat="49.2650570" lon="-123.1736630">
    <ele>21.4</ele>
    <time>2024-09-04T20:22:32Z</time>
   </trkpt>
   <trkpt lat="49.2650600" lon="-123.1737430">
    <ele>21.4</ele>
    <time>2024-09-04T20:22:33Z</time>
   </trkpt>
   <trkpt lat="49.2650690" lon="-123.1738220">
    <ele>21.4</ele>
    <time>2024-09-04T20:22:34Z</time>
   </trkpt>
   <trkpt lat="49.2650670" lon="-123.1738950">
    <ele>21.4</ele>
    <time>2024-09-04T20:22:35Z</time>
   </trkpt>
   <trkpt lat="49.2650660" lon="-123.1739620">
    <ele>21.5</ele>
    <time>2024-09-04T20:22:36Z</time>
   </trkpt>
   <trkpt lat="49.2650670" lon="-123.1740350">
    <ele>21.5</ele>
    <time>2024-09-04T20:22:37Z</time>
   </trkpt>
   <trkpt lat="49.2650640" lon="-123.1741070">
    <ele>21.5</ele>
    <time>2024-09-04T20:22:38Z</time>
   </trkpt>
   <trkpt lat="49.2650630" lon="-123.1741780">
    <ele>21.5</ele>
    <time>2024-09-04T20:22:39Z</time>
   </trkpt>
   <trkpt lat="49.2650570" lon="-123.1742480">
    <ele>21.5</ele>
    <time>2024-09-04T20:22:40Z</time>
   </trkpt>
   <trkpt lat="49.2650560" lon="-123.1743240">
    <ele>21.5</ele>
    <time>2024-09-04T20:22:41Z</time>
   </trkpt>
   <trkpt lat="49.2650560" lon="-123.1743930">
    <ele>21.5</ele>
    <time>2024-09-04T20:22:42Z</time>
   </trkpt>
   <trkpt lat="49.2650560" lon="-123.1744650">
    <ele>21.5</ele>
    <time>2024-09-04T20:22:43Z</time>
   </trkpt>
   <trkpt lat="49.2650570" lon="-123.1745400">
    <ele>21.5</ele>
    <time>2024-09-04T20:22:44Z</time>
   </trkpt>
   <trkpt lat="49.2650600" lon="-123.1746150">
    <ele>21.5</ele>
    <time>2024-09-04T20:22:45Z</time>
   </trkpt>
   <trkpt lat="49.2650610" lon="-123.1746900">
    <ele>21.5</ele>
    <time>2024-09-04T20:22:46Z</time>
   </trkpt>
   <trkpt lat="49.2650630" lon="-123.1747630">
    <ele>21.5</ele>
    <time>2024-09-04T20:22:47Z</time>
   </trkpt>
   <trkpt lat="49.2650650" lon="-123.1748410">
    <ele>21.5</ele>
    <time>2024-09-04T20:22:48Z</time>
   </trkpt>
   <trkpt lat="49.2650680" lon="-123.1749120">
    <ele>21.5</ele>
    <time>2024-09-04T20:22:49Z</time>
   </trkpt>
   <trkpt lat="49.2650670" lon="-123.1750630">
    <ele>21.6</ele>
    <time>2024-09-04T20:22:50Z</time>
   </trkpt>
   <trkpt lat="49.2650700" lon="-123.1751430">
    <ele>21.6</ele>
    <time>2024-09-04T20:22:51Z</time>
   </trkpt>
   <trkpt lat="49.2650720" lon="-123.1752160">
    <ele>21.6</ele>
    <time>2024-09-04T20:22:52Z</time>
   </trkpt>
   <trkpt lat="49.2650730" lon="-123.1752940">
    <ele>21.7</ele>
    <time>2024-09-04T20:22:53Z</time>
   </trkpt>
   <trkpt lat="49.2650750" lon="-123.1753720">
    <ele>21.7</ele>
    <time>2024-09-04T20:22:54Z</time>
   </trkpt>
   <trkpt lat="49.2650770" lon="-123.1754490">
    <ele>21.7</ele>
    <time>2024-09-04T20:22:55Z</time>
   </trkpt>
   <trkpt lat="49.2650760" lon="-123.1755260">
    <ele>21.8</ele>
    <time>2024-09-04T20:22:56Z</time>
   </trkpt>
   <trkpt lat="49.2650810" lon="-123.1756010">
    <ele>21.8</ele>
    <time>2024-09-04T20:22:57Z</time>
   </trkpt>
   <trkpt lat="49.2650830" lon="-123.1756780">
    <ele>21.8</ele>
    <time>2024-09-04T20:22:58Z</time>
   </trkpt>
   <trkpt lat="49.2650840" lon="-123.1757530">
    <ele>21.9</ele>
    <time>2024-09-04T20:22:59Z</time>
   </trkpt>
   <trkpt lat="49.2650870" lon="-123.1758280">
    <ele>21.9</ele>
    <time>2024-09-04T20:23:00Z</time>
   </trkpt>
   <trkpt lat="49.2650880" lon="-123.1759040">
    <ele>21.9</ele>
    <time>2024-09-04T20:23:01Z</time>
   </trkpt>
   <trkpt lat="49.2650840" lon="-123.1759720">
    <ele>21.9</ele>
    <time>2024-09-04T20:23:02Z</time>
   </trkpt>
   <trkpt lat="49.2650820" lon="-123.1760480">
    <ele>21.9</ele>
    <time>2024-09-04T20:23:03Z</time>
   </trkpt>
   <trkpt lat="49.2650870" lon="-123.1761260">
    <ele>21.9</ele>
    <time>2024-09-04T20:23:04Z</time>
   </trkpt>
   <trkpt lat="49.2650870" lon="-123.1762020">
    <ele>21.8</ele>
    <time>2024-09-04T20:23:05Z</time>
   </trkpt>
   <trkpt lat="49.2650870" lon="-123.1762790">
    <ele>21.8</ele>
    <time>2024-09-04T20:23:06Z</time>
   </trkpt>
   <trkpt lat="49.2650870" lon="-123.1763540">
    <ele>21.8</ele>
    <time>2024-09-04T20:23:07Z</time>
   </trkpt>
   <trkpt lat="49.2650890" lon="-123.1764290">
    <ele>21.8</ele>
    <time>2024-09-04T20:23:08Z</time>
   </trkpt>
   <trkpt lat="49.2650890" lon="-123.1765030">
    <ele>21.8</ele>
    <time>2024-09-04T20:23:09Z</time>
   </trkpt>
   <trkpt lat="49.2650860" lon="-123.1765790">
    <ele>21.7</ele>
    <time>2024-09-04T20:23:10Z</time>
   </trkpt>
   <trkpt lat="49.2650860" lon="-123.1766540">
    <ele>21.7</ele>
    <time>2024-09-04T20:23:11Z</time>
   </trkpt>
   <trkpt lat="49.2650840" lon="-123.1767300">
    <ele>21.7</ele>
    <time>2024-09-04T20:23:12Z</time>
   </trkpt>
   <trkpt lat="49.2650850" lon="-123.1768060">
    <ele>21.6</ele>
    <time>2024-09-04T20:23:13Z</time>
   </trkpt>
   <trkpt lat="49.2650850" lon="-123.1768790">
    <ele>21.6</ele>
    <time>2024-09-04T20:23:14Z</time>
   </trkpt>
   <trkpt lat="49.2650880" lon="-123.1769530">
    <ele>21.6</ele>
    <time>2024-09-04T20:23:15Z</time>
   </trkpt>
   <trkpt lat="49.2650890" lon="-123.1770290">
    <ele>21.5</ele>
    <time>2024-09-04T20:23:16Z</time>
   </trkpt>
   <trkpt lat="49.2650920" lon="-123.1771030">
    <ele>21.5</ele>
    <time>2024-09-04T20:23:17Z</time>
   </trkpt>
   <trkpt lat="49.2651000" lon="-123.1771810">
    <ele>21.5</ele>
    <time>2024-09-04T20:23:18Z</time>
   </trkpt>
   <trkpt lat="49.2651030" lon="-123.1772600">
    <ele>21.5</ele>
    <time>2024-09-04T20:23:19Z</time>
   </trkpt>
   <trkpt lat="49.2651060" lon="-123.1773370">
    <ele>21.5</ele>
    <time>2024-09-04T20:23:20Z</time>
   </trkpt>
   <trkpt lat="49.2651030" lon="-123.1774110">
    <ele>21.5</ele>
    <time>2024-09-04T20:23:21Z</time>
   </trkpt>
   <trkpt lat="49.2651060" lon="-123.1774850">
    <ele>21.5</ele>
    <time>2024-09-04T20:23:22Z</time>
   </trkpt>
   <trkpt lat="49.2651040" lon="-123.1775600">
    <ele>21.5</ele>
    <time>2024-09-04T20:23:23Z</time>
   </trkpt>
   <trkpt lat="49.2651080" lon="-123.1776330">
    <ele>21.5</ele>
    <time>2024-09-04T20:23:24Z</time>
   </trkpt>
   <trkpt lat="49.2651220" lon="-123.1777050">
    <ele>21.5</ele>
    <time>2024-09-04T20:23:25Z</time>
   </trkpt>
   <trkpt lat="49.2651360" lon="-123.1777770">
    <ele>21.5</ele>
    <time>2024-09-04T20:23:26Z</time>
   </trkpt>
   <trkpt lat="49.2651470" lon="-123.1778410">
    <ele>21.5</ele>
    <time>2024-09-04T20:23:27Z</time>
   </trkpt>
   <trkpt lat="49.2651380" lon="-123.1779050">
    <ele>21.5</ele>
    <time>2024-09-04T20:23:28Z</time>
   </trkpt>
   <trkpt lat="49.2651150" lon="-123.1779780">
    <ele>21.4</ele>
    <time>2024-09-04T20:23:29Z</time>
   </trkpt>
   <trkpt lat="49.2651100" lon="-123.1780530">
    <ele>21.3</ele>
    <time>2024-09-04T20:23:30Z</time>
   </trkpt>
   <trkpt lat="49.2651110" lon="-123.1781320">
    <ele>21.3</ele>
    <time>2024-09-04T20:23:31Z</time>
   </trkpt>
   <trkpt lat="49.2651140" lon="-123.1782090">
    <ele>21.2</ele>
    <time>2024-09-04T20:23:32Z</time>
   </trkpt>
   <trkpt lat="49.2651160" lon="-123.1782880">
    <ele>21.1</ele>
    <time>2024-09-04T20:23:33Z</time>
   </trkpt>
   <trkpt lat="49.2651160" lon="-123.1783670">
    <ele>21.1</ele>
    <time>2024-09-04T20:23:34Z</time>
   </trkpt>
   <trkpt lat="49.2651200" lon="-123.1784460">
    <ele>21.0</ele>
    <time>2024-09-04T20:23:35Z</time>
   </trkpt>
   <trkpt lat="49.2651180" lon="-123.1785260">
    <ele>21.0</ele>
    <time>2024-09-04T20:23:36Z</time>
   </trkpt>
   <trkpt lat="49.2651230" lon="-123.1786080">
    <ele>20.9</ele>
    <time>2024-09-04T20:23:37Z</time>
   </trkpt>
   <trkpt lat="49.2651220" lon="-123.1786900">
    <ele>20.8</ele>
    <time>2024-09-04T20:23:38Z</time>
   </trkpt>
   <trkpt lat="49.2651270" lon="-123.1787690">
    <ele>20.8</ele>
    <time>2024-09-04T20:23:39Z</time>
   </trkpt>
   <trkpt lat="49.2651280" lon="-123.1788490">
    <ele>20.7</ele>
    <time>2024-09-04T20:23:40Z</time>
   </trkpt>
   <trkpt lat="49.2651300" lon="-123.1789270">
    <ele>20.7</ele>
    <time>2024-09-04T20:23:41Z</time>
   </trkpt>
   <trkpt lat="49.2651310" lon="-123.1790050">
    <ele>20.6</ele>
    <time>2024-09-04T20:23:42Z</time>
   </trkpt>
   <trkpt lat="49.2651360" lon="-123.1790830">
    <ele>20.6</ele>
    <time>2024-09-04T20:23:43Z</time>
   </trkpt>
   <trkpt lat="49.2651340" lon="-123.1791660">
    <ele>20.6</ele>
    <time>2024-09-04T20:23:44Z</time>
   </trkpt>
   <trkpt lat="49.2651340" lon="-123.1792480">
    <ele>20.5</ele>
    <time>2024-09-04T20:23:45Z</time>
   </trkpt>
   <trkpt lat="49.2651380" lon="-123.1793290">
    <ele>20.5</ele>
    <time>2024-09-04T20:23:46Z</time>
   </trkpt>
   <trkpt lat="49.2651380" lon="-123.1794130">
    <ele>20.4</ele>
    <time>2024-09-04T20:23:47Z</time>
   </trkpt>
   <trkpt lat="49.2651400" lon="-123.1794970">
    <ele>20.4</ele>
    <time>2024-09-04T20:23:48Z</time>
   </trkpt>
   <trkpt lat="49.2651420" lon="-123.1795800">
    <ele>20.4</ele>
    <time>2024-09-04T20:23:49Z</time>
   </trkpt>
   <trkpt lat="49.2651470" lon="-123.1796650">
    <ele>20.4</ele>
    <time>2024-09-04T20:23:50Z</time>
   </trkpt>
   <trkpt lat="49.2651490" lon="-123.1797450">
    <ele>20.3</ele>
    <time>2024-09-04T20:23:51Z</time>
   </trkpt>
   <trkpt lat="49.2651450" lon="-123.1798240">
    <ele>20.3</ele>
    <time>2024-09-04T20:23:52Z</time>
   </trkpt>
   <trkpt lat="49.2651460" lon="-123.1798980">
    <ele>20.2</ele>
    <time>2024-09-04T20:23:53Z</time>
   </trkpt>
   <trkpt lat="49.2651440" lon="-123.1799750">
    <ele>20.2</ele>
    <time>2024-09-04T20:23:54Z</time>
   </trkpt>
   <trkpt lat="49.2651470" lon="-123.1800550">
    <ele>20.1</ele>
    <time>2024-09-04T20:23:55Z</time>
   </trkpt>
   <trkpt lat="49.2651490" lon="-123.1801380">
    <ele>20.0</ele>
    <time>2024-09-04T20:23:56Z</time>
   </trkpt>
   <trkpt lat="49.2651490" lon="-123.1802200">
    <ele>19.9</ele>
    <time>2024-09-04T20:23:57Z</time>
   </trkpt>
   <trkpt lat="49.2651510" lon="-123.1803030">
    <ele>19.8</ele>
    <time>2024-09-04T20:23:58Z</time>
   </trkpt>
   <trkpt lat="49.2651520" lon="-123.1803850">
    <ele>19.7</ele>
    <time>2024-09-04T20:23:59Z</time>
   </trkpt>
   <trkpt lat="49.2651520" lon="-123.1804700">
    <ele>19.6</ele>
    <time>2024-09-04T20:24:00Z</time>
   </trkpt>
   <trkpt lat="49.2651510" lon="-123.1805530">
    <ele>19.6</ele>
    <time>2024-09-04T20:24:01Z</time>
   </trkpt>
   <trkpt lat="49.2651520" lon="-123.1806350">
    <ele>19.5</ele>
    <time>2024-09-04T20:24:02Z</time>
   </trkpt>
   <trkpt lat="49.2651530" lon="-123.1807170">
    <ele>19.4</ele>
    <time>2024-09-04T20:24:03Z</time>
   </trkpt>
   <trkpt lat="49.2651540" lon="-123.1808010">
    <ele>19.4</ele>
    <time>2024-09-04T20:24:04Z</time>
   </trkpt>
   <trkpt lat="49.2651540" lon="-123.1808820">
    <ele>19.3</ele>
    <time>2024-09-04T20:24:05Z</time>
   </trkpt>
   <trkpt lat="49.2651550" lon="-123.1809660">
    <ele>19.2</ele>
    <time>2024-09-04T20:24:06Z</time>
   </trkpt>
   <trkpt lat="49.2651550" lon="-123.1810490">
    <ele>19.2</ele>
    <time>2024-09-04T20:24:07Z</time>
   </trkpt>
   <trkpt lat="49.2651560" lon="-123.1811320">
    <ele>19.1</ele>
    <time>2024-09-04T20:24:08Z</time>
   </trkpt>
   <trkpt lat="49.2651550" lon="-123.1812150">
    <ele>19.1</ele>
    <time>2024-09-04T20:24:09Z</time>
   </trkpt>
   <trkpt lat="49.2651570" lon="-123.1812980">
    <ele>19.0</ele>
    <time>2024-09-04T20:24:10Z</time>
   </trkpt>
   <trkpt lat="49.2651600" lon="-123.1813790">
    <ele>19.0</ele>
    <time>2024-09-04T20:24:11Z</time>
   </trkpt>
   <trkpt lat="49.2651630" lon="-123.1814510">
    <ele>19.0</ele>
    <time>2024-09-04T20:24:12Z</time>
   </trkpt>
   <trkpt lat="49.2651680" lon="-123.1815350">
    <ele>18.9</ele>
    <time>2024-09-04T20:24:13Z</time>
   </trkpt>
   <trkpt lat="49.2651740" lon="-123.1816190">
    <ele>18.9</ele>
    <time>2024-09-04T20:24:14Z</time>
   </trkpt>
   <trkpt lat="49.2651780" lon="-123.1817080">
    <ele>18.8</ele>
    <time>2024-09-04T20:24:15Z</time>
   </trkpt>
   <trkpt lat="49.2651750" lon="-123.1817910">
    <ele>18.8</ele>
    <time>2024-09-04T20:24:16Z</time>
   </trkpt>
   <trkpt lat="49.2651800" lon="-123.1818740">
    <ele>18.7</ele>
    <time>2024-09-04T20:24:17Z</time>
   </trkpt>
   <trkpt lat="49.2651770" lon="-123.1819570">
    <ele>18.7</ele>
    <time>2024-09-04T20:24:18Z</time>
   </trkpt>
   <trkpt lat="49.2651770" lon="-123.1820420">
    <ele>18.6</ele>
    <time>2024-09-04T20:24:19Z</time>
   </trkpt>
   <trkpt lat="49.2651780" lon="-123.1821230">
    <ele>18.5</ele>
    <time>2024-09-04T20:24:20Z</time>
   </trkpt>
   <trkpt lat="49.2651800" lon="-123.1822070">
    <ele>18.4</ele>
    <time>2024-09-04T20:24:21Z</time>
   </trkpt>
   <trkpt lat="49.2651880" lon="-123.1822960">
    <ele>18.4</ele>
    <time>2024-09-04T20:24:22Z</time>
   </trkpt>
   <trkpt lat="49.2651870" lon="-123.1823840">
    <ele>18.3</ele>
    <time>2024-09-04T20:24:23Z</time>
   </trkpt>
   <trkpt lat="49.2651900" lon="-123.1824710">
    <ele>18.2</ele>
    <time>2024-09-04T20:24:24Z</time>
   </trkpt>
   <trkpt lat="49.2651920" lon="-123.1825560">
    <ele>18.2</ele>
    <time>2024-09-04T20:24:25Z</time>
   </trkpt>
   <trkpt lat="49.2651940" lon="-123.1826410">
    <ele>18.1</ele>
    <time>2024-09-04T20:24:26Z</time>
   </trkpt>
   <trkpt lat="49.2652040" lon="-123.1827250">
    <ele>18.0</ele>
    <time>2024-09-04T20:24:27Z</time>
   </trkpt>
   <trkpt lat="49.2652070" lon="-123.1828120">
    <ele>17.9</ele>
    <time>2024-09-04T20:24:28Z</time>
   </trkpt>
   <trkpt lat="49.2652060" lon="-123.1828990">
    <ele>17.9</ele>
    <time>2024-09-04T20:24:29Z</time>
   </trkpt>
   <trkpt lat="49.2651970" lon="-123.1829880">
    <ele>17.8</ele>
    <time>2024-09-04T20:24:30Z</time>
   </trkpt>
   <trkpt lat="49.2651970" lon="-123.1830750">
    <ele>17.7</ele>
    <time>2024-09-04T20:24:31Z</time>
   </trkpt>
   <trkpt lat="49.2652030" lon="-123.1831630">
    <ele>17.6</ele>
    <time>2024-09-04T20:24:32Z</time>
   </trkpt>
   <trkpt lat="49.2652040" lon="-123.1832470">
    <ele>17.6</ele>
    <time>2024-09-04T20:24:34Z</time>
   </trkpt>
   <trkpt lat="49.2652070" lon="-123.1833310">
    <ele>17.5</ele>
    <time>2024-09-04T20:24:35Z</time>
   </trkpt>
   <trkpt lat="49.2652070" lon="-123.1834160">
    <ele>17.5</ele>
    <time>2024-09-04T20:24:36Z</time>
   </trkpt>
   <trkpt lat="49.2652070" lon="-123.1835010">
    <ele>17.5</ele>
    <time>2024-09-04T20:24:37Z</time>
   </trkpt>
   <trkpt lat="49.2652090" lon="-123.1835810">
    <ele>17.5</ele>
    <time>2024-09-04T20:24:38Z</time>
   </trkpt>
   <trkpt lat="49.2652110" lon="-123.1836610">
    <ele>17.5</ele>
    <time>2024-09-04T20:24:39Z</time>
   </trkpt>
   <trkpt lat="49.2652090" lon="-123.1837410">
    <ele>17.4</ele>
    <time>2024-09-04T20:24:40Z</time>
   </trkpt>
   <trkpt lat="49.2652090" lon="-123.1838250">
    <ele>17.4</ele>
    <time>2024-09-04T20:24:41Z</time>
   </trkpt>
   <trkpt lat="49.2652100" lon="-123.1839110">
    <ele>17.4</ele>
    <time>2024-09-04T20:24:42Z</time>
   </trkpt>
   <trkpt lat="49.2652090" lon="-123.1839980">
    <ele>17.4</ele>
    <time>2024-09-04T20:24:43Z</time>
   </trkpt>
   <trkpt lat="49.2652080" lon="-123.1840880">
    <ele>17.3</ele>
    <time>2024-09-04T20:24:44Z</time>
   </trkpt>
   <trkpt lat="49.2652090" lon="-123.1841750">
    <ele>17.3</ele>
    <time>2024-09-04T20:24:45Z</time>
   </trkpt>
   <trkpt lat="49.2652100" lon="-123.1842590">
    <ele>17.3</ele>
    <time>2024-09-04T20:24:46Z</time>
   </trkpt>
   <trkpt lat="49.2652140" lon="-123.1843460">
    <ele>17.3</ele>
    <time>2024-09-04T20:24:47Z</time>
   </trkpt>
   <trkpt lat="49.2652210" lon="-123.1844310">
    <ele>17.2</ele>
    <time>2024-09-04T20:24:48Z</time>
   </trkpt>
   <trkpt lat="49.2652230" lon="-123.1845160">
    <ele>17.2</ele>
    <time>2024-09-04T20:24:49Z</time>
   </trkpt>
   <trkpt lat="49.2652260" lon="-123.1845960">
    <ele>17.2</ele>
    <time>2024-09-04T20:24:50Z</time>
   </trkpt>
   <trkpt lat="49.2652270" lon="-123.1846760">
    <ele>17.1</ele>
    <time>2024-09-04T20:24:51Z</time>
   </trkpt>
   <trkpt lat="49.2652250" lon="-123.1848350">
    <ele>17.0</ele>
    <time>2024-09-04T20:24:52Z</time>
   </trkpt>
   <trkpt lat="49.2652310" lon="-123.1849180">
    <ele>17.0</ele>
    <time>2024-09-04T20:24:53Z</time>
   </trkpt>
   <trkpt lat="49.2652290" lon="-123.1849970">
    <ele>16.9</ele>
    <time>2024-09-04T20:24:54Z</time>
   </trkpt>
   <trkpt lat="49.2652330" lon="-123.1850770">
    <ele>16.8</ele>
    <time>2024-09-04T20:24:55Z</time>
   </trkpt>
   <trkpt lat="49.2652350" lon="-123.1851560">
    <ele>16.8</ele>
    <time>2024-09-04T20:24:56Z</time>
   </trkpt>
   <trkpt lat="49.2652320" lon="-123.1852310">
    <ele>16.7</ele>
    <time>2024-09-04T20:24:57Z</time>
   </trkpt>
   <trkpt lat="49.2652360" lon="-123.1853090">
    <ele>16.7</ele>
    <time>2024-09-04T20:24:58Z</time>
   </trkpt>
   <trkpt lat="49.2652350" lon="-123.1853850">
    <ele>16.6</ele>
    <time>2024-09-04T20:24:59Z</time>
   </trkpt>
   <trkpt lat="49.2652350" lon="-123.1854590">
    <ele>16.6</ele>
    <time>2024-09-04T20:25:00Z</time>
   </trkpt>
   <trkpt lat="49.2652430" lon="-123.1855250">
    <ele>16.6</ele>
    <time>2024-09-04T20:25:01Z</time>
   </trkpt>
   <trkpt lat="49.2652490" lon="-123.1855840">
    <ele>16.6</ele>
    <time>2024-09-04T20:25:02Z</time>
   </trkpt>
   <trkpt lat="49.2652550" lon="-123.1856250">
    <ele>16.6</ele>
    <time>2024-09-04T20:25:03Z</time>
   </trkpt>
   <trkpt lat="49.2652570" lon="-123.1856680">
    <ele>16.6</ele>
    <time>2024-09-04T20:25:04Z</time>
   </trkpt>
   <trkpt lat="49.2652580" lon="-123.1856820">
    <ele>16.6</ele>
    <time>2024-09-04T20:25:05Z</time>
   </trkpt>
   <trkpt lat="49.2652570" lon="-123.1856900">
    <ele>16.6</ele>
    <time>2024-09-04T20:25:06Z</time>
   </trkpt>
   <trkpt lat="49.2652550" lon="-123.1856960">
    <ele>16.6</ele>
    <time>2024-09-04T20:25:07Z</time>
   </trkpt>
   <trkpt lat="49.2652550" lon="-123.1857020">
    <ele>16.6</ele>
    <time>2024-09-04T20:25:08Z</time>
   </trkpt>
   <trkpt lat="49.2652540" lon="-123.1857100">
    <ele>16.6</ele>
    <time>2024-09-04T20:25:09Z</time>
   </trkpt>
   <trkpt lat="49.2652520" lon="-123.1857240">
    <ele>16.6</ele>
    <time>2024-09-04T20:25:10Z</time>
   </trkpt>
   <trkpt lat="49.2652490" lon="-123.1857740">
    <ele>16.5</ele>
    <time>2024-09-04T20:25:11Z</time>
   </trkpt>
   <trkpt lat="49.2652500" lon="-123.1857900">
    <ele>16.5</ele>
    <time>2024-09-04T20:25:12Z</time>
   </trkpt>
   <trkpt lat="49.2652540" lon="-123.1858330">
    <ele>16.5</ele>
    <time>2024-09-04T20:25:13Z</time>
   </trkpt>
   <trkpt lat="49.2652510" lon="-123.1858830">
    <ele>16.5</ele>
    <time>2024-09-04T20:25:14Z</time>
   </trkpt>
   <trkpt lat="49.2652450" lon="-123.1859390">
    <ele>16.5</ele>
    <time>2024-09-04T20:25:15Z</time>
   </trkpt>
   <trkpt lat="49.2652400" lon="-123.1860030">
    <ele>16.5</ele>
    <time>2024-09-04T20:25:16Z</time>
   </trkpt>
   <trkpt lat="49.2652450" lon="-123.1860630">
    <ele>16.5</ele>
    <time>2024-09-04T20:25:17Z</time>
   </trkpt>
   <trkpt lat="49.2652510" lon="-123.1861190">
    <ele>16.4</ele>
    <time>2024-09-04T20:25:18Z</time>
   </trkpt>
   <trkpt lat="49.2652490" lon="-123.1861830">
    <ele>16.4</ele>
    <time>2024-09-04T20:25:19Z</time>
   </trkpt>
   <trkpt lat="49.2652470" lon="-123.1862460">
    <ele>16.4</ele>
    <time>2024-09-04T20:25:20Z</time>
   </trkpt>
   <trkpt lat="49.2652470" lon="-123.1863070">
    <ele>16.4</ele>
    <time>2024-09-04T20:25:21Z</time>
   </trkpt>
   <trkpt lat="49.2652420" lon="-123.1863700">
    <ele>16.4</ele>
    <time>2024-09-04T20:25:22Z</time>
   </trkpt>
   <trkpt lat="49.2652420" lon="-123.1864240">
    <ele>16.4</ele>
    <time>2024-09-04T20:25:23Z</time>
   </trkpt>
   <trkpt lat="49.2652420" lon="-123.1864880">
    <ele>16.4</ele>
    <time>2024-09-04T20:25:24Z</time>
   </trkpt>
   <trkpt lat="49.2652420" lon="-123.1865530">
    <ele>16.4</ele>
    <time>2024-09-04T20:25:25Z</time>
   </trkpt>
   <trkpt lat="49.2652380" lon="-123.1866200">
    <ele>16.5</ele>
    <time>2024-09-04T20:25:26Z</time>
   </trkpt>
   <trkpt lat="49.2652270" lon="-123.1866820">
    <ele>16.6</ele>
    <time>2024-09-04T20:25:27Z</time>
   </trkpt>
   <trkpt lat="49.2652230" lon="-123.1867370">
    <ele>16.7</ele>
    <time>2024-09-04T20:25:28Z</time>
   </trkpt>
   <trkpt lat="49.2652330" lon="-123.1868000">
    <ele>16.8</ele>
    <time>2024-09-04T20:25:29Z</time>
   </trkpt>
   <trkpt lat="49.2652390" lon="-123.1868680">
    <ele>16.9</ele>
    <time>2024-09-04T20:25:30Z</time>
   </trkpt>
   <trkpt lat="49.2652430" lon="-123.1869300">
    <ele>17.0</ele>
    <time>2024-09-04T20:25:31Z</time>
   </trkpt>
   <trkpt lat="49.2652590" lon="-123.1869870">
    <ele>17.1</ele>
    <time>2024-09-04T20:25:32Z</time>
   </trkpt>
   <trkpt lat="49.2652620" lon="-123.1870530">
    <ele>17.3</ele>
    <time>2024-09-04T20:25:33Z</time>
   </trkpt>
   <trkpt lat="49.2652620" lon="-123.1871100">
    <ele>17.4</ele>
    <time>2024-09-04T20:25:34Z</time>
   </trkpt>
   <trkpt lat="49.2652590" lon="-123.1871740">
    <ele>17.5</ele>
    <time>2024-09-04T20:25:35Z</time>
   </trkpt>
   <trkpt lat="49.2652660" lon="-123.1872300">
    <ele>17.6</ele>
    <time>2024-09-04T20:25:36Z</time>
   </trkpt>
   <trkpt lat="49.2652660" lon="-123.1872850">
    <ele>17.8</ele>
    <time>2024-09-04T20:25:37Z</time>
   </trkpt>
   <trkpt lat="49.2652680" lon="-123.1873470">
    <ele>17.9</ele>
    <time>2024-09-04T20:25:38Z</time>
   </trkpt>
   <trkpt lat="49.2652690" lon="-123.1874050">
    <ele>18.0</ele>
    <time>2024-09-04T20:25:39Z</time>
   </trkpt>
   <trkpt lat="49.2652670" lon="-123.1874640">
    <ele>18.2</ele>
    <time>2024-09-04T20:25:40Z</time>
   </trkpt>
   <trkpt lat="49.2652680" lon="-123.1875270">
    <ele>18.4</ele>
    <time>2024-09-04T20:25:41Z</time>
   </trkpt>
   <trkpt lat="49.2652680" lon="-123.1875860">
    <ele>18.5</ele>
    <time>2024-09-04T20:25:42Z</time>
   </trkpt>
   <trkpt lat="49.2652760" lon="-123.1876420">
    <ele>18.7</ele>
    <time>2024-09-04T20:25:43Z</time>
   </trkpt>
   <trkpt lat="49.2652890" lon="-123.1877050">
    <ele>18.8</ele>
    <time>2024-09-04T20:25:44Z</time>
   </trkpt>
   <trkpt lat="49.2652940" lon="-123.1877610">
    <ele>18.7</ele>
    <time>2024-09-04T20:25:45Z</time>
   </trkpt>
   <trkpt lat="49.2652960" lon="-123.1878230">
    <ele>18.6</ele>
    <time>2024-09-04T20:25:46Z</time>
   </trkpt>
   <trkpt lat="49.2652900" lon="-123.1878820">
    <ele>18.8</ele>
    <time>2024-09-04T20:25:47Z</time>
   </trkpt>
   <trkpt lat="49.2652870" lon="-123.1879350">
    <ele>19.1</ele>
    <time>2024-09-04T20:25:48Z</time>
   </trkpt>
   <trkpt lat="49.2652830" lon="-123.1879930">
    <ele>19.2</ele>
    <time>2024-09-04T20:25:49Z</time>
   </trkpt>
   <trkpt lat="49.2652840" lon="-123.1880510">
    <ele>19.2</ele>
    <time>2024-09-04T20:25:50Z</time>
   </trkpt>
   <trkpt lat="49.2652840" lon="-123.1881070">
    <ele>19.2</ele>
    <time>2024-09-04T20:25:51Z</time>
   </trkpt>
   <trkpt lat="49.2652830" lon="-123.1881620">
    <ele>19.3</ele>
    <time>2024-09-04T20:25:52Z</time>
   </trkpt>
   <trkpt lat="49.2652830" lon="-123.1882190">
    <ele>19.3</ele>
    <time>2024-09-04T20:25:53Z</time>
   </trkpt>
   <trkpt lat="49.2652830" lon="-123.1882730">
    <ele>19.4</ele>
    <time>2024-09-04T20:25:54Z</time>
   </trkpt>
   <trkpt lat="49.2652830" lon="-123.1883270">
    <ele>19.4</ele>
    <time>2024-09-04T20:25:55Z</time>
   </trkpt>
   <trkpt lat="49.2652830" lon="-123.1883840">
    <ele>19.5</ele>
    <time>2024-09-04T20:25:56Z</time>
   </trkpt>
   <trkpt lat="49.2652830" lon="-123.1884390">
    <ele>19.5</ele>
    <time>2024-09-04T20:25:57Z</time>
   </trkpt>
   <trkpt lat="49.2652830" lon="-123.1884950">
    <ele>19.6</ele>
    <time>2024-09-04T20:25:58Z</time>
   </trkpt>
   <trkpt lat="49.2652820" lon="-123.1885530">
    <ele>19.6</ele>
    <time>2024-09-04T20:25:59Z</time>
   </trkpt>
   <trkpt lat="49.2652890" lon="-123.1886070">
    <ele>19.7</ele>
    <time>2024-09-04T20:26:00Z</time>
   </trkpt>
   <trkpt lat="49.2652860" lon="-123.1886590">
    <ele>19.8</ele>
    <time>2024-09-04T20:26:01Z</time>
   </trkpt>
   <trkpt lat="49.2652890" lon="-123.1887180">
    <ele>19.9</ele>
    <time>2024-09-04T20:26:02Z</time>
   </trkpt>
   <trkpt lat="49.2652920" lon="-123.1887760">
    <ele>19.9</ele>
    <time>2024-09-04T20:26:03Z</time>
   </trkpt>
   <trkpt lat="49.2652890" lon="-123.1888350">
    <ele>20.1</ele>
    <time>2024-09-04T20:26:04Z</time>
   </trkpt>
   <trkpt lat="49.2652920" lon="-123.1888900">
    <ele>20.2</ele>
    <time>2024-09-04T20:26:05Z</time>
   </trkpt>
   <trkpt lat="49.2652900" lon="-123.1889490">
    <ele>20.3</ele>
    <time>2024-09-04T20:26:06Z</time>
   </trkpt>
   <trkpt lat="49.2652930" lon="-123.1890050">
    <ele>20.4</ele>
    <time>2024-09-04T20:26:07Z</time>
   </trkpt>
   <trkpt lat="49.2652960" lon="-123.1890610">
    <ele>20.6</ele>
    <time>2024-09-04T20:26:08Z</time>
   </trkpt>
   <trkpt lat="49.2652940" lon="-123.1891150">
    <ele>20.7</ele>
    <time>2024-09-04T20:26:09Z</time>
   </trkpt>
   <trkpt lat="49.2652910" lon="-123.1891700">
    <ele>20.9</ele>
    <time>2024-09-04T20:26:10Z</time>
   </trkpt>
   <trkpt lat="49.2652910" lon="-123.1892170">
    <ele>21.0</ele>
    <time>2024-09-04T20:26:11Z</time>
   </trkpt>
   <trkpt lat="49.2652980" lon="-123.1892650">
    <ele>21.2</ele>
    <time>2024-09-04T20:26:12Z</time>
   </trkpt>
   <trkpt lat="49.2653010" lon="-123.1893150">
    <ele>21.3</ele>
    <time>2024-09-04T20:26:13Z</time>
   </trkpt>
   <trkpt lat="49.2652980" lon="-123.1893650">
    <ele>21.5</ele>
    <time>2024-09-04T20:26:14Z</time>
   </trkpt>
   <trkpt lat="49.2653020" lon="-123.1894140">
    <ele>21.6</ele>
    <time>2024-09-04T20:26:15Z</time>
   </trkpt>
   <trkpt lat="49.2652990" lon="-123.1894630">
    <ele>21.8</ele>
    <time>2024-09-04T20:26:16Z</time>
   </trkpt>
   <trkpt lat="49.2652990" lon="-123.1895110">
    <ele>21.9</ele>
    <time>2024-09-04T20:26:17Z</time>
   </trkpt>
   <trkpt lat="49.2653000" lon="-123.1895640">
    <ele>22.1</ele>
    <time>2024-09-04T20:26:18Z</time>
   </trkpt>
   <trkpt lat="49.2652970" lon="-123.1896140">
    <ele>22.3</ele>
    <time>2024-09-04T20:26:19Z</time>
   </trkpt>
   <trkpt lat="49.2653020" lon="-123.1896650">
    <ele>22.4</ele>
    <time>2024-09-04T20:26:20Z</time>
   </trkpt>
   <trkpt lat="49.2653010" lon="-123.1897150">
    <ele>22.6</ele>
    <time>2024-09-04T20:26:21Z</time>
   </trkpt>
   <trkpt lat="49.2653010" lon="-123.1897620">
    <ele>22.8</ele>
    <time>2024-09-04T20:26:22Z</time>
   </trkpt>
   <trkpt lat="49.2653030" lon="-123.1898080">
    <ele>22.9</ele>
    <time>2024-09-04T20:26:23Z</time>
   </trkpt>
   <trkpt lat="49.2653050" lon="-123.1898540">
    <ele>23.1</ele>
    <time>2024-09-04T20:26:24Z</time>
   </trkpt>
   <trkpt lat="49.2653030" lon="-123.1899020">
    <ele>23.3</ele>
    <time>2024-09-04T20:26:25Z</time>
   </trkpt>
   <trkpt lat="49.2653040" lon="-123.1899480">
    <ele>23.5</ele>
    <time>2024-09-04T20:26:26Z</time>
   </trkpt>
   <trkpt lat="49.2653060" lon="-123.1899920">
    <ele>23.7</ele>
    <time>2024-09-04T20:26:27Z</time>
   </trkpt>
   <trkpt lat="49.2653040" lon="-123.1900370">
    <ele>23.8</ele>
    <time>2024-09-04T20:26:28Z</time>
   </trkpt>
   <trkpt lat="49.2653040" lon="-123.1900850">
    <ele>24.0</ele>
    <time>2024-09-04T20:26:29Z</time>
   </trkpt>
   <trkpt lat="49.2653070" lon="-123.1901330">
    <ele>24.2</ele>
    <time>2024-09-04T20:26:30Z</time>
   </trkpt>
   <trkpt lat="49.2653050" lon="-123.1901800">
    <ele>24.3</ele>
    <time>2024-09-04T20:26:31Z</time>
   </trkpt>
   <trkpt lat="49.2653080" lon="-123.1902430">
    <ele>24.6</ele>
    <time>2024-09-04T20:26:32Z</time>
   </trkpt>
   <trkpt lat="49.2653060" lon="-123.1902660">
    <ele>24.6</ele>
    <time>2024-09-04T20:26:33Z</time>
   </trkpt>
   <trkpt lat="49.2653100" lon="-123.1903120">
    <ele>24.8</ele>
    <time>2024-09-04T20:26:34Z</time>
   </trkpt>
   <trkpt lat="49.2653090" lon="-123.1903580">
    <ele>25.0</ele>
    <time>2024-09-04T20:26:35Z</time>
   </trkpt>
   <trkpt lat="49.2653100" lon="-123.1904070">
    <ele>25.2</ele>
    <time>2024-09-04T20:26:36Z</time>
   </trkpt>
   <trkpt lat="49.2653110" lon="-123.1904530">
    <ele>25.3</ele>
    <time>2024-09-04T20:26:37Z</time>
   </trkpt>
   <trkpt lat="49.2653130" lon="-123.1904990">
    <ele>25.5</ele>
    <time>2024-09-04T20:26:38Z</time>
   </trkpt>
   <trkpt lat="49.2653130" lon="-123.1905450">
    <ele>25.7</ele>
    <time>2024-09-04T20:26:40Z</time>
   </trkpt>
   <trkpt lat="49.2653130" lon="-123.1905890">
    <ele>25.8</ele>
    <time>2024-09-04T20:26:41Z</time>
   </trkpt>
   <trkpt lat="49.2653130" lon="-123.1906360">
    <ele>26.0</ele>
    <time>2024-09-04T20:26:42Z</time>
   </trkpt>
   <trkpt lat="49.2653130" lon="-123.1906820">
    <ele>26.2</ele>
    <time>2024-09-04T20:26:43Z</time>
   </trkpt>
   <trkpt lat="49.2653130" lon="-123.1907240">
    <ele>26.3</ele>
    <time>2024-09-04T20:26:44Z</time>
   </trkpt>
   <trkpt lat="49.2653130" lon="-123.1907680">
    <ele>26.5</ele>
    <time>2024-09-04T20:26:45Z</time>
   </trkpt>
   <trkpt lat="49.2653130" lon="-123.1908130">
    <ele>26.6</ele>
    <time>2024-09-04T20:26:46Z</time>
   </trkpt>
   <trkpt lat="49.2653120" lon="-123.1908580">
    <ele>26.8</ele>
    <time>2024-09-04T20:26:47Z</time>
   </trkpt>
   <trkpt lat="49.2653130" lon="-123.1909010">
    <ele>26.9</ele>
    <time>2024-09-04T20:26:48Z</time>
   </trkpt>
   <trkpt lat="49.2653130" lon="-123.1909440">
    <ele>27.1</ele>
    <time>2024-09-04T20:26:49Z</time>
   </trkpt>
   <trkpt lat="49.2653160" lon="-123.1909870">
    <ele>27.2</ele>
    <time>2024-09-04T20:26:50Z</time>
   </trkpt>
   <trkpt lat="49.2653170" lon="-123.1910310">
    <ele>27.4</ele>
    <time>2024-09-04T20:26:51Z</time>
   </trkpt>
   <trkpt lat="49.2653180" lon="-123.1910740">
    <ele>27.6</ele>
    <time>2024-09-04T20:26:52Z</time>
   </trkpt>
   <trkpt lat="49.2653190" lon="-123.1911160">
    <ele>27.7</ele>
    <time>2024-09-04T20:26:53Z</time>
   </trkpt>
   <trkpt lat="49.2653200" lon="-123.1911580">
    <ele>27.8</ele>
    <time>2024-09-04T20:26:54Z</time>
   </trkpt>
   <trkpt lat="49.2653200" lon="-123.1912000">
    <ele>28.0</ele>
    <time>2024-09-04T20:26:55Z</time>
   </trkpt>
   <trkpt lat="49.2653200" lon="-123.1912860">
    <ele>28.1</ele>
    <time>2024-09-04T20:26:56Z</time>
   </trkpt>
   <trkpt lat="49.2653230" lon="-123.1913320">
    <ele>28.2</ele>
    <time>2024-09-04T20:26:57Z</time>
   </trkpt>
   <trkpt lat="49.2653240" lon="-123.1913950">
    <ele>28.3</ele>
    <time>2024-09-04T20:26:58Z</time>
   </trkpt>
   <trkpt lat="49.2653250" lon="-123.1914180">
    <ele>28.3</ele>
    <time>2024-09-04T20:26:59Z</time>
   </trkpt>
   <trkpt lat="49.2653270" lon="-123.1914600">
    <ele>28.4</ele>
    <time>2024-09-04T20:27:00Z</time>
   </trkpt>
   <trkpt lat="49.2653300" lon="-123.1915030">
    <ele>28.5</ele>
    <time>2024-09-04T20:27:01Z</time>
   </trkpt>
   <trkpt lat="49.2653320" lon="-123.1915460">
    <ele>28.5</ele>
    <time>2024-09-04T20:27:02Z</time>
   </trkpt>
   <trkpt lat="49.2653320" lon="-123.1915900">
    <ele>28.6</ele>
    <time>2024-09-04T20:27:03Z</time>
   </trkpt>
   <trkpt lat="49.2653340" lon="-123.1916510">
    <ele>28.7</ele>
    <time>2024-09-04T20:27:04Z</time>
   </trkpt>
   <trkpt lat="49.2653330" lon="-123.1916720">
    <ele>28.8</ele>
    <time>2024-09-04T20:27:05Z</time>
   </trkpt>
   <trkpt lat="49.2653310" lon="-123.1917320">
    <ele>28.9</ele>
    <time>2024-09-04T20:27:06Z</time>
   </trkpt>
   <trkpt lat="49.2653300" lon="-123.1917520">
    <ele>29.0</ele>
    <time>2024-09-04T20:27:07Z</time>
   </trkpt>
   <trkpt lat="49.2653280" lon="-123.1917950">
    <ele>29.1</ele>
    <time>2024-09-04T20:27:08Z</time>
   </trkpt>
   <trkpt lat="49.2653280" lon="-123.1918390">
    <ele>29.3</ele>
    <time>2024-09-04T20:27:09Z</time>
   </trkpt>
   <trkpt lat="49.2653300" lon="-123.1918800">
    <ele>29.5</ele>
    <time>2024-09-04T20:27:10Z</time>
   </trkpt>
   <trkpt lat="49.2653320" lon="-123.1919220">
    <ele>29.6</ele>
    <time>2024-09-04T20:27:11Z</time>
   </trkpt>
   <trkpt lat="49.2653330" lon="-123.1919640">
    <ele>29.8</ele>
    <time>2024-09-04T20:27:12Z</time>
   </trkpt>
   <trkpt lat="49.2653330" lon="-123.1920070">
    <ele>30.0</ele>
    <time>2024-09-04T20:27:13Z</time>
   </trkpt>
   <trkpt lat="49.2653310" lon="-123.1920680">
    <ele>30.2</ele>
    <time>2024-09-04T20:27:14Z</time>
   </trkpt>
   <trkpt lat="49.2653320" lon="-123.1920880">
    <ele>30.3</ele>
    <time>2024-09-04T20:27:15Z</time>
   </trkpt>
   <trkpt lat="49.2653330" lon="-123.1921490">
    <ele>30.6</ele>
    <time>2024-09-04T20:27:16Z</time>
   </trkpt>
   <trkpt lat="49.2653330" lon="-123.1921690">
    <ele>30.7</ele>
    <time>2024-09-04T20:27:17Z</time>
   </trkpt>
   <trkpt lat="49.2653340" lon="-123.1922280">
    <ele>31.0</ele>
    <time>2024-09-04T20:27:18Z</time>
   </trkpt>
   <trkpt lat="49.2653340" lon="-123.1922480">
    <ele>31.1</ele>
    <time>2024-09-04T20:27:19Z</time>
   </trkpt>
   <trkpt lat="49.2653360" lon="-123.1923060">
    <ele>31.4</ele>
    <time>2024-09-04T20:27:20Z</time>
   </trkpt>
   <trkpt lat="49.2653370" lon="-123.1923250">
    <ele>31.5</ele>
    <time>2024-09-04T20:27:21Z</time>
   </trkpt>
   <trkpt lat="49.2653410" lon="-123.1923810">
    <ele>31.8</ele>
    <time>2024-09-04T20:27:22Z</time>
   </trkpt>
   <trkpt lat="49.2653400" lon="-123.1924000">
    <ele>31.9</ele>
    <time>2024-09-04T20:27:23Z</time>
   </trkpt>
   <trkpt lat="49.2653410" lon="-123.1924580">
    <ele>32.2</ele>
    <time>2024-09-04T20:27:24Z</time>
   </trkpt>
   <trkpt lat="49.2653400" lon="-123.1924770">
    <ele>32.3</ele>
    <time>2024-09-04T20:27:25Z</time>
   </trkpt>
   <trkpt lat="49.2653400" lon="-123.1925320">
    <ele>32.7</ele>
    <time>2024-09-04T20:27:26Z</time>
   </trkpt>
   <trkpt lat="49.2653410" lon="-123.1925500">
    <ele>32.8</ele>
    <time>2024-09-04T20:27:27Z</time>
   </trkpt>
   <trkpt lat="49.2653430" lon="-123.1926060">
    <ele>33.1</ele>
    <time>2024-09-04T20:27:28Z</time>
   </trkpt>
   <trkpt lat="49.2653430" lon="-123.1926250">
    <ele>33.2</ele>
    <time>2024-09-04T20:27:29Z</time>
   </trkpt>
   <trkpt lat="49.2653450" lon="-123.1926810">
    <ele>33.6</ele>
    <time>2024-09-04T20:27:30Z</time>
   </trkpt>
   <trkpt lat="49.2653470" lon="-123.1926990">
    <ele>33.7</ele>
    <time>2024-09-04T20:27:31Z</time>
   </trkpt>
   <trkpt lat="49.2653440" lon="-123.1927540">
    <ele>34.0</ele>
    <time>2024-09-04T20:27:32Z</time>
   </trkpt>
   <trkpt lat="49.2653430" lon="-123.1927710">
    <ele>34.1</ele>
    <time>2024-09-04T20:27:33Z</time>
   </trkpt>
   <trkpt lat="49.2653450" lon="-123.1928200">
    <ele>34.5</ele>
    <time>2024-09-04T20:27:34Z</time>
   </trkpt>
   <trkpt lat="49.2653460" lon="-123.1928370">
    <ele>34.6</ele>
    <time>2024-09-04T20:27:35Z</time>
   </trkpt>
   <trkpt lat="49.2653470" lon="-123.1928870">
    <ele>34.9</ele>
    <time>2024-09-04T20:27:36Z</time>
   </trkpt>
   <trkpt lat="49.2653480" lon="-123.1929040">
    <ele>35.0</ele>
    <time>2024-09-04T20:27:37Z</time>
   </trkpt>
   <trkpt lat="49.2653470" lon="-123.1929510">
    <ele>35.3</ele>
    <time>2024-09-04T20:27:38Z</time>
   </trkpt>
   <trkpt lat="49.2653460" lon="-123.1929680">
    <ele>35.4</ele>
    <time>2024-09-04T20:27:39Z</time>
   </trkpt>
   <trkpt lat="49.2653450" lon="-123.1930180">
    <ele>35.8</ele>
    <time>2024-09-04T20:27:40Z</time>
   </trkpt>
   <trkpt lat="49.2653470" lon="-123.1930350">
    <ele>35.9</ele>
    <time>2024-09-04T20:27:41Z</time>
   </trkpt>
   <trkpt lat="49.2653470" lon="-123.1930860">
    <ele>36.2</ele>
    <time>2024-09-04T20:27:42Z</time>
   </trkpt>
   <trkpt lat="49.2653460" lon="-123.1931030">
    <ele>36.3</ele>
    <time>2024-09-04T20:27:43Z</time>
   </trkpt>
   <trkpt lat="49.2653410" lon="-123.1931540">
    <ele>36.7</ele>
    <time>2024-09-04T20:27:44Z</time>
   </trkpt>
   <trkpt lat="49.2653400" lon="-123.1931700">
    <ele>36.8</ele>
    <time>2024-09-04T20:27:45Z</time>
   </trkpt>
   <trkpt lat="49.2653340" lon="-123.1932230">
    <ele>37.2</ele>
    <time>2024-09-04T20:27:46Z</time>
   </trkpt>
   <trkpt lat="49.2653320" lon="-123.1932400">
    <ele>37.3</ele>
    <time>2024-09-04T20:27:47Z</time>
   </trkpt>
   <trkpt lat="49.2653220" lon="-123.1932890">
    <ele>37.6</ele>
    <time>2024-09-04T20:27:48Z</time>
   </trkpt>
   <trkpt lat="49.2653180" lon="-123.1933060">
    <ele>37.7</ele>
    <time>2024-09-04T20:27:49Z</time>
   </trkpt>
   <trkpt lat="49.2653080" lon="-123.1933220">
    <ele>37.9</ele>
    <time>2024-09-04T20:27:50Z</time>
   </trkpt>
   <trkpt lat="49.2652980" lon="-123.1933450">
    <ele>38.0</ele>
    <time>2024-09-04T20:27:51Z</time>
   </trkpt>
   <trkpt lat="49.2652770" lon="-123.1933870">
    <ele>38.4</ele>
    <time>2024-09-04T20:27:52Z</time>
   </trkpt>
   <trkpt lat="49.2652680" lon="-123.1934070">
    <ele>38.5</ele>
    <time>2024-09-04T20:27:53Z</time>
   </trkpt>
   <trkpt lat="49.2652470" lon="-123.1934270">
    <ele>38.8</ele>
    <time>2024-09-04T20:27:54Z</time>
   </trkpt>
   <trkpt lat="49.2652360" lon="-123.1934390">
    <ele>38.9</ele>
    <time>2024-09-04T20:27:55Z</time>
   </trkpt>
   <trkpt lat="49.2652210" lon="-123.1934550">
    <ele>39.1</ele>
    <time>2024-09-04T20:27:56Z</time>
   </trkpt>
   <trkpt lat="49.2652060" lon="-123.1934690">
    <ele>39.2</ele>
    <time>2024-09-04T20:27:57Z</time>
   </trkpt>
   <trkpt lat="49.2651810" lon="-123.1934860">
    <ele>39.4</ele>
    <time>2024-09-04T20:27:58Z</time>
   </trkpt>
   <trkpt lat="49.2651630" lon="-123.1935170">
    <ele>39.5</ele>
    <time>2024-09-04T20:27:59Z</time>
   </trkpt>
   <trkpt lat="49.2651510" lon="-123.1935350">
    <ele>39.5</ele>
    <time>2024-09-04T20:28:00Z</time>
   </trkpt>
   <trkpt lat="49.2651490" lon="-123.1935820">
    <ele>39.5</ele>
    <time>2024-09-04T20:28:01Z</time>
   </trkpt>
   <trkpt lat="49.2651500" lon="-123.1936000">
    <ele>39.6</ele>
    <time>2024-09-04T20:28:02Z</time>
   </trkpt>
   <trkpt lat="49.2651640" lon="-123.1936480">
    <ele>39.8</ele>
    <time>2024-09-04T20:28:03Z</time>
   </trkpt>
   <trkpt lat="49.2651670" lon="-123.1936630">
    <ele>39.9</ele>
    <time>2024-09-04T20:28:04Z</time>
   </trkpt>
   <trkpt lat="49.2651760" lon="-123.1937110">
    <ele>40.1</ele>
    <time>2024-09-04T20:28:05Z</time>
   </trkpt>
   <trkpt lat="49.2651780" lon="-123.1937280">
    <ele>40.2</ele>
    <time>2024-09-04T20:28:06Z</time>
   </trkpt>
   <trkpt lat="49.2651890" lon="-123.1937780">
    <ele>40.4</ele>
    <time>2024-09-04T20:28:07Z</time>
   </trkpt>
   <trkpt lat="49.2651920" lon="-123.1937950">
    <ele>40.5</ele>
    <time>2024-09-04T20:28:08Z</time>
   </trkpt>
   <trkpt lat="49.2652000" lon="-123.1938450">
    <ele>40.7</ele>
    <time>2024-09-04T20:28:09Z</time>
   </trkpt>
   <trkpt lat="49.2652030" lon="-123.1938630">
    <ele>40.8</ele>
    <time>2024-09-04T20:28:10Z</time>
   </trkpt>
   <trkpt lat="49.2652110" lon="-123.1939160">
    <ele>41.0</ele>
    <time>2024-09-04T20:28:11Z</time>
   </trkpt>
   <trkpt lat="49.2652140" lon="-123.1939330">
    <ele>41.1</ele>
    <time>2024-09-04T20:28:12Z</time>
   </trkpt>
   <trkpt lat="49.2652250" lon="-123.1939870">
    <ele>41.3</ele>
    <time>2024-09-04T20:28:13Z</time>
   </trkpt>
   <trkpt lat="49.2652280" lon="-123.1940040">
    <ele>41.4</ele>
    <time>2024-09-04T20:28:14Z</time>
   </trkpt>
   <trkpt lat="49.2652380" lon="-123.1940540">
    <ele>41.6</ele>
    <time>2024-09-04T20:28:15Z</time>
   </trkpt>
   <trkpt lat="49.2652410" lon="-123.1940700">
    <ele>41.7</ele>
    <time>2024-09-04T20:28:16Z</time>
   </trkpt>
   <trkpt lat="49.2652480" lon="-123.1941200">
    <ele>41.9</ele>
    <time>2024-09-04T20:28:17Z</time>
   </trkpt>
   <trkpt lat="49.2652500" lon="-123.1941370">
    <ele>42.0</ele>
    <time>2024-09-04T20:28:18Z</time>
   </trkpt>
   <trkpt lat="49.2652570" lon="-123.1941860">
    <ele>42.2</ele>
    <time>2024-09-04T20:28:19Z</time>
   </trkpt>
   <trkpt lat="49.2652610" lon="-123.1942030">
    <ele>42.3</ele>
    <time>2024-09-04T20:28:20Z</time>
   </trkpt>
   <trkpt lat="49.2652690" lon="-123.1942520">
    <ele>42.5</ele>
    <time>2024-09-04T20:28:21Z</time>
   </trkpt>
   <trkpt lat="49.2652720" lon="-123.1942700">
    <ele>42.6</ele>
    <time>2024-09-04T20:28:22Z</time>
   </trkpt>
   <trkpt lat="49.2652800" lon="-123.1943210">
    <ele>42.8</ele>
    <time>2024-09-04T20:28:23Z</time>
   </trkpt>
   <trkpt lat="49.2652840" lon="-123.1943390">
    <ele>42.9</ele>
    <time>2024-09-04T20:28:24Z</time>
   </trkpt>
   <trkpt lat="49.2652930" lon="-123.1943880">
    <ele>43.1</ele>
    <time>2024-09-04T20:28:25Z</time>
   </trkpt>
   <trkpt lat="49.2652950" lon="-123.1944060">
    <ele>43.2</ele>
    <time>2024-09-04T20:28:26Z</time>
   </trkpt>
   <trkpt lat="49.2653040" lon="-123.1944560">
    <ele>43.5</ele>
    <time>2024-09-04T20:28:27Z</time>
   </trkpt>
   <trkpt lat="49.2653070" lon="-123.1944730">
    <ele>43.6</ele>
    <time>2024-09-04T20:28:28Z</time>
   </trkpt>
   <trkpt lat="49.2653120" lon="-123.1945240">
    <ele>43.8</ele>
    <time>2024-09-04T20:28:29Z</time>
   </trkpt>
   <trkpt lat="49.2653130" lon="-123.1945410">
    <ele>43.9</ele>
    <time>2024-09-04T20:28:30Z</time>
   </trkpt>
   <trkpt lat="49.2653200" lon="-123.1945940">
    <ele>44.1</ele>
    <time>2024-09-04T20:28:31Z</time>
   </trkpt>
   <trkpt lat="49.2653230" lon="-123.1946120">
    <ele>44.2</ele>
    <time>2024-09-04T20:28:32Z</time>
   </trkpt>
   <trkpt lat="49.2653290" lon="-123.1946630">
    <ele>44.5</ele>
    <time>2024-09-04T20:28:33Z</time>
   </trkpt>
   <trkpt lat="49.2653310" lon="-123.1946790">
    <ele>44.5</ele>
    <time>2024-09-04T20:28:34Z</time>
   </trkpt>
   <trkpt lat="49.2653350" lon="-123.1947310">
    <ele>44.8</ele>
    <time>2024-09-04T20:28:35Z</time>
   </trkpt>
   <trkpt lat="49.2653360" lon="-123.1947480">
    <ele>44.9</ele>
    <time>2024-09-04T20:28:36Z</time>
   </trkpt>
   <trkpt lat="49.2653400" lon="-123.1947960">
    <ele>45.1</ele>
    <time>2024-09-04T20:28:37Z</time>
   </trkpt>
   <trkpt lat="49.2653410" lon="-123.1948110">
    <ele>45.2</ele>
    <time>2024-09-04T20:28:38Z</time>
   </trkpt>
   <trkpt lat="49.2653460" lon="-123.1948610">
    <ele>45.4</ele>
    <time>2024-09-04T20:28:39Z</time>
   </trkpt>
   <trkpt lat="49.2653480" lon="-123.1948780">
    <ele>45.5</ele>
    <time>2024-09-04T20:28:40Z</time>
   </trkpt>
   <trkpt lat="49.2653570" lon="-123.1949270">
    <ele>45.7</ele>
    <time>2024-09-04T20:28:41Z</time>
   </trkpt>
   <trkpt lat="49.2653600" lon="-123.1949440">
    <ele>45.8</ele>
    <time>2024-09-04T20:28:42Z</time>
   </trkpt>
   <trkpt lat="49.2653640" lon="-123.1949940">
    <ele>46.1</ele>
    <time>2024-09-04T20:28:43Z</time>
   </trkpt>
   <trkpt lat="49.2653650" lon="-123.1950110">
    <ele>46.1</ele>
    <time>2024-09-04T20:28:44Z</time>
   </trkpt>
   <trkpt lat="49.2653670" lon="-123.1950610">
    <ele>46.4</ele>
    <time>2024-09-04T20:28:46Z</time>
   </trkpt>
   <trkpt lat="49.2653680" lon="-123.1950770">
    <ele>46.5</ele>
    <time>2024-09-04T20:28:47Z</time>
   </trkpt>
   <trkpt lat="49.2653700" lon="-123.1951280">
    <ele>46.7</ele>
    <time>2024-09-04T20:28:48Z</time>
   </trkpt>
   <trkpt lat="49.2653700" lon="-123.1951440">
    <ele>46.8</ele>
    <time>2024-09-04T20:28:49Z</time>
   </trkpt>
   <trkpt lat="49.2653700" lon="-123.1951940">
    <ele>47.0</ele>
    <time>2024-09-04T20:28:50Z</time>
   </trkpt>
   <trkpt lat="49.2653710" lon="-123.1952100">
    <ele>47.1</ele>
    <time>2024-09-04T20:28:51Z</time>
   </trkpt>
   <trkpt lat="49.2653730" lon="-123.1952610">
    <ele>47.3</ele>
    <time>2024-09-04T20:28:52Z</time>
   </trkpt>
   <trkpt lat="49.2653730" lon="-123.1952770">
    <ele>47.4</ele>
    <time>2024-09-04T20:28:53Z</time>
   </trkpt>
   <trkpt lat="49.2653760" lon="-123.1953290">
    <ele>47.6</ele>
    <time>2024-09-04T20:28:54Z</time>
   </trkpt>
   <trkpt lat="49.2653770" lon="-123.1953460">
    <ele>47.7</ele>
    <time>2024-09-04T20:28:55Z</time>
   </trkpt>
   <trkpt lat="49.2653770" lon="-123.1953980">
    <ele>47.9</ele>
    <time>2024-09-04T20:28:56Z</time>
   </trkpt>
   <trkpt lat="49.2653760" lon="-123.1954140">
    <ele>48.0</ele>
    <time>2024-09-04T20:28:57Z</time>
   </trkpt>
   <trkpt lat="49.2653760" lon="-123.1954670">
    <ele>48.2</ele>
    <time>2024-09-04T20:28:58Z</time>
   </trkpt>
   <trkpt lat="49.2653750" lon="-123.1954860">
    <ele>48.3</ele>
    <time>2024-09-04T20:28:59Z</time>
   </trkpt>
   <trkpt lat="49.2653780" lon="-123.1955610">
    <ele>48.5</ele>
    <time>2024-09-04T20:29:00Z</time>
   </trkpt>
   <trkpt lat="49.2653800" lon="-123.1955990">
    <ele>48.5</ele>
    <time>2024-09-04T20:29:01Z</time>
   </trkpt>
   <trkpt lat="49.2653820" lon="-123.1956380">
    <ele>48.6</ele>
    <time>2024-09-04T20:29:02Z</time>
   </trkpt>
   <trkpt lat="49.2653810" lon="-123.1956980">
    <ele>48.6</ele>
    <time>2024-09-04T20:29:03Z</time>
   </trkpt>
   <trkpt lat="49.2653800" lon="-123.1957190">
    <ele>48.6</ele>
    <time>2024-09-04T20:29:04Z</time>
   </trkpt>
   <trkpt lat="49.2653830" lon="-123.1957630">
    <ele>48.7</ele>
    <time>2024-09-04T20:29:05Z</time>
   </trkpt>
   <trkpt lat="49.2653850" lon="-123.1958050">
    <ele>48.7</ele>
    <time>2024-09-04T20:29:06Z</time>
   </trkpt>
   <trkpt lat="49.2653830" lon="-123.1958500">
    <ele>48.7</ele>
    <time>2024-09-04T20:29:07Z</time>
   </trkpt>
   <trkpt lat="49.2653840" lon="-123.1958970">
    <ele>48.7</ele>
    <time>2024-09-04T20:29:08Z</time>
   </trkpt>
   <trkpt lat="49.2653860" lon="-123.1959480">
    <ele>48.7</ele>
    <time>2024-09-04T20:29:09Z</time>
   </trkpt>
   <trkpt lat="49.2653830" lon="-123.1959990">
    <ele>48.7</ele>
    <time>2024-09-04T20:29:10Z</time>
   </trkpt>
   <trkpt lat="49.2653820" lon="-123.1960470">
    <ele>48.7</ele>
    <time>2024-09-04T20:29:11Z</time>
   </trkpt>
   <trkpt lat="49.2653880" lon="-123.1961010">
    <ele>48.7</ele>
    <time>2024-09-04T20:29:12Z</time>
   </trkpt>
   <trkpt lat="49.2653890" lon="-123.1961610">
    <ele>48.7</ele>
    <time>2024-09-04T20:29:13Z</time>
   </trkpt>
   <trkpt lat="49.2653890" lon="-123.1962140">
    <ele>48.7</ele>
    <time>2024-09-04T20:29:14Z</time>
   </trkpt>
   <trkpt lat="49.2653910" lon="-123.1962720">
    <ele>48.7</ele>
    <time>2024-09-04T20:29:15Z</time>
   </trkpt>
   <trkpt lat="49.2653910" lon="-123.1963270">
    <ele>48.7</ele>
    <time>2024-09-04T20:29:16Z</time>
   </trkpt>
   <trkpt lat="49.2653930" lon="-123.1963870">
    <ele>48.7</ele>
    <time>2024-09-04T20:29:17Z</time>
   </trkpt>
   <trkpt lat="49.2653940" lon="-123.1964450">
    <ele>48.7</ele>
    <time>2024-09-04T20:29:18Z</time>
   </trkpt>
   <trkpt lat="49.2653960" lon="-123.1965020">
    <ele>48.7</ele>
    <time>2024-09-04T20:29:19Z</time>
   </trkpt>
   <trkpt lat="49.2653950" lon="-123.1965590">
    <ele>48.7</ele>
    <time>2024-09-04T20:29:20Z</time>
   </trkpt>
   <trkpt lat="49.2653950" lon="-123.1966160">
    <ele>48.7</ele>
    <time>2024-09-04T20:29:21Z</time>
   </trkpt>
   <trkpt lat="49.2653970" lon="-123.1966740">
    <ele>48.7</ele>
    <time>2024-09-04T20:29:22Z</time>
   </trkpt>
   <trkpt lat="49.2653980" lon="-123.1967320">
    <ele>48.7</ele>
    <time>2024-09-04T20:29:23Z</time>
   </trkpt>
   <trkpt lat="49.2653980" lon="-123.1967910">
    <ele>48.8</ele>
    <time>2024-09-04T20:29:24Z</time>
   </trkpt>
   <trkpt lat="49.2653990" lon="-123.1968490">
    <ele>48.8</ele>
    <time>2024-09-04T20:29:25Z</time>
   </trkpt>
   <trkpt lat="49.2654000" lon="-123.1969080">
    <ele>48.8</ele>
    <time>2024-09-04T20:29:26Z</time>
   </trkpt>
   <trkpt lat="49.2654000" lon="-123.1969660">
    <ele>48.8</ele>
    <time>2024-09-04T20:29:27Z</time>
   </trkpt>
   <trkpt lat="49.2654000" lon="-123.1970240">
    <ele>48.8</ele>
    <time>2024-09-04T20:29:28Z</time>
   </trkpt>
   <trkpt lat="49.2654010" lon="-123.1970820">
    <ele>48.9</ele>
    <time>2024-09-04T20:29:29Z</time>
   </trkpt>
   <trkpt lat="49.2654020" lon="-123.1971390">
    <ele>48.9</ele>
    <time>2024-09-04T20:29:30Z</time>
   </trkpt>
   <trkpt lat="49.2654020" lon="-123.1971960">
    <ele>49.0</ele>
    <time>2024-09-04T20:29:31Z</time>
   </trkpt>
   <trkpt lat="49.2654030" lon="-123.1972540">
    <ele>49.0</ele>
    <time>2024-09-04T20:29:32Z</time>
   </trkpt>
   <trkpt lat="49.2654040" lon="-123.1973100">
    <ele>49.1</ele>
    <time>2024-09-04T20:29:33Z</time>
   </trkpt>
   <trkpt lat="49.2654040" lon="-123.1973670">
    <ele>49.1</ele>
    <time>2024-09-04T20:29:34Z</time>
   </trkpt>
   <trkpt lat="49.2654070" lon="-123.1974240">
    <ele>49.2</ele>
    <time>2024-09-04T20:29:35Z</time>
   </trkpt>
   <trkpt lat="49.2654080" lon="-123.1974830">
    <ele>49.3</ele>
    <time>2024-09-04T20:29:36Z</time>
   </trkpt>
   <trkpt lat="49.2654110" lon="-123.1975420">
    <ele>49.4</ele>
    <time>2024-09-04T20:29:37Z</time>
   </trkpt>
   <trkpt lat="49.2654120" lon="-123.1976020">
    <ele>49.5</ele>
    <time>2024-09-04T20:29:38Z</time>
   </trkpt>
   <trkpt lat="49.2654180" lon="-123.1976600">
    <ele>49.6</ele>
    <time>2024-09-04T20:29:39Z</time>
   </trkpt>
   <trkpt lat="49.2654150" lon="-123.1977170">
    <ele>49.7</ele>
    <time>2024-09-04T20:29:40Z</time>
   </trkpt>
   <trkpt lat="49.2654180" lon="-123.1977750">
    <ele>49.8</ele>
    <time>2024-09-04T20:29:41Z</time>
   </trkpt>
   <trkpt lat="49.2654160" lon="-123.1978310">
    <ele>50.0</ele>
    <time>2024-09-04T20:29:42Z</time>
   </trkpt>
   <trkpt lat="49.2654170" lon="-123.1978860">
    <ele>50.1</ele>
    <time>2024-09-04T20:29:43Z</time>
   </trkpt>
   <trkpt lat="49.2654230" lon="-123.1979390">
    <ele>50.3</ele>
    <time>2024-09-04T20:29:44Z</time>
   </trkpt>
   <trkpt lat="49.2654190" lon="-123.1979920">
    <ele>50.5</ele>
    <time>2024-09-04T20:29:45Z</time>
   </trkpt>
   <trkpt lat="49.2654210" lon="-123.1980430">
    <ele>50.7</ele>
    <time>2024-09-04T20:29:46Z</time>
   </trkpt>
   <trkpt lat="49.2654240" lon="-123.1980930">
    <ele>50.9</ele>
    <time>2024-09-04T20:29:47Z</time>
   </trkpt>
   <trkpt lat="49.2654220" lon="-123.1981420">
    <ele>51.1</ele>
    <time>2024-09-04T20:29:48Z</time>
   </trkpt>
   <trkpt lat="49.2654230" lon="-123.1981880">
    <ele>51.3</ele>
    <time>2024-09-04T20:29:49Z</time>
   </trkpt>
   <trkpt lat="49.2654250" lon="-123.1982320">
    <ele>51.5</ele>
    <time>2024-09-04T20:29:50Z</time>
   </trkpt>
   <trkpt lat="49.2654250" lon="-123.1982740">
    <ele>51.6</ele>
    <time>2024-09-04T20:29:51Z</time>
   </trkpt>
   <trkpt lat="49.2654240" lon="-123.1983180">
    <ele>51.8</ele>
    <time>2024-09-04T20:29:52Z</time>
   </trkpt>
   <trkpt lat="49.2654290" lon="-123.1983590">
    <ele>52.0</ele>
    <time>2024-09-04T20:29:53Z</time>
   </trkpt>
   <trkpt lat="49.2654290" lon="-123.1984170">
    <ele>52.3</ele>
    <time>2024-09-04T20:29:54Z</time>
   </trkpt>
   <trkpt lat="49.2654280" lon="-123.1984360">
    <ele>52.4</ele>
    <time>2024-09-04T20:29:55Z</time>
   </trkpt>
   <trkpt lat="49.2654310" lon="-123.1984950">
    <ele>52.7</ele>
    <time>2024-09-04T20:29:56Z</time>
   </trkpt>
   <trkpt lat="49.2654320" lon="-123.1985140">
    <ele>52.8</ele>
    <time>2024-09-04T20:29:57Z</time>
   </trkpt>
   <trkpt lat="49.2654330" lon="-123.1985720">
    <ele>53.1</ele>
    <time>2024-09-04T20:29:58Z</time>
   </trkpt>
   <trkpt lat="49.2654330" lon="-123.1985920">
    <ele>53.2</ele>
    <time>2024-09-04T20:29:59Z</time>
   </trkpt>
   <trkpt lat="49.2654310" lon="-123.1986490">
    <ele>53.5</ele>
    <time>2024-09-04T20:30:00Z</time>
   </trkpt>
   <trkpt lat="49.2654320" lon="-123.1986690">
    <ele>53.7</ele>
    <time>2024-09-04T20:30:01Z</time>
   </trkpt>
   <trkpt lat="49.2654360" lon="-123.1987260">
    <ele>54.0</ele>
    <time>2024-09-04T20:30:02Z</time>
   </trkpt>
   <trkpt lat="49.2654370" lon="-123.1987440">
    <ele>54.1</ele>
    <time>2024-09-04T20:30:03Z</time>
   </trkpt>
   <trkpt lat="49.2654370" lon="-123.1988030">
    <ele>54.4</ele>
    <time>2024-09-04T20:30:04Z</time>
   </trkpt>
   <trkpt lat="49.2654370" lon="-123.1988220">
    <ele>54.5</ele>
    <time>2024-09-04T20:30:05Z</time>
   </trkpt>
   <trkpt lat="49.2654350" lon="-123.1988780">
    <ele>54.9</ele>
    <time>2024-09-04T20:30:06Z</time>
   </trkpt>
   <trkpt lat="49.2654350" lon="-123.1988970">
    <ele>55.0</ele>
    <time>2024-09-04T20:30:07Z</time>
   </trkpt>
   <trkpt lat="49.2654370" lon="-123.1989530">
    <ele>55.3</ele>
    <time>2024-09-04T20:30:08Z</time>
   </trkpt>
   <trkpt lat="49.2654380" lon="-123.1989710">
    <ele>55.4</ele>
    <time>2024-09-04T20:30:09Z</time>
   </trkpt>
   <trkpt lat="49.2654420" lon="-123.1990280">
    <ele>55.7</ele>
    <time>2024-09-04T20:30:10Z</time>
   </trkpt>
   <trkpt lat="49.2654420" lon="-123.1990470">
    <ele>55.8</ele>
    <time>2024-09-04T20:30:11Z</time>
   </trkpt>
   <trkpt lat="49.2654400" lon="-123.1991050">
    <ele>56.2</ele>
    <time>2024-09-04T20:30:12Z</time>
   </trkpt>
   <trkpt lat="49.2654390" lon="-123.1991240">
    <ele>56.3</ele>
    <time>2024-09-04T20:30:13Z</time>
   </trkpt>
   <trkpt lat="49.2654390" lon="-123.1991820">
    <ele>56.6</ele>
    <time>2024-09-04T20:30:14Z</time>
   </trkpt>
   <trkpt lat="49.2654410" lon="-123.1992020">
    <ele>56.7</ele>
    <time>2024-09-04T20:30:15Z</time>
   </trkpt>
   <trkpt lat="49.2654410" lon="-123.1992580">
    <ele>57.0</ele>
    <time>2024-09-04T20:30:16Z</time>
   </trkpt>
   <trkpt lat="49.2654420" lon="-123.1992780">
    <ele>57.1</ele>
    <time>2024-09-04T20:30:17Z</time>
   </trkpt>
   <trkpt lat="49.2654410" lon="-123.1993340">
    <ele>57.4</ele>
    <time>2024-09-04T20:30:18Z</time>
   </trkpt>
   <trkpt lat="49.2654410" lon="-123.1993530">
    <ele>57.5</ele>
    <time>2024-09-04T20:30:19Z</time>
   </trkpt>
   <trkpt lat="49.2654420" lon="-123.1994080">
    <ele>57.8</ele>
    <time>2024-09-04T20:30:20Z</time>
   </trkpt>
   <trkpt lat="49.2654420" lon="-123.1994260">
    <ele>57.9</ele>
    <time>2024-09-04T20:30:21Z</time>
   </trkpt>
   <trkpt lat="49.2654440" lon="-123.1994810">
    <ele>58.2</ele>
    <time>2024-09-04T20:30:22Z</time>
   </trkpt>
   <trkpt lat="49.2654450" lon="-123.1995000">
    <ele>58.3</ele>
    <time>2024-09-04T20:30:23Z</time>
   </trkpt>
   <trkpt lat="49.2654440" lon="-123.1995570">
    <ele>58.7</ele>
    <time>2024-09-04T20:30:24Z</time>
   </trkpt>
   <trkpt lat="49.2654440" lon="-123.1995760">
    <ele>58.8</ele>
    <time>2024-09-04T20:30:25Z</time>
   </trkpt>
   <trkpt lat="49.2654470" lon="-123.1996340">
    <ele>59.1</ele>
    <time>2024-09-04T20:30:26Z</time>
   </trkpt>
   <trkpt lat="49.2654480" lon="-123.1996520">
    <ele>59.2</ele>
    <time>2024-09-04T20:30:27Z</time>
   </trkpt>
   <trkpt lat="49.2654470" lon="-123.1997100">
    <ele>59.3</ele>
    <time>2024-09-04T20:30:28Z</time>
   </trkpt>
   <trkpt lat="49.2654460" lon="-123.1997290">
    <ele>59.3</ele>
    <time>2024-09-04T20:30:29Z</time>
   </trkpt>
   <trkpt lat="49.2654480" lon="-123.1997870">
    <ele>59.1</ele>
    <time>2024-09-04T20:30:30Z</time>
   </trkpt>
   <trkpt lat="49.2654490" lon="-123.1998060">
    <ele>58.9</ele>
    <time>2024-09-04T20:30:31Z</time>
   </trkpt>
   <trkpt lat="49.2654490" lon="-123.1998620">
    <ele>58.6</ele>
    <time>2024-09-04T20:30:32Z</time>
   </trkpt>
   <trkpt lat="49.2654490" lon="-123.1998800">
    <ele>58.7</ele>
    <time>2024-09-04T20:30:33Z</time>
   </trkpt>
   <trkpt lat="49.2654640" lon="-123.1999160">
    <ele>58.9</ele>
    <time>2024-09-04T20:30:34Z</time>
   </trkpt>
   <trkpt lat="49.2654530" lon="-123.1999700">
    <ele>59.2</ele>
    <time>2024-09-04T20:30:35Z</time>
   </trkpt>
   <trkpt lat="49.2654530" lon="-123.1999900">
    <ele>59.4</ele>
    <time>2024-09-04T20:30:36Z</time>
   </trkpt>
   <trkpt lat="49.2654530" lon="-123.2000430">
    <ele>59.6</ele>
    <time>2024-09-04T20:30:37Z</time>
   </trkpt>
   <trkpt lat="49.2654530" lon="-123.2000610">
    <ele>59.7</ele>
    <time>2024-09-04T20:30:38Z</time>
   </trkpt>
   <trkpt lat="49.2654540" lon="-123.2001170">
    <ele>60.1</ele>
    <time>2024-09-04T20:30:39Z</time>
   </trkpt>
   <trkpt lat="49.2654540" lon="-123.2001350">
    <ele>60.2</ele>
    <time>2024-09-04T20:30:40Z</time>
   </trkpt>
   <trkpt lat="49.2654540" lon="-123.2001870">
    <ele>60.4</ele>
    <time>2024-09-04T20:30:41Z</time>
   </trkpt>
   <trkpt lat="49.2654540" lon="-123.2002040">
    <ele>60.5</ele>
    <time>2024-09-04T20:30:42Z</time>
   </trkpt>
   <trkpt lat="49.2654540" lon="-123.2002560">
    <ele>60.9</ele>
    <time>2024-09-04T20:30:43Z</time>
   </trkpt>
   <trkpt lat="49.2654540" lon="-123.2002740">
    <ele>61.0</ele>
    <time>2024-09-04T20:30:44Z</time>
   </trkpt>
   <trkpt lat="49.2654530" lon="-123.2003280">
    <ele>61.3</ele>
    <time>2024-09-04T20:30:45Z</time>
   </trkpt>
   <trkpt lat="49.2654520" lon="-123.2003470">
    <ele>61.4</ele>
    <time>2024-09-04T20:30:46Z</time>
   </trkpt>
   <trkpt lat="49.2654540" lon="-123.2003990">
    <ele>61.7</ele>
    <time>2024-09-04T20:30:47Z</time>
   </trkpt>
   <trkpt lat="49.2654550" lon="-123.2004170">
    <ele>61.8</ele>
    <time>2024-09-04T20:30:48Z</time>
   </trkpt>
   <trkpt lat="49.2654560" lon="-123.2004690">
    <ele>62.1</ele>
    <time>2024-09-04T20:30:49Z</time>
   </trkpt>
   <trkpt lat="49.2654560" lon="-123.2004860">
    <ele>62.3</ele>
    <time>2024-09-04T20:30:50Z</time>
   </trkpt>
   <trkpt lat="49.2654560" lon="-123.2005390">
    <ele>62.6</ele>
    <time>2024-09-04T20:30:52Z</time>
   </trkpt>
   <trkpt lat="49.2654550" lon="-123.2005570">
    <ele>62.7</ele>
    <time>2024-09-04T20:30:53Z</time>
   </trkpt>
   <trkpt lat="49.2654550" lon="-123.2006070">
    <ele>63.0</ele>
    <time>2024-09-04T20:30:54Z</time>
   </trkpt>
   <trkpt lat="49.2654560" lon="-123.2006240">
    <ele>63.2</ele>
    <time>2024-09-04T20:30:55Z</time>
   </trkpt>
   <trkpt lat="49.2654580" lon="-123.2006730">
    <ele>63.5</ele>
    <time>2024-09-04T20:30:56Z</time>
   </trkpt>
   <trkpt lat="49.2654590" lon="-123.2006900">
    <ele>63.6</ele>
    <time>2024-09-04T20:30:57Z</time>
   </trkpt>
   <trkpt lat="49.2654610" lon="-123.2007380">
    <ele>63.9</ele>
    <time>2024-09-04T20:30:58Z</time>
   </trkpt>
   <trkpt lat="49.2654610" lon="-123.2007530">
    <ele>64.0</ele>
    <time>2024-09-04T20:30:59Z</time>
   </trkpt>
   <trkpt lat="49.2654640" lon="-123.2008040">
    <ele>64.4</ele>
    <time>2024-09-04T20:31:00Z</time>
   </trkpt>
   <trkpt lat="49.2654650" lon="-123.2008190">
    <ele>64.5</ele>
    <time>2024-09-04T20:31:01Z</time>
   </trkpt>
   <trkpt lat="49.2654630" lon="-123.2008700">
    <ele>64.8</ele>
    <time>2024-09-04T20:31:02Z</time>
   </trkpt>
   <trkpt lat="49.2654630" lon="-123.2008870">
    <ele>64.9</ele>
    <time>2024-09-04T20:31:03Z</time>
   </trkpt>
   <trkpt lat="49.2654650" lon="-123.2009330">
    <ele>65.2</ele>
    <time>2024-09-04T20:31:04Z</time>
   </trkpt>
   <trkpt lat="49.2654660" lon="-123.2009490">
    <ele>65.3</ele>
    <time>2024-09-04T20:31:05Z</time>
   </trkpt>
   <trkpt lat="49.2654660" lon="-123.2010140">
    <ele>65.8</ele>
    <time>2024-09-04T20:31:06Z</time>
   </trkpt>
   <trkpt lat="49.2654660" lon="-123.2010620">
    <ele>66.1</ele>
    <time>2024-09-04T20:31:07Z</time>
   </trkpt>
   <trkpt lat="49.2654680" lon="-123.2010770">
    <ele>66.2</ele>
    <time>2024-09-04T20:31:08Z</time>
   </trkpt>
   <trkpt lat="49.2654670" lon="-123.2011260">
    <ele>66.5</ele>
    <time>2024-09-04T20:31:09Z</time>
   </trkpt>
   <trkpt lat="49.2654670" lon="-123.2011420">
    <ele>66.6</ele>
    <time>2024-09-04T20:31:10Z</time>
   </trkpt>
   <trkpt lat="49.2654690" lon="-123.2011910">
    <ele>66.9</ele>
    <time>2024-09-04T20:31:11Z</time>
   </trkpt>
   <trkpt lat="49.2654690" lon="-123.2012080">
    <ele>67.1</ele>
    <time>2024-09-04T20:31:12Z</time>
   </trkpt>
   <trkpt lat="49.2654690" lon="-123.2012570">
    <ele>67.4</ele>
    <time>2024-09-04T20:31:13Z</time>
   </trkpt>
   <trkpt lat="49.2654680" lon="-123.2012740">
    <ele>67.5</ele>
    <time>2024-09-04T20:31:14Z</time>
   </trkpt>
   <trkpt lat="49.2654670" lon="-123.2013250">
    <ele>67.6</ele>
    <time>2024-09-04T20:31:15Z</time>
   </trkpt>
   <trkpt lat="49.2654670" lon="-123.2013410">
    <ele>67.7</ele>
    <time>2024-09-04T20:31:16Z</time>
   </trkpt>
   <trkpt lat="49.2654690" lon="-123.2013910">
    <ele>67.7</ele>
    <time>2024-09-04T20:31:17Z</time>
   </trkpt>
   <trkpt lat="49.2654710" lon="-123.2014070">
    <ele>67.7</ele>
    <time>2024-09-04T20:31:18Z</time>
   </trkpt>
   <trkpt lat="49.2654720" lon="-123.2014590">
    <ele>67.8</ele>
    <time>2024-09-04T20:31:19Z</time>
   </trkpt>
   <trkpt lat="49.2654720" lon="-123.2014770">
    <ele>67.9</ele>
    <time>2024-09-04T20:31:20Z</time>
   </trkpt>
   <trkpt lat="49.2654730" lon="-123.2015290">
    <ele>68.0</ele>
    <time>2024-09-04T20:31:21Z</time>
   </trkpt>
   <trkpt lat="49.2654730" lon="-123.2015460">
    <ele>68.1</ele>
    <time>2024-09-04T20:31:22Z</time>
   </trkpt>
   <trkpt lat="49.2654730" lon="-123.2015960">
    <ele>68.3</ele>
    <time>2024-09-04T20:31:23Z</time>
   </trkpt>
   <trkpt lat="49.2654730" lon="-123.2016130">
    <ele>68.3</ele>
    <time>2024-09-04T20:31:24Z</time>
   </trkpt>
   <trkpt lat="49.2654750" lon="-123.2016650">
    <ele>68.5</ele>
    <time>2024-09-04T20:31:25Z</time>
   </trkpt>
   <trkpt lat="49.2654760" lon="-123.2016820">
    <ele>68.6</ele>
    <time>2024-09-04T20:31:26Z</time>
   </trkpt>
   <trkpt lat="49.2654780" lon="-123.2017330">
    <ele>68.7</ele>
    <time>2024-09-04T20:31:27Z</time>
   </trkpt>
   <trkpt lat="49.2654780" lon="-123.2017500">
    <ele>68.8</ele>
    <time>2024-09-04T20:31:28Z</time>
   </trkpt>
   <trkpt lat="49.2654800" lon="-123.2017980">
    <ele>69.0</ele>
    <time>2024-09-04T20:31:29Z</time>
   </trkpt>
   <trkpt lat="49.2654800" lon="-123.2018140">
    <ele>69.0</ele>
    <time>2024-09-04T20:31:30Z</time>
   </trkpt>
   <trkpt lat="49.2654830" lon="-123.2018630">
    <ele>69.2</ele>
    <time>2024-09-04T20:31:31Z</time>
   </trkpt>
   <trkpt lat="49.2654840" lon="-123.2018790">
    <ele>69.2</ele>
    <time>2024-09-04T20:31:32Z</time>
   </trkpt>
   <trkpt lat="49.2654840" lon="-123.2019310">
    <ele>69.4</ele>
    <time>2024-09-04T20:31:33Z</time>
   </trkpt>
   <trkpt lat="49.2654840" lon="-123.2019470">
    <ele>69.4</ele>
    <time>2024-09-04T20:31:34Z</time>
   </trkpt>
   <trkpt lat="49.2654840" lon="-123.2020030">
    <ele>69.6</ele>
    <time>2024-09-04T20:31:35Z</time>
   </trkpt>
   <trkpt lat="49.2654840" lon="-123.2020210">
    <ele>69.7</ele>
    <time>2024-09-04T20:31:36Z</time>
   </trkpt>
   <trkpt lat="49.2654870" lon="-123.2020760">
    <ele>69.8</ele>
    <time>2024-09-04T20:31:37Z</time>
   </trkpt>
   <trkpt lat="49.2654860" lon="-123.2020940">
    <ele>69.8</ele>
    <time>2024-09-04T20:31:38Z</time>
   </trkpt>
   <trkpt lat="49.2654880" lon="-123.2021470">
    <ele>69.9</ele>
    <time>2024-09-04T20:31:39Z</time>
   </trkpt>
   <trkpt lat="49.2654890" lon="-123.2021650">
    <ele>70.0</ele>
    <time>2024-09-04T20:31:40Z</time>
   </trkpt>
   <trkpt lat="49.2654880" lon="-123.2022230">
    <ele>70.1</ele>
    <time>2024-09-04T20:31:41Z</time>
   </trkpt>
   <trkpt lat="49.2654870" lon="-123.2022450">
    <ele>70.1</ele>
    <time>2024-09-04T20:31:42Z</time>
   </trkpt>
   <trkpt lat="49.2654850" lon="-123.2022880">
    <ele>70.2</ele>
    <time>2024-09-04T20:31:43Z</time>
   </trkpt>
   <trkpt lat="49.2654900" lon="-123.2023320">
    <ele>70.3</ele>
    <time>2024-09-04T20:31:44Z</time>
   </trkpt>
   <trkpt lat="49.2654910" lon="-123.2023770">
    <ele>70.3</ele>
    <time>2024-09-04T20:31:45Z</time>
   </trkpt>
   <trkpt lat="49.2654890" lon="-123.2024230">
    <ele>70.4</ele>
    <time>2024-09-04T20:31:46Z</time>
   </trkpt>
   <trkpt lat="49.2654880" lon="-123.2024680">
    <ele>70.4</ele>
    <time>2024-09-04T20:31:47Z</time>
   </trkpt>
   <trkpt lat="49.2654890" lon="-123.2025120">
    <ele>70.5</ele>
    <time>2024-09-04T20:31:48Z</time>
   </trkpt>
   <trkpt lat="49.2654900" lon="-123.2025560">
    <ele>70.5</ele>
    <time>2024-09-04T20:31:49Z</time>
   </trkpt>
   <trkpt lat="49.2654900" lon="-123.2025990">
    <ele>70.6</ele>
    <time>2024-09-04T20:31:50Z</time>
   </trkpt>
   <trkpt lat="49.2654920" lon="-123.2026450">
    <ele>70.6</ele>
    <time>2024-09-04T20:31:51Z</time>
   </trkpt>
   <trkpt lat="49.2654920" lon="-123.2026910">
    <ele>70.7</ele>
    <time>2024-09-04T20:31:52Z</time>
   </trkpt>
   <trkpt lat="49.2654940" lon="-123.2027380">
    <ele>70.8</ele>
    <time>2024-09-04T20:31:53Z</time>
   </trkpt>
   <trkpt lat="49.2654980" lon="-123.2027850">
    <ele>70.8</ele>
    <time>2024-09-04T20:31:54Z</time>
   </trkpt>
   <trkpt lat="49.2654990" lon="-123.2028320">
    <ele>70.9</ele>
    <time>2024-09-04T20:31:55Z</time>
   </trkpt>
   <trkpt lat="49.2654990" lon="-123.2028780">
    <ele>70.9</ele>
    <time>2024-09-04T20:31:56Z</time>
   </trkpt>
   <trkpt lat="49.2654980" lon="-123.2029230">
    <ele>70.9</ele>
    <time>2024-09-04T20:31:57Z</time>
   </trkpt>
   <trkpt lat="49.2654980" lon="-123.2029660">
    <ele>71.0</ele>
    <time>2024-09-04T20:31:58Z</time>
   </trkpt>
   <trkpt lat="49.2654950" lon="-123.2030080">
    <ele>71.0</ele>
    <time>2024-09-04T20:31:59Z</time>
   </trkpt>
   <trkpt lat="49.2654930" lon="-123.2030530">
    <ele>71.0</ele>
    <time>2024-09-04T20:32:00Z</time>
   </trkpt>
   <trkpt lat="49.2654950" lon="-123.2031160">
    <ele>71.0</ele>
    <time>2024-09-04T20:32:01Z</time>
   </trkpt>
   <trkpt lat="49.2654960" lon="-123.2031390">
    <ele>71.0</ele>
    <time>2024-09-04T20:32:02Z</time>
   </trkpt>
   <trkpt lat="49.2654990" lon="-123.2031820">
    <ele>71.0</ele>
    <time>2024-09-04T20:32:03Z</time>
   </trkpt>
   <trkpt lat="49.2654970" lon="-123.2032410">
    <ele>71.0</ele>
    <time>2024-09-04T20:32:04Z</time>
   </trkpt>
   <trkpt lat="49.2654960" lon="-123.2032600">
    <ele>71.0</ele>
    <time>2024-09-04T20:32:05Z</time>
   </trkpt>
   <trkpt lat="49.2654930" lon="-123.2033020">
    <ele>71.0</ele>
    <time>2024-09-04T20:32:06Z</time>
   </trkpt>
   <trkpt lat="49.2654950" lon="-123.2033610">
    <ele>71.1</ele>
    <time>2024-09-04T20:32:07Z</time>
   </trkpt>
   <trkpt lat="49.2654960" lon="-123.2033800">
    <ele>71.1</ele>
    <time>2024-09-04T20:32:08Z</time>
   </trkpt>
   <trkpt lat="49.2654920" lon="-123.2034260">
    <ele>71.1</ele>
    <time>2024-09-04T20:32:09Z</time>
   </trkpt>
   <trkpt lat="49.2654900" lon="-123.2034720">
    <ele>71.1</ele>
    <time>2024-09-04T20:32:10Z</time>
   </trkpt>
   <trkpt lat="49.2654890" lon="-123.2035150">
    <ele>71.1</ele>
    <time>2024-09-04T20:32:11Z</time>
   </trkpt>
   <trkpt lat="49.2654910" lon="-123.2035580">
    <ele>71.2</ele>
    <time>2024-09-04T20:32:12Z</time>
   </trkpt>
   <trkpt lat="49.2654910" lon="-123.2036070">
    <ele>71.2</ele>
    <time>2024-09-04T20:32:13Z</time>
   </trkpt>
   <trkpt lat="49.2654920" lon="-123.2036490">
    <ele>71.2</ele>
    <time>2024-09-04T20:32:14Z</time>
   </trkpt>
   <trkpt lat="49.2654920" lon="-123.2036980">
    <ele>71.2</ele>
    <time>2024-09-04T20:32:15Z</time>
   </trkpt>
   <trkpt lat="49.2654960" lon="-123.2037440">
    <ele>71.2</ele>
    <time>2024-09-04T20:32:16Z</time>
   </trkpt>
   <trkpt lat="49.2655000" lon="-123.2037910">
    <ele>71.3</ele>
    <time>2024-09-04T20:32:17Z</time>
   </trkpt>
   <trkpt lat="49.2655030" lon="-123.2038380">
    <ele>71.3</ele>
    <time>2024-09-04T20:32:18Z</time>
   </trkpt>
   <trkpt lat="49.2655080" lon="-123.2038800">
    <ele>71.3</ele>
    <time>2024-09-04T20:32:19Z</time>
   </trkpt>
   <trkpt lat="49.2655020" lon="-123.2039290">
    <ele>71.3</ele>
    <time>2024-09-04T20:32:20Z</time>
   </trkpt>
   <trkpt lat="49.2655010" lon="-123.2039750">
    <ele>71.3</ele>
    <time>2024-09-04T20:32:21Z</time>
   </trkpt>
   <trkpt lat="49.2655060" lon="-123.2040240">
    <ele>71.4</ele>
    <time>2024-09-04T20:32:22Z</time>
   </trkpt>
   <trkpt lat="49.2655150" lon="-123.2040720">
    <ele>71.4</ele>
    <time>2024-09-04T20:32:23Z</time>
   </trkpt>
   <trkpt lat="49.2655120" lon="-123.2041250">
    <ele>71.4</ele>
    <time>2024-09-04T20:32:24Z</time>
   </trkpt>
   <trkpt lat="49.2655050" lon="-123.2041760">
    <ele>71.4</ele>
    <time>2024-09-04T20:32:25Z</time>
   </trkpt>
   <trkpt lat="49.2654980" lon="-123.2042230">
    <ele>71.4</ele>
    <time>2024-09-04T20:32:26Z</time>
   </trkpt>
   <trkpt lat="49.2655010" lon="-123.2042720">
    <ele>71.5</ele>
    <time>2024-09-04T20:32:27Z</time>
   </trkpt>
   <trkpt lat="49.2655050" lon="-123.2043220">
    <ele>71.5</ele>
    <time>2024-09-04T20:32:28Z</time>
   </trkpt>
   <trkpt lat="49.2655070" lon="-123.2043700">
    <ele>71.5</ele>
    <time>2024-09-04T20:32:29Z</time>
   </trkpt>
   <trkpt lat="49.2655090" lon="-123.2044170">
    <ele>71.5</ele>
    <time>2024-09-04T20:32:30Z</time>
   </trkpt>
   <trkpt lat="49.2655100" lon="-123.2044660">
    <ele>71.5</ele>
    <time>2024-09-04T20:32:31Z</time>
   </trkpt>
   <trkpt lat="49.2655120" lon="-123.2045090">
    <ele>71.5</ele>
    <time>2024-09-04T20:32:32Z</time>
   </trkpt>
   <trkpt lat="49.2655120" lon="-123.2045600">
    <ele>71.5</ele>
    <time>2024-09-04T20:32:33Z</time>
   </trkpt>
   <trkpt lat="49.2655190" lon="-123.2046100">
    <ele>71.5</ele>
    <time>2024-09-04T20:32:34Z</time>
   </trkpt>
   <trkpt lat="49.2655230" lon="-123.2046660">
    <ele>71.5</ele>
    <time>2024-09-04T20:32:35Z</time>
   </trkpt>
   <trkpt lat="49.2655230" lon="-123.2047210">
    <ele>71.5</ele>
    <time>2024-09-04T20:32:36Z</time>
   </trkpt>
   <trkpt lat="49.2655260" lon="-123.2047720">
    <ele>71.5</ele>
    <time>2024-09-04T20:32:37Z</time>
   </trkpt>
   <trkpt lat="49.2655260" lon="-123.2048240">
    <ele>71.5</ele>
    <time>2024-09-04T20:32:38Z</time>
   </trkpt>
   <trkpt lat="49.2655280" lon="-123.2048780">
    <ele>71.4</ele>
    <time>2024-09-04T20:32:39Z</time>
   </trkpt>
   <trkpt lat="49.2655320" lon="-123.2049310">
    <ele>71.4</ele>
    <time>2024-09-04T20:32:40Z</time>
   </trkpt>
   <trkpt lat="49.2655310" lon="-123.2049850">
    <ele>71.4</ele>
    <time>2024-09-04T20:32:41Z</time>
   </trkpt>
   <trkpt lat="49.2655290" lon="-123.2050380">
    <ele>71.4</ele>
    <time>2024-09-04T20:32:42Z</time>
   </trkpt>
   <trkpt lat="49.2655270" lon="-123.2050880">
    <ele>71.4</ele>
    <time>2024-09-04T20:32:43Z</time>
   </trkpt>
   <trkpt lat="49.2655280" lon="-123.2051390">
    <ele>71.4</ele>
    <time>2024-09-04T20:32:44Z</time>
   </trkpt>
   <trkpt lat="49.2655310" lon="-123.2051910">
    <ele>71.4</ele>
    <time>2024-09-04T20:32:45Z</time>
   </trkpt>
   <trkpt lat="49.2655340" lon="-123.2052450">
    <ele>71.4</ele>
    <time>2024-09-04T20:32:46Z</time>
   </trkpt>
   <trkpt lat="49.2655340" lon="-123.2052980">
    <ele>71.4</ele>
    <time>2024-09-04T20:32:47Z</time>
   </trkpt>
   <trkpt lat="49.2655290" lon="-123.2053510">
    <ele>71.4</ele>
    <time>2024-09-04T20:32:48Z</time>
   </trkpt>
   <trkpt lat="49.2655300" lon="-123.2053990">
    <ele>71.4</ele>
    <time>2024-09-04T20:32:49Z</time>
   </trkpt>
   <trkpt lat="49.2655260" lon="-123.2054560">
    <ele>71.4</ele>
    <time>2024-09-04T20:32:50Z</time>
   </trkpt>
   <trkpt lat="49.2655270" lon="-123.2055100">
    <ele>71.4</ele>
    <time>2024-09-04T20:32:51Z</time>
   </trkpt>
   <trkpt lat="49.2655230" lon="-123.2055630">
    <ele>71.4</ele>
    <time>2024-09-04T20:32:52Z</time>
   </trkpt>
   <trkpt lat="49.2655250" lon="-123.2056150">
    <ele>71.4</ele>
    <time>2024-09-04T20:32:53Z</time>
   </trkpt>
   <trkpt lat="49.2655300" lon="-123.2056670">
    <ele>71.4</ele>
    <time>2024-09-04T20:32:54Z</time>
   </trkpt>
   <trkpt lat="49.2655300" lon="-123.2057240">
    <ele>71.4</ele>
    <time>2024-09-04T20:32:55Z</time>
   </trkpt>
   <trkpt lat="49.2655290" lon="-123.2057790">
    <ele>71.4</ele>
    <time>2024-09-04T20:32:56Z</time>
   </trkpt>
   <trkpt lat="49.2655310" lon="-123.2058280">
    <ele>71.5</ele>
    <time>2024-09-04T20:32:57Z</time>
   </trkpt>
   <trkpt lat="49.2655350" lon="-123.2058810">
    <ele>71.5</ele>
    <time>2024-09-04T20:32:58Z</time>
   </trkpt>
   <trkpt lat="49.2655420" lon="-123.2059380">
    <ele>71.5</ele>
    <time>2024-09-04T20:32:59Z</time>
   </trkpt>
   <trkpt lat="49.2655470" lon="-123.2059970">
    <ele>71.5</ele>
    <time>2024-09-04T20:33:00Z</time>
   </trkpt>
   <trkpt lat="49.2655460" lon="-123.2060630">
    <ele>71.5</ele>
    <time>2024-09-04T20:33:01Z</time>
   </trkpt>
   <trkpt lat="49.2655360" lon="-123.2061260">
    <ele>71.4</ele>
    <time>2024-09-04T20:33:02Z</time>
   </trkpt>
   <trkpt lat="49.2655290" lon="-123.2061860">
    <ele>71.4</ele>
    <time>2024-09-04T20:33:03Z</time>
   </trkpt>
   <trkpt lat="49.2655300" lon="-123.2062480">
    <ele>71.4</ele>
    <time>2024-09-04T20:33:04Z</time>
   </trkpt>
   <trkpt lat="49.2655410" lon="-123.2063120">
    <ele>71.4</ele>
    <time>2024-09-04T20:33:05Z</time>
   </trkpt>
   <trkpt lat="49.2655470" lon="-123.2063740">
    <ele>71.4</ele>
    <time>2024-09-04T20:33:06Z</time>
   </trkpt>
   <trkpt lat="49.2655460" lon="-123.2064390">
    <ele>71.4</ele>
    <time>2024-09-04T20:33:07Z</time>
   </trkpt>
   <trkpt lat="49.2655490" lon="-123.2065040">
    <ele>71.4</ele>
    <time>2024-09-04T20:33:08Z</time>
   </trkpt>
   <trkpt lat="49.2655490" lon="-123.2065680">
    <ele>71.4</ele>
    <time>2024-09-04T20:33:09Z</time>
   </trkpt>
   <trkpt lat="49.2655480" lon="-123.2066340">
    <ele>71.4</ele>
    <time>2024-09-04T20:33:10Z</time>
   </trkpt>
   <trkpt lat="49.2655480" lon="-123.2067000">
    <ele>71.4</ele>
    <time>2024-09-04T20:33:11Z</time>
   </trkpt>
   <trkpt lat="49.2655480" lon="-123.2067630">
    <ele>71.5</ele>
    <time>2024-09-04T20:33:12Z</time>
   </trkpt>
   <trkpt lat="49.2655470" lon="-123.2068280">
    <ele>71.6</ele>
    <time>2024-09-04T20:33:13Z</time>
   </trkpt>
   <trkpt lat="49.2655500" lon="-123.2068920">
    <ele>71.6</ele>
    <time>2024-09-04T20:33:14Z</time>
   </trkpt>
   <trkpt lat="49.2655520" lon="-123.2069590">
    <ele>71.7</ele>
    <time>2024-09-04T20:33:15Z</time>
   </trkpt>
   <trkpt lat="49.2655540" lon="-123.2070210">
    <ele>71.9</ele>
    <time>2024-09-04T20:33:16Z</time>
   </trkpt>
   <trkpt lat="49.2655540" lon="-123.2070840">
    <ele>72.1</ele>
    <time>2024-09-04T20:33:17Z</time>
   </trkpt>
   <trkpt lat="49.2655560" lon="-123.2071440">
    <ele>72.3</ele>
    <time>2024-09-04T20:33:18Z</time>
   </trkpt>
   <trkpt lat="49.2655580" lon="-123.2072050">
    <ele>72.5</ele>
    <time>2024-09-04T20:33:19Z</time>
   </trkpt>
   <trkpt lat="49.2655570" lon="-123.2072660">
    <ele>72.7</ele>
    <time>2024-09-04T20:33:20Z</time>
   </trkpt>
   <trkpt lat="49.2655580" lon="-123.2073290">
    <ele>73.0</ele>
    <time>2024-09-04T20:33:21Z</time>
   </trkpt>
   <trkpt lat="49.2655590" lon="-123.2073890">
    <ele>73.3</ele>
    <time>2024-09-04T20:33:22Z</time>
   </trkpt>
   <trkpt lat="49.2655580" lon="-123.2074440">
    <ele>73.5</ele>
    <time>2024-09-04T20:33:23Z</time>
   </trkpt>
   <trkpt lat="49.2655600" lon="-123.2075020">
    <ele>73.8</ele>
    <time>2024-09-04T20:33:24Z</time>
   </trkpt>
   <trkpt lat="49.2655620" lon="-123.2075660">
    <ele>74.1</ele>
    <time>2024-09-04T20:33:25Z</time>
   </trkpt>
   <trkpt lat="49.2655680" lon="-123.2076250">
    <ele>74.4</ele>
    <time>2024-09-04T20:33:26Z</time>
   </trkpt>
   <trkpt lat="49.2655670" lon="-123.2076860">
    <ele>74.8</ele>
    <time>2024-09-04T20:33:27Z</time>
   </trkpt>
   <trkpt lat="49.2655670" lon="-123.2077450">
    <ele>75.1</ele>
    <time>2024-09-04T20:33:28Z</time>
   </trkpt>
   <trkpt lat="49.2655710" lon="-123.2077970">
    <ele>75.4</ele>
    <time>2024-09-04T20:33:29Z</time>
   </trkpt>
   <trkpt lat="49.2655700" lon="-123.2078540">
    <ele>75.7</ele>
    <time>2024-09-04T20:33:30Z</time>
   </trkpt>
   <trkpt lat="49.2655700" lon="-123.2079110">
    <ele>76.0</ele>
    <time>2024-09-04T20:33:31Z</time>
   </trkpt>
   <trkpt lat="49.2655700" lon="-123.2079650">
    <ele>76.4</ele>
    <time>2024-09-04T20:33:32Z</time>
   </trkpt>
   <trkpt lat="49.2655700" lon="-123.2080190">
    <ele>76.7</ele>
    <time>2024-09-04T20:33:33Z</time>
   </trkpt>
   <trkpt lat="49.2655690" lon="-123.2080710">
    <ele>77.0</ele>
    <time>2024-09-04T20:33:34Z</time>
   </trkpt>
   <trkpt lat="49.2655690" lon="-123.2081190">
    <ele>77.4</ele>
    <time>2024-09-04T20:33:35Z</time>
   </trkpt>
   <trkpt lat="49.2655760" lon="-123.2081680">
    <ele>77.7</ele>
    <time>2024-09-04T20:33:36Z</time>
   </trkpt>
   <trkpt lat="49.2655790" lon="-123.2082130">
    <ele>78.0</ele>
    <time>2024-09-04T20:33:37Z</time>
   </trkpt>
   <trkpt lat="49.2655810" lon="-123.2082570">
    <ele>78.3</ele>
    <time>2024-09-04T20:33:38Z</time>
   </trkpt>
   <trkpt lat="49.2655820" lon="-123.2083030">
    <ele>78.6</ele>
    <time>2024-09-04T20:33:39Z</time>
   </trkpt>
   <trkpt lat="49.2655820" lon="-123.2083480">
    <ele>78.9</ele>
    <time>2024-09-04T20:33:40Z</time>
   </trkpt>
   <trkpt lat="49.2655790" lon="-123.2083940">
    <ele>79.2</ele>
    <time>2024-09-04T20:33:41Z</time>
   </trkpt>
   <trkpt lat="49.2655800" lon="-123.2084380">
    <ele>79.5</ele>
    <time>2024-09-04T20:33:42Z</time>
   </trkpt>
   <trkpt lat="49.2655840" lon="-123.2084850">
    <ele>79.8</ele>
    <time>2024-09-04T20:33:43Z</time>
   </trkpt>
   <trkpt lat="49.2655820" lon="-123.2085290">
    <ele>80.1</ele>
    <time>2024-09-04T20:33:44Z</time>
   </trkpt>
   <trkpt lat="49.2655830" lon="-123.2085750">
    <ele>80.4</ele>
    <time>2024-09-04T20:33:45Z</time>
   </trkpt>
   <trkpt lat="49.2655820" lon="-123.2086210">
    <ele>80.7</ele>
    <time>2024-09-04T20:33:46Z</time>
   </trkpt>
   <trkpt lat="49.2655830" lon="-123.2086640">
    <ele>81.0</ele>
    <time>2024-09-04T20:33:47Z</time>
   </trkpt>
   <trkpt lat="49.2655830" lon="-123.2087080">
    <ele>81.3</ele>
    <time>2024-09-04T20:33:48Z</time>
   </trkpt>
   <trkpt lat="49.2655840" lon="-123.2087540">
    <ele>81.6</ele>
    <time>2024-09-04T20:33:49Z</time>
   </trkpt>
   <trkpt lat="49.2655870" lon="-123.2088160">
    <ele>82.0</ele>
    <time>2024-09-04T20:33:50Z</time>
   </trkpt>
   <trkpt lat="49.2655890" lon="-123.2088370">
    <ele>82.1</ele>
    <time>2024-09-04T20:33:51Z</time>
   </trkpt>
   <trkpt lat="49.2656000" lon="-123.2088960">
    <ele>82.5</ele>
    <time>2024-09-04T20:33:52Z</time>
   </trkpt>
   <trkpt lat="49.2656030" lon="-123.2089160">
    <ele>82.7</ele>
    <time>2024-09-04T20:33:53Z</time>
   </trkpt>
   <trkpt lat="49.2656100" lon="-123.2089760">
    <ele>82.5</ele>
    <time>2024-09-04T20:33:54Z</time>
   </trkpt>
   <trkpt lat="49.2656120" lon="-123.2089970">
    <ele>82.4</ele>
    <time>2024-09-04T20:33:55Z</time>
   </trkpt>
   <trkpt lat="49.2656200" lon="-123.2090420">
    <ele>82.3</ele>
    <time>2024-09-04T20:33:56Z</time>
   </trkpt>
   <trkpt lat="49.2656190" lon="-123.2090900">
    <ele>82.7</ele>
    <time>2024-09-04T20:33:57Z</time>
   </trkpt>
   <trkpt lat="49.2656090" lon="-123.2091410">
    <ele>83.1</ele>
    <time>2024-09-04T20:33:58Z</time>
   </trkpt>
   <trkpt lat="49.2655920" lon="-123.2091880">
    <ele>83.1</ele>
    <time>2024-09-04T20:33:59Z</time>
   </trkpt>
   <trkpt lat="49.2655820" lon="-123.2092290">
    <ele>83.3</ele>
    <time>2024-09-04T20:34:00Z</time>
   </trkpt>
   <trkpt lat="49.2655770" lon="-123.2092750">
    <ele>83.5</ele>
    <time>2024-09-04T20:34:01Z</time>
   </trkpt>
   <trkpt lat="49.2655750" lon="-123.2093190">
    <ele>83.6</ele>
    <time>2024-09-04T20:34:02Z</time>
   </trkpt>
   <trkpt lat="49.2655770" lon="-123.2093610">
    <ele>83.8</ele>
    <time>2024-09-04T20:34:03Z</time>
   </trkpt>
   <trkpt lat="49.2655800" lon="-123.2094070">
    <ele>84.0</ele>
    <time>2024-09-04T20:34:04Z</time>
   </trkpt>
   <trkpt lat="49.2655830" lon="-123.2094520">
    <ele>84.2</ele>
    <time>2024-09-04T20:34:05Z</time>
   </trkpt>
   <trkpt lat="49.2655850" lon="-123.2094990">
    <ele>84.4</ele>
    <time>2024-09-04T20:34:06Z</time>
   </trkpt>
   <trkpt lat="49.2655840" lon="-123.2095460">
    <ele>84.6</ele>
    <time>2024-09-04T20:34:07Z</time>
   </trkpt>
   <trkpt lat="49.2655810" lon="-123.2095880">
    <ele>84.8</ele>
    <time>2024-09-04T20:34:08Z</time>
   </trkpt>
   <trkpt lat="49.2655780" lon="-123.2096300">
    <ele>85.0</ele>
    <time>2024-09-04T20:34:09Z</time>
   </trkpt>
   <trkpt lat="49.2655770" lon="-123.2096730">
    <ele>85.1</ele>
    <time>2024-09-04T20:34:10Z</time>
   </trkpt>
   <trkpt lat="49.2655770" lon="-123.2097190">
    <ele>85.3</ele>
    <time>2024-09-04T20:34:11Z</time>
   </trkpt>
   <trkpt lat="49.2655780" lon="-123.2097650">
    <ele>85.5</ele>
    <time>2024-09-04T20:34:12Z</time>
   </trkpt>
   <trkpt lat="49.2655800" lon="-123.2098100">
    <ele>85.7</ele>
    <time>2024-09-04T20:34:13Z</time>
   </trkpt>
   <trkpt lat="49.2655810" lon="-123.2098540">
    <ele>85.9</ele>
    <time>2024-09-04T20:34:14Z</time>
   </trkpt>
   <trkpt lat="49.2655820" lon="-123.2098990">
    <ele>86.1</ele>
    <time>2024-09-04T20:34:15Z</time>
   </trkpt>
   <trkpt lat="49.2655830" lon="-123.2099430">
    <ele>86.3</ele>
    <time>2024-09-04T20:34:16Z</time>
   </trkpt>
   <trkpt lat="49.2655840" lon="-123.2099880">
    <ele>86.4</ele>
    <time>2024-09-04T20:34:17Z</time>
   </trkpt>
   <trkpt lat="49.2655840" lon="-123.2100310">
    <ele>86.6</ele>
    <time>2024-09-04T20:34:18Z</time>
   </trkpt>
   <trkpt lat="49.2655860" lon="-123.2100760">
    <ele>86.7</ele>
    <time>2024-09-04T20:34:19Z</time>
   </trkpt>
   <trkpt lat="49.2655870" lon="-123.2101210">
    <ele>86.9</ele>
    <time>2024-09-04T20:34:20Z</time>
   </trkpt>
   <trkpt lat="49.2655890" lon="-123.2101640">
    <ele>87.0</ele>
    <time>2024-09-04T20:34:21Z</time>
   </trkpt>
   <trkpt lat="49.2655890" lon="-123.2102080">
    <ele>87.1</ele>
    <time>2024-09-04T20:34:22Z</time>
   </trkpt>
   <trkpt lat="49.2655920" lon="-123.2102510">
    <ele>87.3</ele>
    <time>2024-09-04T20:34:23Z</time>
   </trkpt>
   <trkpt lat="49.2655930" lon="-123.2102960">
    <ele>87.4</ele>
    <time>2024-09-04T20:34:24Z</time>
   </trkpt>
   <trkpt lat="49.2655950" lon="-123.2103420">
    <ele>87.5</ele>
    <time>2024-09-04T20:34:25Z</time>
   </trkpt>
   <trkpt lat="49.2656030" lon="-123.2103840">
    <ele>87.6</ele>
    <time>2024-09-04T20:34:26Z</time>
   </trkpt>
   <trkpt lat="49.2655990" lon="-123.2104280">
    <ele>87.7</ele>
    <time>2024-09-04T20:34:27Z</time>
   </trkpt>
   <trkpt lat="49.2656050" lon="-123.2104820">
    <ele>87.9</ele>
    <time>2024-09-04T20:34:28Z</time>
   </trkpt>
   <trkpt lat="49.2656110" lon="-123.2105350">
    <ele>88.0</ele>
    <time>2024-09-04T20:34:29Z</time>
   </trkpt>
   <trkpt lat="49.2656070" lon="-123.2105870">
    <ele>88.1</ele>
    <time>2024-09-04T20:34:30Z</time>
   </trkpt>
   <trkpt lat="49.2656040" lon="-123.2106350">
    <ele>88.3</ele>
    <time>2024-09-04T20:34:31Z</time>
   </trkpt>
   <trkpt lat="49.2656020" lon="-123.2106870">
    <ele>88.4</ele>
    <time>2024-09-04T20:34:32Z</time>
   </trkpt>
   <trkpt lat="49.2656020" lon="-123.2107380">
    <ele>88.5</ele>
    <time>2024-09-04T20:34:33Z</time>
   </trkpt>
   <trkpt lat="49.2656060" lon="-123.2107890">
    <ele>88.6</ele>
    <time>2024-09-04T20:34:34Z</time>
   </trkpt>
   <trkpt lat="49.2656120" lon="-123.2108380">
    <ele>88.8</ele>
    <time>2024-09-04T20:34:35Z</time>
   </trkpt>
   <trkpt lat="49.2656220" lon="-123.2108860">
    <ele>88.9</ele>
    <time>2024-09-04T20:34:36Z</time>
   </trkpt>
   <trkpt lat="49.2656250" lon="-123.2109410">
    <ele>89.0</ele>
    <time>2024-09-04T20:34:37Z</time>
   </trkpt>
   <trkpt lat="49.2656210" lon="-123.2109950">
    <ele>89.2</ele>
    <time>2024-09-04T20:34:38Z</time>
   </trkpt>
   <trkpt lat="49.2656230" lon="-123.2110460">
    <ele>89.3</ele>
    <time>2024-09-04T20:34:39Z</time>
   </trkpt>
   <trkpt lat="49.2656230" lon="-123.2110990">
    <ele>89.5</ele>
    <time>2024-09-04T20:34:40Z</time>
   </trkpt>
   <trkpt lat="49.2656180" lon="-123.2111530">
    <ele>89.6</ele>
    <time>2024-09-04T20:34:41Z</time>
   </trkpt>
   <trkpt lat="49.2656170" lon="-123.2112070">
    <ele>89.8</ele>
    <time>2024-09-04T20:34:42Z</time>
   </trkpt>
   <trkpt lat="49.2656160" lon="-123.2112600">
    <ele>89.9</ele>
    <time>2024-09-04T20:34:43Z</time>
   </trkpt>
   <trkpt lat="49.2656220" lon="-123.2113160">
    <ele>90.0</ele>
    <time>2024-09-04T20:34:44Z</time>
   </trkpt>
   <trkpt lat="49.2656270" lon="-123.2113700">
    <ele>90.1</ele>
    <time>2024-09-04T20:34:45Z</time>
   </trkpt>
   <trkpt lat="49.2656290" lon="-123.2114250">
    <ele>90.2</ele>
    <time>2024-09-04T20:34:46Z</time>
   </trkpt>
   <trkpt lat="49.2656290" lon="-123.2114780">
    <ele>90.3</ele>
    <time>2024-09-04T20:34:47Z</time>
   </trkpt>
   <trkpt lat="49.2656340" lon="-123.2115310">
    <ele>90.4</ele>
    <time>2024-09-04T20:34:48Z</time>
   </trkpt>
   <trkpt lat="49.2656340" lon="-123.2115830">
    <ele>90.5</ele>
    <time>2024-09-04T20:34:49Z</time>
   </trkpt>
   <trkpt lat="49.2656350" lon="-123.2116370">
    <ele>90.6</ele>
    <time>2024-09-04T20:34:50Z</time>
   </trkpt>
   <trkpt lat="49.2656360" lon="-123.2116890">
    <ele>90.8</ele>
    <time>2024-09-04T20:34:51Z</time>
   </trkpt>
   <trkpt lat="49.2656380" lon="-123.2117410">
    <ele>90.9</ele>
    <time>2024-09-04T20:34:52Z</time>
   </trkpt>
   <trkpt lat="49.2656390" lon="-123.2117940">
    <ele>91.0</ele>
    <time>2024-09-04T20:34:53Z</time>
   </trkpt>
   <trkpt lat="49.2656390" lon="-123.2118450">
    <ele>91.1</ele>
    <time>2024-09-04T20:34:54Z</time>
   </trkpt>
   <trkpt lat="49.2656380" lon="-123.2118970">
    <ele>91.2</ele>
    <time>2024-09-04T20:34:55Z</time>
   </trkpt>
   <trkpt lat="49.2656350" lon="-123.2119500">
    <ele>91.3</ele>
    <time>2024-09-04T20:34:56Z</time>
   </trkpt>
   <trkpt lat="49.2656320" lon="-123.2120020">
    <ele>91.4</ele>
    <time>2024-09-04T20:34:57Z</time>
   </trkpt>
   <trkpt lat="49.2656360" lon="-123.2120570">
    <ele>91.4</ele>
    <time>2024-09-04T20:34:58Z</time>
   </trkpt>
   <trkpt lat="49.2656370" lon="-123.2121130">
    <ele>91.5</ele>
    <time>2024-09-04T20:34:59Z</time>
   </trkpt>
   <trkpt lat="49.2656350" lon="-123.2121710">
    <ele>91.6</ele>
    <time>2024-09-04T20:35:00Z</time>
   </trkpt>
   <trkpt lat="49.2656330" lon="-123.2122300">
    <ele>91.6</ele>
    <time>2024-09-04T20:35:01Z</time>
   </trkpt>
   <trkpt lat="49.2656310" lon="-123.2122870">
    <ele>91.7</ele>
    <time>2024-09-04T20:35:02Z</time>
   </trkpt>
   <trkpt lat="49.2656310" lon="-123.2123430">
    <ele>91.7</ele>
    <time>2024-09-04T20:35:03Z</time>
   </trkpt>
   <trkpt lat="49.2656310" lon="-123.2124030">
    <ele>91.8</ele>
    <time>2024-09-04T20:35:04Z</time>
   </trkpt>
   <trkpt lat="49.2656320" lon="-123.2124610">
    <ele>91.8</ele>
    <time>2024-09-04T20:35:05Z</time>
   </trkpt>
   <trkpt lat="49.2656350" lon="-123.2125200">
    <ele>91.9</ele>
    <time>2024-09-04T20:35:06Z</time>
   </trkpt>
   <trkpt lat="49.2656350" lon="-123.2125780">
    <ele>91.9</ele>
    <time>2024-09-04T20:35:07Z</time>
   </trkpt>
   <trkpt lat="49.2656350" lon="-123.2126390">
    <ele>92.0</ele>
    <time>2024-09-04T20:35:08Z</time>
   </trkpt>
   <trkpt lat="49.2656350" lon="-123.2126970">
    <ele>92.0</ele>
    <time>2024-09-04T20:35:09Z</time>
   </trkpt>
   <trkpt lat="49.2656340" lon="-123.2127580">
    <ele>92.1</ele>
    <time>2024-09-04T20:35:10Z</time>
   </trkpt>
   <trkpt lat="49.2656360" lon="-123.2128120">
    <ele>92.1</ele>
    <time>2024-09-04T20:35:11Z</time>
   </trkpt>
   <trkpt lat="49.2656460" lon="-123.2128710">
    <ele>92.1</ele>
    <time>2024-09-04T20:35:12Z</time>
   </trkpt>
   <trkpt lat="49.2656470" lon="-123.2129250">
    <ele>92.1</ele>
    <time>2024-09-04T20:35:13Z</time>
   </trkpt>
   <trkpt lat="49.2656480" lon="-123.2129830">
    <ele>92.1</ele>
    <time>2024-09-04T20:35:14Z</time>
   </trkpt>
   <trkpt lat="49.2656480" lon="-123.2130420">
    <ele>92.1</ele>
    <time>2024-09-04T20:35:15Z</time>
   </trkpt>
   <trkpt lat="49.2656490" lon="-123.2131030">
    <ele>92.1</ele>
    <time>2024-09-04T20:35:16Z</time>
   </trkpt>
   <trkpt lat="49.2656560" lon="-123.2131600">
    <ele>92.1</ele>
    <time>2024-09-04T20:35:17Z</time>
   </trkpt>
   <trkpt lat="49.2656560" lon="-123.2132280">
    <ele>92.1</ele>
    <time>2024-09-04T20:35:18Z</time>
   </trkpt>
   <trkpt lat="49.2656560" lon="-123.2132910">
    <ele>92.1</ele>
    <time>2024-09-04T20:35:19Z</time>
   </trkpt>
   <trkpt lat="49.2656620" lon="-123.2133700">
    <ele>92.1</ele>
    <time>2024-09-04T20:35:20Z</time>
   </trkpt>
   <trkpt lat="49.2656590" lon="-123.2134160">
    <ele>92.1</ele>
    <time>2024-09-04T20:35:21Z</time>
   </trkpt>
   <trkpt lat="49.2656580" lon="-123.2134800">
    <ele>92.1</ele>
    <time>2024-09-04T20:35:22Z</time>
   </trkpt>
   <trkpt lat="49.2656620" lon="-123.2135370">
    <ele>92.1</ele>
    <time>2024-09-04T20:35:23Z</time>
   </trkpt>
   <trkpt lat="49.2656590" lon="-123.2135950">
    <ele>92.1</ele>
    <time>2024-09-04T20:35:24Z</time>
   </trkpt>
   <trkpt lat="49.2656630" lon="-123.2136570">
    <ele>92.1</ele>
    <time>2024-09-04T20:35:25Z</time>
   </trkpt>
   <trkpt lat="49.2656630" lon="-123.2137150">
    <ele>92.1</ele>
    <time>2024-09-04T20:35:26Z</time>
   </trkpt>
   <trkpt lat="49.2656610" lon="-123.2137800">
    <ele>92.1</ele>
    <time>2024-09-04T20:35:27Z</time>
   </trkpt>
   <trkpt lat="49.2656660" lon="-123.2138420">
    <ele>92.1</ele>
    <time>2024-09-04T20:35:28Z</time>
   </trkpt>
   <trkpt lat="49.2656600" lon="-123.2139000">
    <ele>92.1</ele>
    <time>2024-09-04T20:35:29Z</time>
   </trkpt>
   <trkpt lat="49.2656660" lon="-123.2139530">
    <ele>92.1</ele>
    <time>2024-09-04T20:35:30Z</time>
   </trkpt>
   <trkpt lat="49.2656680" lon="-123.2140140">
    <ele>92.1</ele>
    <time>2024-09-04T20:35:31Z</time>
   </trkpt>
   <trkpt lat="49.2656660" lon="-123.2140670">
    <ele>92.2</ele>
    <time>2024-09-04T20:35:32Z</time>
   </trkpt>
   <trkpt lat="49.2656640" lon="-123.2141220">
    <ele>92.2</ele>
    <time>2024-09-04T20:35:33Z</time>
   </trkpt>
   <trkpt lat="49.2656680" lon="-123.2141780">
    <ele>92.2</ele>
    <time>2024-09-04T20:35:34Z</time>
   </trkpt>
   <trkpt lat="49.2656650" lon="-123.2142360">
    <ele>92.3</ele>
    <time>2024-09-04T20:35:35Z</time>
   </trkpt>
   <trkpt lat="49.2656650" lon="-123.2142930">
    <ele>92.3</ele>
    <time>2024-09-04T20:35:36Z</time>
   </trkpt>
   <trkpt lat="49.2656620" lon="-123.2143520">
    <ele>92.3</ele>
    <time>2024-09-04T20:35:37Z</time>
   </trkpt>
   <trkpt lat="49.2656560" lon="-123.2144000">
    <ele>92.4</ele>
    <time>2024-09-04T20:35:38Z</time>
   </trkpt>
   <trkpt lat="49.2656560" lon="-123.2144540">
    <ele>92.4</ele>
    <time>2024-09-04T20:35:39Z</time>
   </trkpt>
   <trkpt lat="49.2656560" lon="-123.2145040">
    <ele>92.5</ele>
    <time>2024-09-04T20:35:40Z</time>
   </trkpt>
   <trkpt lat="49.2656580" lon="-123.2145500">
    <ele>92.5</ele>
    <time>2024-09-04T20:35:41Z</time>
   </trkpt>
   <trkpt lat="49.2656650" lon="-123.2145920">
    <ele>92.6</ele>
    <time>2024-09-04T20:35:42Z</time>
   </trkpt>
   <trkpt lat="49.2656690" lon="-123.2146430">
    <ele>92.6</ele>
    <time>2024-09-04T20:35:43Z</time>
   </trkpt>
   <trkpt lat="49.2656770" lon="-123.2146880">
    <ele>92.7</ele>
    <time>2024-09-04T20:35:44Z</time>
   </trkpt>
   <trkpt lat="49.2656710" lon="-123.2147380">
    <ele>92.8</ele>
    <time>2024-09-04T20:35:45Z</time>
   </trkpt>
   <trkpt lat="49.2656710" lon="-123.2147820">
    <ele>92.8</ele>
    <time>2024-09-04T20:35:46Z</time>
   </trkpt>
   <trkpt lat="49.2656700" lon="-123.2148270">
    <ele>92.9</ele>
    <time>2024-09-04T20:35:47Z</time>
   </trkpt>
   <trkpt lat="49.2656730" lon="-123.2148780">
    <ele>93.0</ele>
    <time>2024-09-04T20:35:48Z</time>
   </trkpt>
   <trkpt lat="49.2656740" lon="-123.2149310">
    <ele>93.1</ele>
    <time>2024-09-04T20:35:49Z</time>
   </trkpt>
   <trkpt lat="49.2656810" lon="-123.2149790">
    <ele>93.2</ele>
    <time>2024-09-04T20:35:50Z</time>
   </trkpt>
   <trkpt lat="49.2656840" lon="-123.2150130">
    <ele>93.3</ele>
    <time>2024-09-04T20:35:51Z</time>
   </trkpt>
   <trkpt lat="49.2656800" lon="-123.2150290">
    <ele>93.3</ele>
    <time>2024-09-04T20:35:52Z</time>
   </trkpt>
   <trkpt lat="49.2656760" lon="-123.2150700">
    <ele>93.4</ele>
    <time>2024-09-04T20:35:53Z</time>
   </trkpt>
   <trkpt lat="49.2656730" lon="-123.2150890">
    <ele>93.4</ele>
    <time>2024-09-04T20:35:54Z</time>
   </trkpt>
   <trkpt lat="49.2656620" lon="-123.2151490">
    <ele>93.4</ele>
    <time>2024-09-04T20:35:55Z</time>
   </trkpt>
   <trkpt lat="49.2656260" lon="-123.2152020">
    <ele>93.4</ele>
    <time>2024-09-04T20:35:56Z</time>
   </trkpt>
   <trkpt lat="49.2655760" lon="-123.2152540">
    <ele>93.4</ele>
    <time>2024-09-04T20:35:57Z</time>
   </trkpt>
   <trkpt lat="49.2655150" lon="-123.2152760">
    <ele>93.2</ele>
    <time>2024-09-04T20:35:58Z</time>
   </trkpt>
   <trkpt lat="49.2654580" lon="-123.2152830">
    <ele>93.1</ele>
    <time>2024-09-04T20:35:59Z</time>
   </trkpt>
   <trkpt lat="49.2653930" lon="-123.2152820">
    <ele>93.0</ele>
    <time>2024-09-04T20:36:00Z</time>
   </trkpt>
   <trkpt lat="49.2653310" lon="-123.2152900">
    <ele>92.9</ele>
    <time>2024-09-04T20:36:01Z</time>
   </trkpt>
   <trkpt lat="49.2652650" lon="-123.2152940">
    <ele>92.8</ele>
    <time>2024-09-04T20:36:02Z</time>
   </trkpt>
   <trkpt lat="49.2651980" lon="-123.2152880">
    <ele>92.6</ele>
    <time>2024-09-04T20:36:03Z</time>
   </trkpt>
   <trkpt lat="49.2651300" lon="-123.2152880">
    <ele>92.5</ele>
    <time>2024-09-04T20:36:04Z</time>
   </trkpt>
   <trkpt lat="49.2650620" lon="-123.2152920">
    <ele>92.4</ele>
    <time>2024-09-04T20:36:05Z</time>
   </trkpt>
   <trkpt lat="49.2649930" lon="-123.2152940">
    <ele>92.3</ele>
    <time>2024-09-04T20:36:06Z</time>
   </trkpt>
   <trkpt lat="49.2649270" lon="-123.2153020">
    <ele>92.2</ele>
    <time>2024-09-04T20:36:07Z</time>
   </trkpt>
   <trkpt lat="49.2648600" lon="-123.2153020">
    <ele>92.2</ele>
    <time>2024-09-04T20:36:08Z</time>
   </trkpt>
   <trkpt lat="49.2647940" lon="-123.2153080">
    <ele>92.2</ele>
    <time>2024-09-04T20:36:09Z</time>
   </trkpt>
   <trkpt lat="49.2647300" lon="-123.2153110">
    <ele>92.2</ele>
    <time>2024-09-04T20:36:10Z</time>
   </trkpt>
   <trkpt lat="49.2646640" lon="-123.2153110">
    <ele>92.2</ele>
    <time>2024-09-04T20:36:11Z</time>
   </trkpt>
   <trkpt lat="49.2645920" lon="-123.2153140">
    <ele>92.2</ele>
    <time>2024-09-04T20:36:12Z</time>
   </trkpt>
   <trkpt lat="49.2645310" lon="-123.2153180">
    <ele>92.3</ele>
    <time>2024-09-04T20:36:13Z</time>
   </trkpt>
   <trkpt lat="49.2644700" lon="-123.2153210">
    <ele>92.4</ele>
    <time>2024-09-04T20:36:14Z</time>
   </trkpt>
   <trkpt lat="49.2644040" lon="-123.2153220">
    <ele>92.5</ele>
    <time>2024-09-04T20:36:15Z</time>
   </trkpt>
   <trkpt lat="49.2643450" lon="-123.2153280">
    <ele>92.7</ele>
    <time>2024-09-04T20:36:16Z</time>
   </trkpt>
   <trkpt lat="49.2642830" lon="-123.2153310">
    <ele>92.9</ele>
    <time>2024-09-04T20:36:17Z</time>
   </trkpt>
   <trkpt lat="49.2642160" lon="-123.2153250">
    <ele>93.1</ele>
    <time>2024-09-04T20:36:18Z</time>
   </trkpt>
   <trkpt lat="49.2641670" lon="-123.2153330">
    <ele>93.3</ele>
    <time>2024-09-04T20:36:19Z</time>
   </trkpt>
   <trkpt lat="49.2641210" lon="-123.2153370">
    <ele>93.5</ele>
    <time>2024-09-04T20:36:20Z</time>
   </trkpt>
   <trkpt lat="49.2640670" lon="-123.2153360">
    <ele>93.7</ele>
    <time>2024-09-04T20:36:21Z</time>
   </trkpt>
   <trkpt lat="49.2640300" lon="-123.2153440">
    <ele>93.8</ele>
    <time>2024-09-04T20:36:22Z</time>
   </trkpt>
   <trkpt lat="49.2639820" lon="-123.2153750">
    <ele>93.9</ele>
    <time>2024-09-04T20:36:23Z</time>
   </trkpt>
   <trkpt lat="49.2639750" lon="-123.2154550">
    <ele>93.9</ele>
    <time>2024-09-04T20:36:24Z</time>
   </trkpt>
   <trkpt lat="49.2639890" lon="-123.2155560">
    <ele>93.9</ele>
    <time>2024-09-04T20:36:25Z</time>
   </trkpt>
   <trkpt lat="49.2639930" lon="-123.2156680">
    <ele>93.8</ele>
    <time>2024-09-04T20:36:26Z</time>
   </trkpt>
   <trkpt lat="49.2639860" lon="-123.2157790">
    <ele>93.8</ele>
    <time>2024-09-04T20:36:27Z</time>
   </trkpt>
   <trkpt lat="49.2639850" lon="-123.2159030">
    <ele>93.7</ele>
    <time>2024-09-04T20:36:28Z</time>
   </trkpt>
   <trkpt lat="49.2639840" lon="-123.2160270">
    <ele>93.7</ele>
    <time>2024-09-04T20:36:29Z</time>
   </trkpt>
   <trkpt lat="49.2639810" lon="-123.2161470">
    <ele>93.6</ele>
    <time>2024-09-04T20:36:30Z</time>
   </trkpt>
   <trkpt lat="49.2639790" lon="-123.2162720">
    <ele>93.6</ele>
    <time>2024-09-04T20:36:31Z</time>
   </trkpt>
   <trkpt lat="49.2639770" lon="-123.2163930">
    <ele>93.5</ele>
    <time>2024-09-04T20:36:32Z</time>
   </trkpt>
   <trkpt lat="49.2639720" lon="-123.2165160">
    <ele>93.4</ele>
    <time>2024-09-04T20:36:33Z</time>
   </trkpt>
   <trkpt lat="49.2639690" lon="-123.2166340">
    <ele>93.2</ele>
    <time>2024-09-04T20:36:34Z</time>
   </trkpt>
   <trkpt lat="49.2639660" lon="-123.2167590">
    <ele>93.1</ele>
    <time>2024-09-04T20:36:35Z</time>
   </trkpt>
   <trkpt lat="49.2639600" lon="-123.2168810">
    <ele>92.9</ele>
    <time>2024-09-04T20:36:36Z</time>
   </trkpt>
   <trkpt lat="49.2639590" lon="-123.2170080">
    <ele>92.8</ele>
    <time>2024-09-04T20:36:37Z</time>
   </trkpt>
   <trkpt lat="49.2639550" lon="-123.2171360">
    <ele>92.6</ele>
    <time>2024-09-04T20:36:38Z</time>
   </trkpt>
   <trkpt lat="49.2639540" lon="-123.2172590">
    <ele>92.4</ele>
    <time>2024-09-04T20:36:39Z</time>
   </trkpt>
   <trkpt lat="49.2639500" lon="-123.2173880">
    <ele>92.2</ele>
    <time>2024-09-04T20:36:40Z</time>
   </trkpt>
   <trkpt lat="49.2639450" lon="-123.2175130">
    <ele>92.0</ele>
    <time>2024-09-04T20:36:41Z</time>
   </trkpt>
   <trkpt lat="49.2639440" lon="-123.2176390">
    <ele>91.8</ele>
    <time>2024-09-04T20:36:42Z</time>
   </trkpt>
   <trkpt lat="49.2639390" lon="-123.2177680">
    <ele>91.7</ele>
    <time>2024-09-04T20:36:43Z</time>
   </trkpt>
   <trkpt lat="49.2639370" lon="-123.2178920">
    <ele>91.5</ele>
    <time>2024-09-04T20:36:44Z</time>
   </trkpt>
   <trkpt lat="49.2639310" lon="-123.2180240">
    <ele>91.4</ele>
    <time>2024-09-04T20:36:45Z</time>
   </trkpt>
   <trkpt lat="49.2639310" lon="-123.2181460">
    <ele>91.4</ele>
    <time>2024-09-04T20:36:46Z</time>
   </trkpt>
   <trkpt lat="49.2639270" lon="-123.2182650">
    <ele>91.3</ele>
    <time>2024-09-04T20:36:47Z</time>
   </trkpt>
   <trkpt lat="49.2639220" lon="-123.2183890">
    <ele>91.3</ele>
    <time>2024-09-04T20:36:48Z</time>
   </trkpt>
   <trkpt lat="49.2639170" lon="-123.2185080">
    <ele>91.3</ele>
    <time>2024-09-04T20:36:49Z</time>
   </trkpt>
   <trkpt lat="49.2639130" lon="-123.2186260">
    <ele>91.4</ele>
    <time>2024-09-04T20:36:50Z</time>
   </trkpt>
   <trkpt lat="49.2639090" lon="-123.2187440">
    <ele>91.5</ele>
    <time>2024-09-04T20:36:51Z</time>
   </trkpt>
   <trkpt lat="49.2639060" lon="-123.2188600">
    <ele>91.5</ele>
    <time>2024-09-04T20:36:52Z</time>
   </trkpt>
   <trkpt lat="49.2639040" lon="-123.2189730">
    <ele>91.6</ele>
    <time>2024-09-04T20:36:53Z</time>
   </trkpt>
   <trkpt lat="49.2639010" lon="-123.2190890">
    <ele>91.6</ele>
    <time>2024-09-04T20:36:54Z</time>
   </trkpt>
   <trkpt lat="49.2639040" lon="-123.2192030">
    <ele>91.6</ele>
    <time>2024-09-04T20:36:55Z</time>
   </trkpt>
   <trkpt lat="49.2638990" lon="-123.2193120">
    <ele>91.7</ele>
    <time>2024-09-04T20:36:56Z</time>
   </trkpt>
   <trkpt lat="49.2638960" lon="-123.2194220">
    <ele>91.7</ele>
    <time>2024-09-04T20:36:57Z</time>
   </trkpt>
   <trkpt lat="49.2638920" lon="-123.2195320">
    <ele>91.7</ele>
    <time>2024-09-04T20:36:58Z</time>
   </trkpt>
   <trkpt lat="49.2638920" lon="-123.2196470">
    <ele>91.8</ele>
    <time>2024-09-04T20:36:59Z</time>
   </trkpt>
   <trkpt lat="49.2638870" lon="-123.2197510">
    <ele>91.8</ele>
    <time>2024-09-04T20:37:00Z</time>
   </trkpt>
   <trkpt lat="49.2638860" lon="-123.2198600">
    <ele>91.9</ele>
    <time>2024-09-04T20:37:01Z</time>
   </trkpt>
   <trkpt lat="49.2638840" lon="-123.2199670">
    <ele>91.9</ele>
    <time>2024-09-04T20:37:02Z</time>
   </trkpt>
   <trkpt lat="49.2638790" lon="-123.2200760">
    <ele>92.0</ele>
    <time>2024-09-04T20:37:03Z</time>
   </trkpt>
   <trkpt lat="49.2638760" lon="-123.2201830">
    <ele>92.1</ele>
    <time>2024-09-04T20:37:04Z</time>
   </trkpt>
   <trkpt lat="49.2638760" lon="-123.2202880">
    <ele>92.2</ele>
    <time>2024-09-04T20:37:05Z</time>
   </trkpt>
   <trkpt lat="49.2638690" lon="-123.2203930">
    <ele>92.3</ele>
    <time>2024-09-04T20:37:06Z</time>
   </trkpt>
   <trkpt lat="49.2638700" lon="-123.2204970">
    <ele>92.5</ele>
    <time>2024-09-04T20:37:07Z</time>
   </trkpt>
   <trkpt lat="49.2638680" lon="-123.2206000">
    <ele>92.7</ele>
    <time>2024-09-04T20:37:08Z</time>
   </trkpt>
   <trkpt lat="49.2638690" lon="-123.2207040">
    <ele>92.9</ele>
    <time>2024-09-04T20:37:09Z</time>
   </trkpt>
   <trkpt lat="49.2638670" lon="-123.2208020">
    <ele>93.1</ele>
    <time>2024-09-04T20:37:10Z</time>
   </trkpt>
   <trkpt lat="49.2638650" lon="-123.2209010">
    <ele>93.3</ele>
    <time>2024-09-04T20:37:11Z</time>
   </trkpt>
   <trkpt lat="49.2638600" lon="-123.2209990">
    <ele>93.5</ele>
    <time>2024-09-04T20:37:12Z</time>
   </trkpt>
   <trkpt lat="49.2638570" lon="-123.2210940">
    <ele>93.7</ele>
    <time>2024-09-04T20:37:13Z</time>
   </trkpt>
   <trkpt lat="49.2638570" lon="-123.2211940">
    <ele>93.9</ele>
    <time>2024-09-04T20:37:14Z</time>
   </trkpt>
   <trkpt lat="49.2638510" lon="-123.2212890">
    <ele>94.1</ele>
    <time>2024-09-04T20:37:15Z</time>
   </trkpt>
   <trkpt lat="49.2638490" lon="-123.2213820">
    <ele>94.3</ele>
    <time>2024-09-04T20:37:16Z</time>
   </trkpt>
   <trkpt lat="49.2638470" lon="-123.2214750">
    <ele>94.6</ele>
    <time>2024-09-04T20:37:17Z</time>
   </trkpt>
   <trkpt lat="49.2638440" lon="-123.2215660">
    <ele>94.8</ele>
    <time>2024-09-04T20:37:18Z</time>
   </trkpt>
   <trkpt lat="49.2638410" lon="-123.2216540">
    <ele>95.0</ele>
    <time>2024-09-04T20:37:19Z</time>
   </trkpt>
   <trkpt lat="49.2638380" lon="-123.2217420">
    <ele>95.2</ele>
    <time>2024-09-04T20:37:20Z</time>
   </trkpt>
   <trkpt lat="49.2638380" lon="-123.2218270">
    <ele>95.4</ele>
    <time>2024-09-04T20:37:21Z</time>
   </trkpt>
   <trkpt lat="49.2638350" lon="-123.2219130">
    <ele>95.6</ele>
    <time>2024-09-04T20:37:22Z</time>
   </trkpt>
   <trkpt lat="49.2638340" lon="-123.2219970">
    <ele>95.8</ele>
    <time>2024-09-04T20:37:23Z</time>
   </trkpt>
   <trkpt lat="49.2638320" lon="-123.2220850">
    <ele>96.0</ele>
    <time>2024-09-04T20:37:24Z</time>
   </trkpt>
   <trkpt lat="49.2638310" lon="-123.2221710">
    <ele>96.2</ele>
    <time>2024-09-04T20:37:25Z</time>
   </trkpt>
   <trkpt lat="49.2638300" lon="-123.2222550">
    <ele>96.4</ele>
    <time>2024-09-04T20:37:26Z</time>
   </trkpt>
   <trkpt lat="49.2638280" lon="-123.2223410">
    <ele>96.6</ele>
    <time>2024-09-04T20:37:27Z</time>
   </trkpt>
   <trkpt lat="49.2638260" lon="-123.2224240">
    <ele>96.7</ele>
    <time>2024-09-04T20:37:28Z</time>
   </trkpt>
   <trkpt lat="49.2638250" lon="-123.2225050">
    <ele>96.9</ele>
    <time>2024-09-04T20:37:29Z</time>
   </trkpt>
   <trkpt lat="49.2638190" lon="-123.2225920">
    <ele>97.1</ele>
    <time>2024-09-04T20:37:30Z</time>
   </trkpt>
   <trkpt lat="49.2638180" lon="-123.2226750">
    <ele>97.3</ele>
    <time>2024-09-04T20:37:31Z</time>
   </trkpt>
   <trkpt lat="49.2638180" lon="-123.2227560">
    <ele>97.4</ele>
    <time>2024-09-04T20:37:32Z</time>
   </trkpt>
   <trkpt lat="49.2638150" lon="-123.2228350">
    <ele>97.6</ele>
    <time>2024-09-04T20:37:33Z</time>
   </trkpt>
   <trkpt lat="49.2638160" lon="-123.2229150">
    <ele>97.8</ele>
    <time>2024-09-04T20:37:34Z</time>
   </trkpt>
   <trkpt lat="49.2638130" lon="-123.2229990">
    <ele>98.0</ele>
    <time>2024-09-04T20:37:35Z</time>
   </trkpt>
   <trkpt lat="49.2638110" lon="-123.2230790">
    <ele>98.2</ele>
    <time>2024-09-04T20:37:36Z</time>
   </trkpt>
   <trkpt lat="49.2638060" lon="-123.2231600">
    <ele>98.3</ele>
    <time>2024-09-04T20:37:37Z</time>
   </trkpt>
   <trkpt lat="49.2638030" lon="-123.2232400">
    <ele>98.4</ele>
    <time>2024-09-04T20:37:38Z</time>
   </trkpt>
   <trkpt lat="49.2638010" lon="-123.2233210">
    <ele>98.5</ele>
    <time>2024-09-04T20:37:39Z</time>
   </trkpt>
   <trkpt lat="49.2637990" lon="-123.2234010">
    <ele>98.7</ele>
    <time>2024-09-04T20:37:40Z</time>
   </trkpt>
   <trkpt lat="49.2637990" lon="-123.2234820">
    <ele>98.8</ele>
    <time>2024-09-04T20:37:41Z</time>
   </trkpt>
   <trkpt lat="49.2637930" lon="-123.2235610">
    <ele>98.9</ele>
    <time>2024-09-04T20:37:42Z</time>
   </trkpt>
   <trkpt lat="49.2637900" lon="-123.2236400">
    <ele>99.1</ele>
    <time>2024-09-04T20:37:43Z</time>
   </trkpt>
   <trkpt lat="49.2637900" lon="-123.2237190">
    <ele>99.3</ele>
    <time>2024-09-04T20:37:44Z</time>
   </trkpt>
   <trkpt lat="49.2637850" lon="-123.2237960">
    <ele>99.5</ele>
    <time>2024-09-04T20:37:45Z</time>
   </trkpt>
   <trkpt lat="49.2637810" lon="-123.2238760">
    <ele>99.7</ele>
    <time>2024-09-04T20:37:46Z</time>
   </trkpt>
   <trkpt lat="49.2637770" lon="-123.2239580">
    <ele>99.9</ele>
    <time>2024-09-04T20:37:47Z</time>
   </trkpt>
   <trkpt lat="49.2637740" lon="-123.2240370">
    <ele>100.0</ele>
    <time>2024-09-04T20:37:48Z</time>
   </trkpt>
   <trkpt lat="49.2637740" lon="-123.2241190">
    <ele>100.2</ele>
    <time>2024-09-04T20:37:49Z</time>
   </trkpt>
   <trkpt lat="49.2637750" lon="-123.2242030">
    <ele>100.4</ele>
    <time>2024-09-04T20:37:50Z</time>
   </trkpt>
   <trkpt lat="49.2637730" lon="-123.2242830">
    <ele>100.5</ele>
    <time>2024-09-04T20:37:51Z</time>
   </trkpt>
   <trkpt lat="49.2637680" lon="-123.2243660">
    <ele>100.7</ele>
    <time>2024-09-04T20:37:52Z</time>
   </trkpt>
   <trkpt lat="49.2637670" lon="-123.2244470">
    <ele>100.8</ele>
    <time>2024-09-04T20:37:53Z</time>
   </trkpt>
   <trkpt lat="49.2637670" lon="-123.2245290">
    <ele>101.0</ele>
    <time>2024-09-04T20:37:54Z</time>
   </trkpt>
   <trkpt lat="49.2637640" lon="-123.2246110">
    <ele>101.2</ele>
    <time>2024-09-04T20:37:55Z</time>
   </trkpt>
   <trkpt lat="49.2637620" lon="-123.2246940">
    <ele>101.3</ele>
    <time>2024-09-04T20:37:56Z</time>
   </trkpt>
   <trkpt lat="49.2637610" lon="-123.2247790">
    <ele>101.5</ele>
    <time>2024-09-04T20:37:57Z</time>
   </trkpt>
   <trkpt lat="49.2637600" lon="-123.2248630">
    <ele>101.7</ele>
    <time>2024-09-04T20:37:58Z</time>
   </trkpt>
   <trkpt lat="49.2637560" lon="-123.2249470">
    <ele>101.8</ele>
    <time>2024-09-04T20:37:59Z</time>
   </trkpt>
   <trkpt lat="49.2637570" lon="-123.2250320">
    <ele>102.0</ele>
    <time>2024-09-04T20:38:00Z</time>
   </trkpt>
   <trkpt lat="49.2637570" lon="-123.2251180">
    <ele>102.2</ele>
    <time>2024-09-04T20:38:01Z</time>
   </trkpt>
   <trkpt lat="49.2637550" lon="-123.2252010">
    <ele>102.4</ele>
    <time>2024-09-04T20:38:02Z</time>
   </trkpt>
   <trkpt lat="49.2637530" lon="-123.2252860">
    <ele>102.5</ele>
    <time>2024-09-04T20:38:03Z</time>
   </trkpt>
   <trkpt lat="49.2637520" lon="-123.2253690">
    <ele>102.7</ele>
    <time>2024-09-04T20:38:04Z</time>
   </trkpt>
   <trkpt lat="49.2637490" lon="-123.2254530">
    <ele>102.9</ele>
    <time>2024-09-04T20:38:05Z</time>
   </trkpt>
   <trkpt lat="49.2637460" lon="-123.2255330">
    <ele>103.0</ele>
    <time>2024-09-04T20:38:06Z</time>
   </trkpt>
   <trkpt lat="49.2637400" lon="-123.2256120">
    <ele>103.1</ele>
    <time>2024-09-04T20:38:07Z</time>
   </trkpt>
   <trkpt lat="49.2637390" lon="-123.2256970">
    <ele>103.3</ele>
    <time>2024-09-04T20:38:08Z</time>
   </trkpt>
   <trkpt lat="49.2637380" lon="-123.2257820">
    <ele>103.4</ele>
    <time>2024-09-04T20:38:09Z</time>
   </trkpt>
   <trkpt lat="49.2637340" lon="-123.2258600">
    <ele>103.4</ele>
    <time>2024-09-04T20:38:10Z</time>
   </trkpt>
   <trkpt lat="49.2637300" lon="-123.2259440">
    <ele>103.5</ele>
    <time>2024-09-04T20:38:11Z</time>
   </trkpt>
   <trkpt lat="49.2637310" lon="-123.2260310">
    <ele>103.5</ele>
    <time>2024-09-04T20:38:12Z</time>
   </trkpt>
   <trkpt lat="49.2637310" lon="-123.2261190">
    <ele>103.5</ele>
    <time>2024-09-04T20:38:13Z</time>
   </trkpt>
   <trkpt lat="49.2637300" lon="-123.2262050">
    <ele>103.4</ele>
    <time>2024-09-04T20:38:14Z</time>
   </trkpt>
   <trkpt lat="49.2637270" lon="-123.2262940">
    <ele>103.3</ele>
    <time>2024-09-04T20:38:15Z</time>
   </trkpt>
   <trkpt lat="49.2637260" lon="-123.2263880">
    <ele>103.2</ele>
    <time>2024-09-04T20:38:16Z</time>
   </trkpt>
   <trkpt lat="49.2637270" lon="-123.2264880">
    <ele>103.1</ele>
    <time>2024-09-04T20:38:17Z</time>
   </trkpt>
   <trkpt lat="49.2637310" lon="-123.2265840">
    <ele>102.9</ele>
    <time>2024-09-04T20:38:18Z</time>
   </trkpt>
   <trkpt lat="49.2637310" lon="-123.2266860">
    <ele>102.8</ele>
    <time>2024-09-04T20:38:19Z</time>
   </trkpt>
   <trkpt lat="49.2637270" lon="-123.2267960">
    <ele>102.6</ele>
    <time>2024-09-04T20:38:20Z</time>
   </trkpt>
   <trkpt lat="49.2637220" lon="-123.2269050">
    <ele>102.4</ele>
    <time>2024-09-04T20:38:21Z</time>
   </trkpt>
   <trkpt lat="49.2637210" lon="-123.2270210">
    <ele>102.3</ele>
    <time>2024-09-04T20:38:22Z</time>
   </trkpt>
   <trkpt lat="49.2637160" lon="-123.2271360">
    <ele>102.1</ele>
    <time>2024-09-04T20:38:23Z</time>
   </trkpt>
   <trkpt lat="49.2637160" lon="-123.2272500">
    <ele>101.8</ele>
    <time>2024-09-04T20:38:24Z</time>
   </trkpt>
   <trkpt lat="49.2637080" lon="-123.2273660">
    <ele>101.6</ele>
    <time>2024-09-04T20:38:25Z</time>
   </trkpt>
   <trkpt lat="49.2637020" lon="-123.2274840">
    <ele>101.4</ele>
    <time>2024-09-04T20:38:26Z</time>
   </trkpt>
   <trkpt lat="49.2637020" lon="-123.2276040">
    <ele>101.2</ele>
    <time>2024-09-04T20:38:27Z</time>
   </trkpt>
   <trkpt lat="49.2636990" lon="-123.2277220">
    <ele>101.0</ele>
    <time>2024-09-04T20:38:28Z</time>
   </trkpt>
   <trkpt lat="49.2636990" lon="-123.2278400">
    <ele>100.8</ele>
    <time>2024-09-04T20:38:29Z</time>
   </trkpt>
   <trkpt lat="49.2636970" lon="-123.2279590">
    <ele>100.5</ele>
    <time>2024-09-04T20:38:30Z</time>
   </trkpt>
   <trkpt lat="49.2636920" lon="-123.2280820">
    <ele>100.3</ele>
    <time>2024-09-04T20:38:31Z</time>
   </trkpt>
   <trkpt lat="49.2636900" lon="-123.2282030">
    <ele>100.1</ele>
    <time>2024-09-04T20:38:32Z</time>
   </trkpt>
   <trkpt lat="49.2636880" lon="-123.2283240">
    <ele>99.9</ele>
    <time>2024-09-04T20:38:33Z</time>
   </trkpt>
   <trkpt lat="49.2636840" lon="-123.2284480">
    <ele>99.7</ele>
    <time>2024-09-04T20:38:34Z</time>
   </trkpt>
   <trkpt lat="49.2636810" lon="-123.2285710">
    <ele>99.5</ele>
    <time>2024-09-04T20:38:35Z</time>
   </trkpt>
   <trkpt lat="49.2636810" lon="-123.2286950">
    <ele>99.3</ele>
    <time>2024-09-04T20:38:36Z</time>
   </trkpt>
   <trkpt lat="49.2636760" lon="-123.2288190">
    <ele>99.1</ele>
    <time>2024-09-04T20:38:37Z</time>
   </trkpt>
   <trkpt lat="49.2636710" lon="-123.2289420">
    <ele>98.9</ele>
    <time>2024-09-04T20:38:38Z</time>
   </trkpt>
   <trkpt lat="49.2636690" lon="-123.2290600">
    <ele>98.8</ele>
    <time>2024-09-04T20:38:39Z</time>
   </trkpt>
   <trkpt lat="49.2636670" lon="-123.2291830">
    <ele>98.6</ele>
    <time>2024-09-04T20:38:40Z</time>
   </trkpt>
   <trkpt lat="49.2636640" lon="-123.2293080">
    <ele>98.5</ele>
    <time>2024-09-04T20:38:41Z</time>
   </trkpt>
   <trkpt lat="49.2636600" lon="-123.2294310">
    <ele>98.5</ele>
    <time>2024-09-04T20:38:42Z</time>
   </trkpt>
   <trkpt lat="49.2636570" lon="-123.2295510">
    <ele>98.6</ele>
    <time>2024-09-04T20:38:43Z</time>
   </trkpt>
   <trkpt lat="49.2636560" lon="-123.2296670">
    <ele>98.8</ele>
    <time>2024-09-04T20:38:44Z</time>
   </trkpt>
   <trkpt lat="49.2636530" lon="-123.2297770">
    <ele>99.0</ele>
    <time>2024-09-04T20:38:45Z</time>
   </trkpt>
   <trkpt lat="49.2636490" lon="-123.2298830">
    <ele>99.2</ele>
    <time>2024-09-04T20:38:46Z</time>
   </trkpt>
   <trkpt lat="49.2636470" lon="-123.2299870">
    <ele>99.4</ele>
    <time>2024-09-04T20:38:47Z</time>
   </trkpt>
   <trkpt lat="49.2636440" lon="-123.2300910">
    <ele>99.6</ele>
    <time>2024-09-04T20:38:48Z</time>
   </trkpt>
   <trkpt lat="49.2636420" lon="-123.2301940">
    <ele>99.7</ele>
    <time>2024-09-04T20:38:49Z</time>
   </trkpt>
   <trkpt lat="49.2636400" lon="-123.2302980">
    <ele>99.8</ele>
    <time>2024-09-04T20:38:50Z</time>
   </trkpt>
   <trkpt lat="49.2636430" lon="-123.2304010">
    <ele>99.9</ele>
    <time>2024-09-04T20:38:51Z</time>
   </trkpt>
   <trkpt lat="49.2636430" lon="-123.2305070">
    <ele>100.0</ele>
    <time>2024-09-04T20:38:52Z</time>
   </trkpt>
   <trkpt lat="49.2636450" lon="-123.2306070">
    <ele>100.1</ele>
    <time>2024-09-04T20:38:53Z</time>
   </trkpt>
   <trkpt lat="49.2636510" lon="-123.2307100">
    <ele>100.1</ele>
    <time>2024-09-04T20:38:54Z</time>
   </trkpt>
   <trkpt lat="49.2636590" lon="-123.2308150">
    <ele>100.2</ele>
    <time>2024-09-04T20:38:55Z</time>
   </trkpt>
   <trkpt lat="49.2636680" lon="-123.2309210">
    <ele>100.3</ele>
    <time>2024-09-04T20:38:56Z</time>
   </trkpt>
   <trkpt lat="49.2636790" lon="-123.2310250">
    <ele>100.3</ele>
    <time>2024-09-04T20:38:57Z</time>
   </trkpt>
   <trkpt lat="49.2636890" lon="-123.2311280">
    <ele>100.4</ele>
    <time>2024-09-04T20:38:58Z</time>
   </trkpt>
   <trkpt lat="49.2637010" lon="-123.2312320">
    <ele>100.4</ele>
    <time>2024-09-04T20:38:59Z</time>
   </trkpt>
   <trkpt lat="49.2637160" lon="-123.2313370">
    <ele>100.5</ele>
    <time>2024-09-04T20:39:00Z</time>
   </trkpt>
   <trkpt lat="49.2637310" lon="-123.2314400">
    <ele>100.5</ele>
    <time>2024-09-04T20:39:01Z</time>
   </trkpt>
   <trkpt lat="49.2637480" lon="-123.2315440">
    <ele>100.5</ele>
    <time>2024-09-04T20:39:02Z</time>
   </trkpt>
   <trkpt lat="49.2637680" lon="-123.2316460">
    <ele>100.4</ele>
    <time>2024-09-04T20:39:03Z</time>
   </trkpt>
   <trkpt lat="49.2637860" lon="-123.2317490">
    <ele>100.4</ele>
    <time>2024-09-04T20:39:04Z</time>
   </trkpt>
   <trkpt lat="49.2638080" lon="-123.2318510">
    <ele>100.4</ele>
    <time>2024-09-04T20:39:05Z</time>
   </trkpt>
   <trkpt lat="49.2638280" lon="-123.2319560">
    <ele>100.4</ele>
    <time>2024-09-04T20:39:06Z</time>
   </trkpt>
   <trkpt lat="49.2638520" lon="-123.2320560">
    <ele>100.4</ele>
    <time>2024-09-04T20:39:07Z</time>
   </trkpt>
   <trkpt lat="49.2638800" lon="-123.2321570">
    <ele>100.4</ele>
    <time>2024-09-04T20:39:08Z</time>
   </trkpt>
   <trkpt lat="49.2639100" lon="-123.2322530">
    <ele>100.4</ele>
    <time>2024-09-04T20:39:09Z</time>
   </trkpt>
   <trkpt lat="49.2639430" lon="-123.2323560">
    <ele>100.3</ele>
    <time>2024-09-04T20:39:10Z</time>
   </trkpt>
   <trkpt lat="49.2639770" lon="-123.2324550">
    <ele>100.3</ele>
    <time>2024-09-04T20:39:11Z</time>
   </trkpt>
   <trkpt lat="49.2640110" lon="-123.2325540">
    <ele>100.3</ele>
    <time>2024-09-04T20:39:12Z</time>
   </trkpt>
   <trkpt lat="49.2640480" lon="-123.2326520">
    <ele>100.2</ele>
    <time>2024-09-04T20:39:13Z</time>
   </trkpt>
   <trkpt lat="49.2640840" lon="-123.2327480">
    <ele>100.2</ele>
    <time>2024-09-04T20:39:14Z</time>
   </trkpt>
   <trkpt lat="49.2641260" lon="-123.2328410">
    <ele>100.2</ele>
    <time>2024-09-04T20:39:15Z</time>
   </trkpt>
   <trkpt lat="49.2641680" lon="-123.2329390">
    <ele>100.2</ele>
    <time>2024-09-04T20:39:16Z</time>
   </trkpt>
   <trkpt lat="49.2642080" lon="-123.2330350">
    <ele>100.2</ele>
    <time>2024-09-04T20:39:17Z</time>
   </trkpt>
   <trkpt lat="49.2642530" lon="-123.2331290">
    <ele>100.2</ele>
    <time>2024-09-04T20:39:18Z</time>
   </trkpt>
   <trkpt lat="49.2642990" lon="-123.2332180">
    <ele>100.1</ele>
    <time>2024-09-04T20:39:19Z</time>
   </trkpt>
   <trkpt lat="49.2643440" lon="-123.2333040">
    <ele>100.1</ele>
    <time>2024-09-04T20:39:20Z</time>
   </trkpt>
   <trkpt lat="49.2643940" lon="-123.2333900">
    <ele>100.0</ele>
    <time>2024-09-04T20:39:21Z</time>
   </trkpt>
   <trkpt lat="49.2644460" lon="-123.2334770">
    <ele>100.0</ele>
    <time>2024-09-04T20:39:22Z</time>
   </trkpt>
   <trkpt lat="49.2644970" lon="-123.2335620">
    <ele>100.0</ele>
    <time>2024-09-04T20:39:23Z</time>
   </trkpt>
   <trkpt lat="49.2645490" lon="-123.2336400">
    <ele>99.9</ele>
    <time>2024-09-04T20:39:24Z</time>
   </trkpt>
   <trkpt lat="49.2646030" lon="-123.2337250">
    <ele>99.9</ele>
    <time>2024-09-04T20:39:25Z</time>
   </trkpt>
   <trkpt lat="49.2646540" lon="-123.2338050">
    <ele>99.8</ele>
    <time>2024-09-04T20:39:26Z</time>
   </trkpt>
   <trkpt lat="49.2647090" lon="-123.2338840">
    <ele>99.7</ele>
    <time>2024-09-04T20:39:27Z</time>
   </trkpt>
   <trkpt lat="49.2647580" lon="-123.2339660">
    <ele>99.7</ele>
    <time>2024-09-04T20:39:28Z</time>
   </trkpt>
   <trkpt lat="49.2648080" lon="-123.2340460">
    <ele>99.7</ele>
    <time>2024-09-04T20:39:29Z</time>
   </trkpt>
   <trkpt lat="49.2648600" lon="-123.2341250">
    <ele>99.6</ele>
    <time>2024-09-04T20:39:30Z</time>
   </trkpt>
   <trkpt lat="49.2649110" lon="-123.2342050">
    <ele>99.6</ele>
    <time>2024-09-04T20:39:31Z</time>
   </trkpt>
   <trkpt lat="49.2649630" lon="-123.2342830">
    <ele>99.5</ele>
    <time>2024-09-04T20:39:32Z</time>
   </trkpt>
   <trkpt lat="49.2650150" lon="-123.2343590">
    <ele>99.5</ele>
    <time>2024-09-04T20:39:33Z</time>
   </trkpt>
   <trkpt lat="49.2650650" lon="-123.2344370">
    <ele>99.5</ele>
    <time>2024-09-04T20:39:34Z</time>
   </trkpt>
   <trkpt lat="49.2651160" lon="-123.2345160">
    <ele>99.5</ele>
    <time>2024-09-04T20:39:35Z</time>
   </trkpt>
   <trkpt lat="49.2651660" lon="-123.2345940">
    <ele>99.4</ele>
    <time>2024-09-04T20:39:36Z</time>
   </trkpt>
   <trkpt lat="49.2652150" lon="-123.2346720">
    <ele>99.4</ele>
    <time>2024-09-04T20:39:37Z</time>
   </trkpt>
   <trkpt lat="49.2652690" lon="-123.2347470">
    <ele>99.4</ele>
    <time>2024-09-04T20:39:38Z</time>
   </trkpt>
   <trkpt lat="49.2653200" lon="-123.2348270">
    <ele>99.4</ele>
    <time>2024-09-04T20:39:39Z</time>
   </trkpt>
   <trkpt lat="49.2653720" lon="-123.2349060">
    <ele>99.4</ele>
    <time>2024-09-04T20:39:40Z</time>
   </trkpt>
   <trkpt lat="49.2654240" lon="-123.2349840">
    <ele>99.4</ele>
    <time>2024-09-04T20:39:41Z</time>
   </trkpt>
   <trkpt lat="49.2654760" lon="-123.2350620">
    <ele>99.4</ele>
    <time>2024-09-04T20:39:42Z</time>
   </trkpt>
   <trkpt lat="49.2655260" lon="-123.2351440">
    <ele>99.4</ele>
    <time>2024-09-04T20:39:43Z</time>
   </trkpt>
   <trkpt lat="49.2655770" lon="-123.2352210">
    <ele>99.5</ele>
    <time>2024-09-04T20:39:44Z</time>
   </trkpt>
   <trkpt lat="49.2656290" lon="-123.2352960">
    <ele>99.6</ele>
    <time>2024-09-04T20:39:45Z</time>
   </trkpt>
   <trkpt lat="49.2656760" lon="-123.2353810">
    <ele>99.6</ele>
    <time>2024-09-04T20:39:46Z</time>
   </trkpt>
   <trkpt lat="49.2657250" lon="-123.2354620">
    <ele>99.6</ele>
    <time>2024-09-04T20:39:47Z</time>
   </trkpt>
   <trkpt lat="49.2657710" lon="-123.2355420">
    <ele>99.6</ele>
    <time>2024-09-04T20:39:48Z</time>
   </trkpt>
   <trkpt lat="49.2658160" lon="-123.2356230">
    <ele>99.7</ele>
    <time>2024-09-04T20:39:49Z</time>
   </trkpt>
   <trkpt lat="49.2658600" lon="-123.2357030">
    <ele>99.7</ele>
    <time>2024-09-04T20:39:50Z</time>
   </trkpt>
   <trkpt lat="49.2659060" lon="-123.2357800">
    <ele>99.7</ele>
    <time>2024-09-04T20:39:51Z</time>
   </trkpt>
   <trkpt lat="49.2659500" lon="-123.2358590">
    <ele>99.7</ele>
    <time>2024-09-04T20:39:52Z</time>
   </trkpt>
   <trkpt lat="49.2659930" lon="-123.2359400">
    <ele>99.8</ele>
    <time>2024-09-04T20:39:53Z</time>
   </trkpt>
   <trkpt lat="49.2660340" lon="-123.2360210">
    <ele>99.8</ele>
    <time>2024-09-04T20:39:54Z</time>
   </trkpt>
   <trkpt lat="49.2660730" lon="-123.2361010">
    <ele>99.8</ele>
    <time>2024-09-04T20:39:55Z</time>
   </trkpt>
   <trkpt lat="49.2661100" lon="-123.2361870">
    <ele>99.8</ele>
    <time>2024-09-04T20:39:56Z</time>
   </trkpt>
   <trkpt lat="49.2661500" lon="-123.2362700">
    <ele>99.9</ele>
    <time>2024-09-04T20:39:57Z</time>
   </trkpt>
   <trkpt lat="49.2661880" lon="-123.2363580">
    <ele>99.9</ele>
    <time>2024-09-04T20:39:58Z</time>
   </trkpt>
   <trkpt lat="49.2662250" lon="-123.2364450">
    <ele>99.9</ele>
    <time>2024-09-04T20:39:59Z</time>
   </trkpt>
   <trkpt lat="49.2662610" lon="-123.2365300">
    <ele>99.9</ele>
    <time>2024-09-04T20:40:00Z</time>
   </trkpt>
   <trkpt lat="49.2662970" lon="-123.2366180">
    <ele>99.9</ele>
    <time>2024-09-04T20:40:01Z</time>
   </trkpt>
   <trkpt lat="49.2663330" lon="-123.2367080">
    <ele>99.8</ele>
    <time>2024-09-04T20:40:02Z</time>
   </trkpt>
   <trkpt lat="49.2663680" lon="-123.2367990">
    <ele>99.8</ele>
    <time>2024-09-04T20:40:03Z</time>
   </trkpt>
   <trkpt lat="49.2664030" lon="-123.2368910">
    <ele>99.8</ele>
    <time>2024-09-04T20:40:04Z</time>
   </trkpt>
   <trkpt lat="49.2664330" lon="-123.2369870">
    <ele>99.8</ele>
    <time>2024-09-04T20:40:05Z</time>
   </trkpt>
   <trkpt lat="49.2664700" lon="-123.2370820">
    <ele>99.7</ele>
    <time>2024-09-04T20:40:06Z</time>
   </trkpt>
   <trkpt lat="49.2665060" lon="-123.2371770">
    <ele>99.6</ele>
    <time>2024-09-04T20:40:07Z</time>
   </trkpt>
   <trkpt lat="49.2665390" lon="-123.2372750">
    <ele>99.5</ele>
    <time>2024-09-04T20:40:08Z</time>
   </trkpt>
   <trkpt lat="49.2665710" lon="-123.2373780">
    <ele>99.4</ele>
    <time>2024-09-04T20:40:09Z</time>
   </trkpt>
   <trkpt lat="49.2666040" lon="-123.2374810">
    <ele>99.2</ele>
    <time>2024-09-04T20:40:10Z</time>
   </trkpt>
   <trkpt lat="49.2666340" lon="-123.2375880">
    <ele>98.9</ele>
    <time>2024-09-04T20:40:11Z</time>
   </trkpt>
   <trkpt lat="49.2666640" lon="-123.2376980">
    <ele>98.7</ele>
    <time>2024-09-04T20:40:12Z</time>
   </trkpt>
   <trkpt lat="49.2666960" lon="-123.2378080">
    <ele>98.4</ele>
    <time>2024-09-04T20:40:13Z</time>
   </trkpt>
   <trkpt lat="49.2667260" lon="-123.2379200">
    <ele>98.1</ele>
    <time>2024-09-04T20:40:14Z</time>
   </trkpt>
   <trkpt lat="49.2667470" lon="-123.2380340">
    <ele>97.7</ele>
    <time>2024-09-04T20:40:15Z</time>
   </trkpt>
   <trkpt lat="49.2667780" lon="-123.2381560">
    <ele>97.3</ele>
    <time>2024-09-04T20:40:16Z</time>
   </trkpt>
   <trkpt lat="49.2668080" lon="-123.2382850">
    <ele>96.9</ele>
    <time>2024-09-04T20:40:17Z</time>
   </trkpt>
   <trkpt lat="49.2668350" lon="-123.2384090">
    <ele>96.5</ele>
    <time>2024-09-04T20:40:18Z</time>
   </trkpt>
   <trkpt lat="49.2668570" lon="-123.2385370">
    <ele>96.1</ele>
    <time>2024-09-04T20:40:19Z</time>
   </trkpt>
   <trkpt lat="49.2668850" lon="-123.2386720">
    <ele>95.5</ele>
    <time>2024-09-04T20:40:20Z</time>
   </trkpt>
   <trkpt lat="49.2669060" lon="-123.2388070">
    <ele>95.2</ele>
    <time>2024-09-04T20:40:21Z</time>
   </trkpt>
   <trkpt lat="49.2669260" lon="-123.2389430">
    <ele>94.9</ele>
    <time>2024-09-04T20:40:22Z</time>
   </trkpt>
   <trkpt lat="49.2669450" lon="-123.2390740">
    <ele>94.6</ele>
    <time>2024-09-04T20:40:23Z</time>
   </trkpt>
   <trkpt lat="49.2669650" lon="-123.2392040">
    <ele>94.4</ele>
    <time>2024-09-04T20:40:24Z</time>
   </trkpt>
   <trkpt lat="49.2669820" lon="-123.2393340">
    <ele>94.2</ele>
    <time>2024-09-04T20:40:25Z</time>
   </trkpt>
   <trkpt lat="49.2669970" lon="-123.2394630">
    <ele>94.0</ele>
    <time>2024-09-04T20:40:26Z</time>
   </trkpt>
   <trkpt lat="49.2670100" lon="-123.2395920">
    <ele>93.9</ele>
    <time>2024-09-04T20:40:27Z</time>
   </trkpt>
   <trkpt lat="49.2670230" lon="-123.2397230">
    <ele>93.7</ele>
    <time>2024-09-04T20:40:28Z</time>
   </trkpt>
   <trkpt lat="49.2670330" lon="-123.2398520">
    <ele>93.6</ele>
    <time>2024-09-04T20:40:29Z</time>
   </trkpt>
   <trkpt lat="49.2670430" lon="-123.2399820">
    <ele>93.5</ele>
    <time>2024-09-04T20:40:30Z</time>
   </trkpt>
   <trkpt lat="49.2670540" lon="-123.2401130">
    <ele>93.4</ele>
    <time>2024-09-04T20:40:31Z</time>
   </trkpt>
   <trkpt lat="49.2670600" lon="-123.2402410">
    <ele>93.3</ele>
    <time>2024-09-04T20:40:32Z</time>
   </trkpt>
   <trkpt lat="49.2670640" lon="-123.2403700">
    <ele>93.3</ele>
    <time>2024-09-04T20:40:33Z</time>
   </trkpt>
   <trkpt lat="49.2670660" lon="-123.2404970">
    <ele>93.3</ele>
    <time>2024-09-04T20:40:34Z</time>
   </trkpt>
   <trkpt lat="49.2670690" lon="-123.2406190">
    <ele>93.3</ele>
    <time>2024-09-04T20:40:35Z</time>
   </trkpt>
   <trkpt lat="49.2670710" lon="-123.2407430">
    <ele>93.3</ele>
    <time>2024-09-04T20:40:36Z</time>
   </trkpt>
   <trkpt lat="49.2670700" lon="-123.2408620">
    <ele>93.3</ele>
    <time>2024-09-04T20:40:37Z</time>
   </trkpt>
   <trkpt lat="49.2670690" lon="-123.2409810">
    <ele>93.3</ele>
    <time>2024-09-04T20:40:38Z</time>
   </trkpt>
   <trkpt lat="49.2670640" lon="-123.2411020">
    <ele>93.3</ele>
    <time>2024-09-04T20:40:39Z</time>
   </trkpt>
   <trkpt lat="49.2670620" lon="-123.2412180">
    <ele>93.3</ele>
    <time>2024-09-04T20:40:40Z</time>
   </trkpt>
   <trkpt lat="49.2670510" lon="-123.2413340">
    <ele>93.3</ele>
    <time>2024-09-04T20:40:41Z</time>
   </trkpt>
   <trkpt lat="49.2670420" lon="-123.2414470">
    <ele>93.4</ele>
    <time>2024-09-04T20:40:42Z</time>
   </trkpt>
   <trkpt lat="49.2670360" lon="-123.2415560">
    <ele>93.4</ele>
    <time>2024-09-04T20:40:43Z</time>
   </trkpt>
   <trkpt lat="49.2670310" lon="-123.2416630">
    <ele>93.4</ele>
    <time>2024-09-04T20:40:44Z</time>
   </trkpt>
   <trkpt lat="49.2670220" lon="-123.2417690">
    <ele>93.4</ele>
    <time>2024-09-04T20:40:45Z</time>
   </trkpt>
   <trkpt lat="49.2670150" lon="-123.2418700">
    <ele>93.4</ele>
    <time>2024-09-04T20:40:46Z</time>
   </trkpt>
   <trkpt lat="49.2670060" lon="-123.2419650">
    <ele>93.4</ele>
    <time>2024-09-04T20:40:47Z</time>
   </trkpt>
   <trkpt lat="49.2669940" lon="-123.2420520">
    <ele>93.4</ele>
    <time>2024-09-04T20:40:48Z</time>
   </trkpt>
   <trkpt lat="49.2669810" lon="-123.2421370">
    <ele>93.5</ele>
    <time>2024-09-04T20:40:49Z</time>
   </trkpt>
   <trkpt lat="49.2669730" lon="-123.2422180">
    <ele>93.5</ele>
    <time>2024-09-04T20:40:50Z</time>
   </trkpt>
   <trkpt lat="49.2669630" lon="-123.2422830">
    <ele>93.5</ele>
    <time>2024-09-04T20:40:51Z</time>
   </trkpt>
   <trkpt lat="49.2669550" lon="-123.2423340">
    <ele>93.5</ele>
    <time>2024-09-04T20:40:52Z</time>
   </trkpt>
   <trkpt lat="49.2669490" lon="-123.2423640">
    <ele>93.5</ele>
    <time>2024-09-04T20:40:53Z</time>
   </trkpt>
   <trkpt lat="49.2669470" lon="-123.2423810">
    <ele>93.5</ele>
    <time>2024-09-04T20:40:54Z</time>
   </trkpt>
   <trkpt lat="49.2669490" lon="-123.2423980">
    <ele>93.5</ele>
    <time>2024-09-04T20:40:55Z</time>
   </trkpt>
   <trkpt lat="49.2669460" lon="-123.2424140">
    <ele>93.5</ele>
    <time>2024-09-04T20:40:56Z</time>
   </trkpt>
   <trkpt lat="49.2669440" lon="-123.2424300">
    <ele>93.5</ele>
    <time>2024-09-04T20:40:57Z</time>
   </trkpt>
   <trkpt lat="49.2669410" lon="-123.2424450">
    <ele>93.5</ele>
    <time>2024-09-04T20:40:58Z</time>
   </trkpt>
   <trkpt lat="49.2669390" lon="-123.2424610">
    <ele>93.5</ele>
    <time>2024-09-04T20:40:59Z</time>
   </trkpt>
   <trkpt lat="49.2669420" lon="-123.2425090">
    <ele>93.5</ele>
    <time>2024-09-04T20:41:00Z</time>
   </trkpt>
   <trkpt lat="49.2669390" lon="-123.2425730">
    <ele>93.5</ele>
    <time>2024-09-04T20:41:01Z</time>
   </trkpt>
   <trkpt lat="49.2669080" lon="-123.2426440">
    <ele>93.5</ele>
    <time>2024-09-04T20:41:02Z</time>
   </trkpt>
   <trkpt lat="49.2668930" lon="-123.2427220">
    <ele>93.5</ele>
    <time>2024-09-04T20:41:03Z</time>
   </trkpt>
   <trkpt lat="49.2668780" lon="-123.2428110">
    <ele>93.6</ele>
    <time>2024-09-04T20:41:04Z</time>
   </trkpt>
   <trkpt lat="49.2668600" lon="-123.2429080">
    <ele>93.6</ele>
    <time>2024-09-04T20:41:05Z</time>
   </trkpt>
   <trkpt lat="49.2668430" lon="-123.2430120">
    <ele>93.6</ele>
    <time>2024-09-04T20:41:06Z</time>
   </trkpt>
   <trkpt lat="49.2668200" lon="-123.2431140">
    <ele>93.6</ele>
    <time>2024-09-04T20:41:07Z</time>
   </trkpt>
   <trkpt lat="49.2667960" lon="-123.2432240">
    <ele>93.7</ele>
    <time>2024-09-04T20:41:08Z</time>
   </trkpt>
   <trkpt lat="49.2667710" lon="-123.2433390">
    <ele>93.7</ele>
    <time>2024-09-04T20:41:09Z</time>
   </trkpt>
   <trkpt lat="49.2667600" lon="-123.2434530">
    <ele>93.7</ele>
    <time>2024-09-04T20:41:10Z</time>
   </trkpt>
   <trkpt lat="49.2667430" lon="-123.2435610">
    <ele>93.7</ele>
    <time>2024-09-04T20:41:11Z</time>
   </trkpt>
   <trkpt lat="49.2667270" lon="-123.2436710">
    <ele>93.7</ele>
    <time>2024-09-04T20:41:12Z</time>
   </trkpt>
   <trkpt lat="49.2667060" lon="-123.2437830">
    <ele>93.7</ele>
    <time>2024-09-04T20:41:13Z</time>
   </trkpt>
   <trkpt lat="49.2666880" lon="-123.2438920">
    <ele>93.7</ele>
    <time>2024-09-04T20:41:14Z</time>
   </trkpt>
   <trkpt lat="49.2666670" lon="-123.2439950">
    <ele>93.7</ele>
    <time>2024-09-04T20:41:15Z</time>
   </trkpt>
   <trkpt lat="49.2666460" lon="-123.2440960">
    <ele>93.7</ele>
    <time>2024-09-04T20:41:16Z</time>
   </trkpt>
   <trkpt lat="49.2666270" lon="-123.2442020">
    <ele>93.8</ele>
    <time>2024-09-04T20:41:17Z</time>
   </trkpt>
   <trkpt lat="49.2666090" lon="-123.2443000">
    <ele>93.8</ele>
    <time>2024-09-04T20:41:18Z</time>
   </trkpt>
   <trkpt lat="49.2665870" lon="-123.2444020">
    <ele>93.8</ele>
    <time>2024-09-04T20:41:19Z</time>
   </trkpt>
   <trkpt lat="49.2665660" lon="-123.2445000">
    <ele>93.9</ele>
    <time>2024-09-04T20:41:20Z</time>
   </trkpt>
   <trkpt lat="49.2665480" lon="-123.2445990">
    <ele>93.9</ele>
    <time>2024-09-04T20:41:21Z</time>
   </trkpt>
   <trkpt lat="49.2665290" lon="-123.2446960">
    <ele>94.0</ele>
    <time>2024-09-04T20:41:22Z</time>
   </trkpt>
   <trkpt lat="49.2665090" lon="-123.2447900">
    <ele>94.0</ele>
    <time>2024-09-04T20:41:23Z</time>
   </trkpt>
   <trkpt lat="49.2664980" lon="-123.2448860">
    <ele>94.0</ele>
    <time>2024-09-04T20:41:24Z</time>
   </trkpt>
   <trkpt lat="49.2664800" lon="-123.2449720">
    <ele>94.1</ele>
    <time>2024-09-04T20:41:25Z</time>
   </trkpt>
   <trkpt lat="49.2664650" lon="-123.2450530">
    <ele>94.1</ele>
    <time>2024-09-04T20:41:26Z</time>
   </trkpt>
   <trkpt lat="49.2664680" lon="-123.2451970">
    <ele>94.1</ele>
    <time>2024-09-04T20:41:28Z</time>
   </trkpt>
   <trkpt lat="49.2664600" lon="-123.2452700">
    <ele>94.2</ele>
    <time>2024-09-04T20:41:29Z</time>
   </trkpt>
   <trkpt lat="49.2664480" lon="-123.2453480">
    <ele>94.2</ele>
    <time>2024-09-04T20:41:31Z</time>
   </trkpt>
   <trkpt lat="49.2664550" lon="-123.2454330">
    <ele>94.2</ele>
    <time>2024-09-04T20:41:32Z</time>
   </trkpt>
   <trkpt lat="49.2664940" lon="-123.2455180">
    <ele>94.2</ele>
    <time>2024-09-04T20:41:33Z</time>
   </trkpt>
   <trkpt lat="49.2665500" lon="-123.2455740">
    <ele>94.2</ele>
    <time>2024-09-04T20:41:34Z</time>
   </trkpt>
   <trkpt lat="49.2666800" lon="-123.2456740">
    <ele>94.2</ele>
    <time>2024-09-04T20:41:35Z</time>
   </trkpt>
   <trkpt lat="49.2667420" lon="-123.2457280">
    <ele>94.2</ele>
    <time>2024-09-04T20:41:36Z</time>
   </trkpt>
   <trkpt lat="49.2668050" lon="-123.2457800">
    <ele>94.2</ele>
    <time>2024-09-04T20:41:37Z</time>
   </trkpt>
   <trkpt lat="49.2668680" lon="-123.2458340">
    <ele>94.2</ele>
    <time>2024-09-04T20:41:38Z</time>
   </trkpt>
   <trkpt lat="49.2669320" lon="-123.2458850">
    <ele>94.1</ele>
    <time>2024-09-04T20:41:39Z</time>
   </trkpt>
   <trkpt lat="49.2669960" lon="-123.2459300">
    <ele>94.1</ele>
    <time>2024-09-04T20:41:40Z</time>
   </trkpt>
   <trkpt lat="49.2670580" lon="-123.2459790">
    <ele>94.1</ele>
    <time>2024-09-04T20:41:41Z</time>
   </trkpt>
   <trkpt lat="49.2671160" lon="-123.2460250">
    <ele>94.1</ele>
    <time>2024-09-04T20:41:42Z</time>
   </trkpt>
   <trkpt lat="49.2671740" lon="-123.2460770">
    <ele>94.0</ele>
    <time>2024-09-04T20:41:43Z</time>
   </trkpt>
   <trkpt lat="49.2672300" lon="-123.2461270">
    <ele>94.0</ele>
    <time>2024-09-04T20:41:44Z</time>
   </trkpt>
   <trkpt lat="49.2672880" lon="-123.2461810">
    <ele>94.0</ele>
    <time>2024-09-04T20:41:45Z</time>
   </trkpt>
   <trkpt lat="49.2673420" lon="-123.2462350">
    <ele>94.0</ele>
    <time>2024-09-04T20:41:46Z</time>
   </trkpt>
   <trkpt lat="49.2673960" lon="-123.2462920">
    <ele>93.9</ele>
    <time>2024-09-04T20:41:47Z</time>
   </trkpt>
   <trkpt lat="49.2674510" lon="-123.2463450">
    <ele>93.9</ele>
    <time>2024-09-04T20:41:48Z</time>
   </trkpt>
   <trkpt lat="49.2675030" lon="-123.2464000">
    <ele>93.8</ele>
    <time>2024-09-04T20:41:49Z</time>
   </trkpt>
   <trkpt lat="49.2675580" lon="-123.2464480">
    <ele>93.8</ele>
    <time>2024-09-04T20:41:50Z</time>
   </trkpt>
   <trkpt lat="49.2676120" lon="-123.2464990">
    <ele>93.8</ele>
    <time>2024-09-04T20:41:51Z</time>
   </trkpt>
   <trkpt lat="49.2676670" lon="-123.2465500">
    <ele>93.8</ele>
    <time>2024-09-04T20:41:52Z</time>
   </trkpt>
   <trkpt lat="49.2677190" lon="-123.2466000">
    <ele>93.8</ele>
    <time>2024-09-04T20:41:53Z</time>
   </trkpt>
   <trkpt lat="49.2677710" lon="-123.2466500">
    <ele>93.8</ele>
    <time>2024-09-04T20:41:54Z</time>
   </trkpt>
   <trkpt lat="49.2678210" lon="-123.2466980">
    <ele>93.8</ele>
    <time>2024-09-04T20:41:55Z</time>
   </trkpt>
   <trkpt lat="49.2678730" lon="-123.2467480">
    <ele>93.9</ele>
    <time>2024-09-04T20:41:56Z</time>
   </trkpt>
   <trkpt lat="49.2679310" lon="-123.2467940">
    <ele>93.9</ele>
    <time>2024-09-04T20:41:57Z</time>
   </trkpt>
   <trkpt lat="49.2679860" lon="-123.2468380">
    <ele>93.9</ele>
    <time>2024-09-04T20:41:58Z</time>
   </trkpt>
   <trkpt lat="49.2680420" lon="-123.2468810">
    <ele>94.0</ele>
    <time>2024-09-04T20:41:59Z</time>
   </trkpt>
   <trkpt lat="49.2680990" lon="-123.2469180">
    <ele>94.1</ele>
    <time>2024-09-04T20:42:00Z</time>
   </trkpt>
   <trkpt lat="49.2681560" lon="-123.2469560">
    <ele>94.1</ele>
    <time>2024-09-04T20:42:01Z</time>
   </trkpt>
   <trkpt lat="49.2682100" lon="-123.2469910">
    <ele>94.2</ele>
    <time>2024-09-04T20:42:02Z</time>
   </trkpt>
   <trkpt lat="49.2682660" lon="-123.2470350">
    <ele>94.3</ele>
    <time>2024-09-04T20:42:03Z</time>
   </trkpt>
   <trkpt lat="49.2683240" lon="-123.2470690">
    <ele>94.4</ele>
    <time>2024-09-04T20:42:04Z</time>
   </trkpt>
   <trkpt lat="49.2683780" lon="-123.2471030">
    <ele>94.4</ele>
    <time>2024-09-04T20:42:05Z</time>
   </trkpt>
   <trkpt lat="49.2684340" lon="-123.2471380">
    <ele>94.5</ele>
    <time>2024-09-04T20:42:06Z</time>
   </trkpt>
   <trkpt lat="49.2684930" lon="-123.2471710">
    <ele>94.6</ele>
    <time>2024-09-04T20:42:07Z</time>
   </trkpt>
   <trkpt lat="49.2685560" lon="-123.2472220">
    <ele>94.7</ele>
    <time>2024-09-04T20:42:08Z</time>
   </trkpt>
   <trkpt lat="49.2686200" lon="-123.2472700">
    <ele>94.7</ele>
    <time>2024-09-04T20:42:09Z</time>
   </trkpt>
   <trkpt lat="49.2686760" lon="-123.2472930">
    <ele>94.8</ele>
    <time>2024-09-04T20:42:10Z</time>
   </trkpt>
   <trkpt lat="49.2687340" lon="-123.2473290">
    <ele>94.8</ele>
    <time>2024-09-04T20:42:11Z</time>
   </trkpt>
   <trkpt lat="49.2687940" lon="-123.2473600">
    <ele>94.9</ele>
    <time>2024-09-04T20:42:12Z</time>
   </trkpt>
   <trkpt lat="49.2688540" lon="-123.2473900">
    <ele>94.9</ele>
    <time>2024-09-04T20:42:13Z</time>
   </trkpt>
   <trkpt lat="49.2689160" lon="-123.2474300">
    <ele>95.0</ele>
    <time>2024-09-04T20:42:14Z</time>
   </trkpt>
   <trkpt lat="49.2689760" lon="-123.2474700">
    <ele>95.1</ele>
    <time>2024-09-04T20:42:15Z</time>
   </trkpt>
   <trkpt lat="49.2690390" lon="-123.2475010">
    <ele>95.1</ele>
    <time>2024-09-04T20:42:16Z</time>
   </trkpt>
   <trkpt lat="49.2690920" lon="-123.2475320">
    <ele>95.2</ele>
    <time>2024-09-04T20:42:17Z</time>
   </trkpt>
   <trkpt lat="49.2691450" lon="-123.2475510">
    <ele>95.2</ele>
    <time>2024-09-04T20:42:18Z</time>
   </trkpt>
   <trkpt lat="49.2691910" lon="-123.2475670">
    <ele>95.2</ele>
    <time>2024-09-04T20:42:19Z</time>
   </trkpt>
   <trkpt lat="49.2692340" lon="-123.2476220">
    <ele>95.2</ele>
    <time>2024-09-04T20:42:20Z</time>
   </trkpt>
   <trkpt lat="49.2692700" lon="-123.2476890">
    <ele>95.0</ele>
    <time>2024-09-04T20:42:21Z</time>
   </trkpt>
   <trkpt lat="49.2693280" lon="-123.2477180">
    <ele>94.9</ele>
    <time>2024-09-04T20:42:22Z</time>
   </trkpt>
   <trkpt lat="49.2693830" lon="-123.2477440">
    <ele>94.9</ele>
    <time>2024-09-04T20:42:23Z</time>
   </trkpt>
   <trkpt lat="49.2694410" lon="-123.2477500">
    <ele>94.8</ele>
    <time>2024-09-04T20:42:24Z</time>
   </trkpt>
   <trkpt lat="49.2694860" lon="-123.2477540">
    <ele>94.8</ele>
    <time>2024-09-04T20:42:25Z</time>
   </trkpt>
   <trkpt lat="49.2695330" lon="-123.2477620">
    <ele>94.7</ele>
    <time>2024-09-04T20:42:26Z</time>
   </trkpt>
   <trkpt lat="49.2695820" lon="-123.2477670">
    <ele>94.7</ele>
    <time>2024-09-04T20:42:27Z</time>
   </trkpt>
   <trkpt lat="49.2696270" lon="-123.2477690">
    <ele>94.6</ele>
    <time>2024-09-04T20:42:28Z</time>
   </trkpt>
   <trkpt lat="49.2696710" lon="-123.2477760">
    <ele>94.6</ele>
    <time>2024-09-04T20:42:29Z</time>
   </trkpt>
   <trkpt lat="49.2697140" lon="-123.2477830">
    <ele>94.5</ele>
    <time>2024-09-04T20:42:30Z</time>
   </trkpt>
   <trkpt lat="49.2697570" lon="-123.2477860">
    <ele>94.4</ele>
    <time>2024-09-04T20:42:31Z</time>
   </trkpt>
   <trkpt lat="49.2697980" lon="-123.2477890">
    <ele>94.4</ele>
    <time>2024-09-04T20:42:32Z</time>
   </trkpt>
   <trkpt lat="49.2698390" lon="-123.2478020">
    <ele>94.4</ele>
    <time>2024-09-04T20:42:33Z</time>
   </trkpt>
   <trkpt lat="49.2698710" lon="-123.2478320">
    <ele>94.4</ele>
    <time>2024-09-04T20:42:34Z</time>
   </trkpt>
   <trkpt lat="49.2698810" lon="-123.2478980">
    <ele>94.4</ele>
    <time>2024-09-04T20:42:35Z</time>
   </trkpt>
   <trkpt lat="49.2698830" lon="-123.2479520">
    <ele>94.4</ele>
    <time>2024-09-04T20:42:36Z</time>
   </trkpt>
   <trkpt lat="49.2698840" lon="-123.2479960">
    <ele>94.4</ele>
    <time>2024-09-04T20:42:37Z</time>
   </trkpt>
   <trkpt lat="49.2698730" lon="-123.2480400">
    <ele>94.4</ele>
    <time>2024-09-04T20:42:38Z</time>
   </trkpt>
   <trkpt lat="49.2698650" lon="-123.2480880">
    <ele>94.4</ele>
    <time>2024-09-04T20:42:39Z</time>
   </trkpt>
   <trkpt lat="49.2698630" lon="-123.2481390">
    <ele>94.4</ele>
    <time>2024-09-04T20:42:40Z</time>
   </trkpt>
   <trkpt lat="49.2698560" lon="-123.2481890">
    <ele>94.4</ele>
    <time>2024-09-04T20:42:41Z</time>
   </trkpt>
   <trkpt lat="49.2698730" lon="-123.2482260">
    <ele>94.4</ele>
    <time>2024-09-04T20:42:42Z</time>
   </trkpt>
   <trkpt lat="49.2699080" lon="-123.2482390">
    <ele>94.3</ele>
    <time>2024-09-04T20:42:43Z</time>
   </trkpt>
   <trkpt lat="49.2699450" lon="-123.2482570">
    <ele>94.3</ele>
    <time>2024-09-04T20:42:44Z</time>
   </trkpt>
   <trkpt lat="49.2699570" lon="-123.2482620">
    <ele>94.3</ele>
    <time>2024-09-04T20:42:45Z</time>
   </trkpt>
   <trkpt lat="49.2699850" lon="-123.2482780">
    <ele>94.3</ele>
    <time>2024-09-04T20:42:46Z</time>
   </trkpt>
   <trkpt lat="49.2700210" lon="-123.2482730">
    <ele>94.3</ele>
    <time>2024-09-04T20:42:47Z</time>
   </trkpt>
   <trkpt lat="49.2700310" lon="-123.2482650">
    <ele>94.3</ele>
    <time>2024-09-04T20:42:48Z</time>
   </trkpt>
   <trkpt lat="49.2700470" lon="-123.2482230">
    <ele>94.3</ele>
    <time>2024-09-04T20:42:49Z</time>
   </trkpt>
   <trkpt lat="49.2700440" lon="-123.2481690">
    <ele>94.3</ele>
    <time>2024-09-04T20:42:50Z</time>
   </trkpt>
   <trkpt lat="49.2700420" lon="-123.2481550">
    <ele>94.3</ele>
    <time>2024-09-04T20:42:51Z</time>
   </trkpt>
   <trkpt lat="49.2700470" lon="-123.2481460">
    <ele>94.3</ele>
    <time>2024-09-04T20:42:52Z</time>
   </trkpt>
   <trkpt lat="49.2700470" lon="-123.2481590">
    <ele>94.3</ele>
    <time>2024-09-04T20:42:53Z</time>
   </trkpt>
   <trkpt lat="49.2700450" lon="-123.2481670">
    <ele>94.3</ele>
    <time>2024-09-04T20:42:54Z</time>
   </trkpt>
   <trkpt lat="49.2700470" lon="-123.2481720">
    <ele>94.3</ele>
    <time>2024-09-04T20:42:55Z</time>
   </trkpt>
   <trkpt lat="49.2700480" lon="-123.2481810">
    <ele>94.3</ele>
    <time>2024-09-04T20:42:56Z</time>
   </trkpt>
   <trkpt lat="49.2700480" lon="-123.2481840">
    <ele>94.3</ele>
    <time>2024-09-04T20:42:57Z</time>
   </trkpt>
   <trkpt lat="49.2700470" lon="-123.2482000">
    <ele>94.3</ele>
    <time>2024-09-04T20:42:58Z</time>
   </trkpt>
   <trkpt lat="49.2700510" lon="-123.2481930">
    <ele>94.3</ele>
    <time>2024-09-04T20:42:59Z</time>
   </trkpt>
   <trkpt lat="49.2700620" lon="-123.2481790">
    <ele>94.3</ele>
    <time>2024-09-04T20:43:00Z</time>
   </trkpt>
   <trkpt lat="49.2700620" lon="-123.2482100">
    <ele>94.3</ele>
    <time>2024-09-04T20:43:01Z</time>
   </trkpt>
   <trkpt lat="49.2700620" lon="-123.2482320">
    <ele>94.3</ele>
    <time>2024-09-04T20:43:02Z</time>
   </trkpt>
   <trkpt lat="49.2700640" lon="-123.2482390">
    <ele>94.3</ele>
    <time>2024-09-04T20:43:03Z</time>
   </trkpt>
   <trkpt lat="49.2700670" lon="-123.2482620">
    <ele>94.3</ele>
    <time>2024-09-04T20:43:04Z</time>
   </trkpt>
   <trkpt lat="49.2700660" lon="-123.2482730">
    <ele>94.3</ele>
    <time>2024-09-04T20:43:05Z</time>
   </trkpt>
   <trkpt lat="49.2700650" lon="-123.2482850">
    <ele>94.3</ele>
    <time>2024-09-04T20:43:06Z</time>
   </trkpt>
   <trkpt lat="49.2700640" lon="-123.2482960">
    <ele>94.2</ele>
    <time>2024-09-04T20:43:07Z</time>
   </trkpt>
   <trkpt lat="49.2700670" lon="-123.2482960">
    <ele>94.2</ele>
    <time>2024-09-04T20:43:08Z</time>
   </trkpt>
   <trkpt lat="49.2700650" lon="-123.2482880">
    <ele>94.2</ele>
    <time>2024-09-04T20:43:09Z</time>
   </trkpt>
   <trkpt lat="49.2700630" lon="-123.2482800">
    <ele>94.2</ele>
    <time>2024-09-04T20:43:10Z</time>
   </trkpt>
   <trkpt lat="49.2700610" lon="-123.2482720">
    <ele>94.2</ele>
    <time>2024-09-04T20:43:11Z</time>
   </trkpt>
   <trkpt lat="49.2700590" lon="-123.2482640">
    <ele>94.2</ele>
    <time>2024-09-04T20:43:12Z</time>
   </trkpt>
   <trkpt lat="49.2700580" lon="-123.2482560">
    <ele>94.2</ele>
    <time>2024-09-04T20:43:13Z</time>
   </trkpt>
   <trkpt lat="49.2700560" lon="-123.2482480">
    <ele>94.2</ele>
    <time>2024-09-04T20:43:14Z</time>
   </trkpt>
   <trkpt lat="49.2700540" lon="-123.2482390">
    <ele>94.2</ele>
    <time>2024-09-04T20:43:15Z</time>
   </trkpt>
   <trkpt lat="49.2700540" lon="-123.2482210">
    <ele>94.2</ele>
    <time>2024-09-04T20:43:16Z</time>
   </trkpt>
   <trkpt lat="49.2700590" lon="-123.2482220">
    <ele>94.2</ele>
    <time>2024-09-04T20:43:17Z</time>
   </trkpt>
   <trkpt lat="49.2700740" lon="-123.2482090">
    <ele>94.2</ele>
    <time>2024-09-04T20:43:18Z</time>
   </trkpt>
   <trkpt lat="49.2700770" lon="-123.2482110">
    <ele>94.2</ele>
    <time>2024-09-04T20:43:19Z</time>
   </trkpt>
   <trkpt lat="49.2700730" lon="-123.2482050">
    <ele>94.2</ele>
    <time>2024-09-04T20:43:20Z</time>
   </trkpt>
   <trkpt lat="49.2700750" lon="-123.2481980">
    <ele>94.2</ele>
    <time>2024-09-04T20:43:21Z</time>
   </trkpt>
   <trkpt lat="49.2700740" lon="-123.2481840">
    <ele>94.2</ele>
    <time>2024-09-04T20:43:22Z</time>
   </trkpt>
   <trkpt lat="49.2700740" lon="-123.2481720">
    <ele>94.2</ele>
    <time>2024-09-04T20:43:23Z</time>
   </trkpt>
   <trkpt lat="49.2700710" lon="-123.2481700">
    <ele>94.2</ele>
    <time>2024-09-04T20:43:24Z</time>
   </trkpt>
   <trkpt lat="49.2700680" lon="-123.2481870">
    <ele>94.2</ele>
    <time>2024-09-04T20:43:25Z</time>
   </trkpt>
  </trkseg>
 </trk>
</gpx>
